ros_time_s,Error_Distancia
1758472695.331884146,-0.060888
1758472695.430152893,-0.036133
1758472695.526119947,-0.078664
1758472695.628243923,-0.075783
1758472695.730651855,0.015892
1758472695.828532219,-0.064991
1758472696.014155865,-0.080427
1758472696.035834551,-0.019663
1758472696.125569105,0.012183
1758472696.228156090,-0.035665
1758472696.327188730,-0.071043
1758472696.429035425,-0.078526
1758472696.526622295,-0.073577
1758472696.623925924,-0.073584
1758472696.728641510,-0.069808
1758472696.828062057,-0.077301
1758472696.926025867,-0.077244
1758472697.026493788,-0.077643
1758472697.127846956,-0.079219
1758472697.227745533,-0.076066
1758472697.329902649,-0.081091
1758472697.427844286,-0.073666
1758472697.526703835,-0.064403
1758472697.626917839,-0.073819
1758472697.727872849,-0.070305
1758472697.830629349,-0.071218
1758472697.927822113,-0.079411
1758472698.027234793,-0.076463
1758472698.127267838,-0.070958
1758472698.228440762,-0.086244
1758472698.328421354,-0.079358
1758472698.428968668,-0.072447
1758472698.528011322,-0.086531
1758472698.627677679,-0.078715
1758472698.728267431,-0.066139
1758472698.829241514,-0.089897
1758472698.927577972,-0.069332
1758472699.027490377,-0.074295
1758472699.127873898,-0.079784
1758472699.228449106,-0.084324
1758472699.327524185,-0.074860
1758472699.429100275,-0.085611
1758472699.528822184,-0.068765
1758472699.627352476,-0.082702
1758472699.727786303,-0.075322
1758472699.827128887,-0.087893
1758472699.927314758,-0.065448
1758472700.028251886,-0.079509
1758472700.127903938,-0.090704
1758472700.228151560,-0.077553
1758472700.326965094,-0.076885
1758472700.426405191,-0.093285
1758472700.527613640,-0.082521
1758472700.628399611,-0.078829
1758472700.729995489,-0.076391
1758472700.826657534,-0.087375
1758472700.927617311,-0.077029
1758472701.026829720,-0.074590
1758472701.126819134,-0.083544
1758472701.228239059,-0.072349
1758472701.327141285,-0.066424
1758472701.426915407,-0.091344
1758472701.526678801,-0.063234
1758472701.628648043,-0.079198
1758472701.726905346,-0.076444
1758472701.826882839,-0.077835
1758472701.927306175,-0.072202
1758472702.026518345,-0.081977
1758472702.128496885,-0.053898
1758472702.227826834,-0.061433
1758472702.326612234,-0.081463
1758472702.427484512,-0.084439
1758472702.528040409,-0.063049
1758472702.627741337,-0.080089
1758472702.727364063,-0.076073
1758472702.827788830,-0.079658
1758472702.927719831,-0.064264
1758472703.028464556,-0.076791
1758472703.129340887,-0.070837
1758472703.226741314,-0.071649
1758472703.328706980,-0.065699
1758472703.428146124,-0.081783
1758472703.528299570,-0.081048
1758472703.628687859,-0.074625
1758472703.727372646,-0.062696
1758472703.829544783,-0.072341
1758472703.925166368,-0.079829
1758472704.028037786,-0.080873
1758472704.125987053,-0.033865
1758472704.227001905,-0.096652
1758472704.326754332,-0.084694
1758472704.426007271,-0.071919
1758472704.526986837,-0.043921
1758472704.626146317,-0.076835
1758472704.724529743,-0.077883
1758472704.825005770,-0.045920
1758472704.926515341,-0.080745
1758472705.027681112,-0.080083
1758472705.126376629,-0.059209
1758472705.226365328,-0.104607
1758472705.324442625,-0.084529
1758472705.428035498,-0.080069
1758472705.528701782,-0.069285
1758472705.626267195,-0.075718
1758472705.725270033,-0.042486
1758472705.826143742,-0.086107
1758472705.924626589,-0.083013
1758472706.026483774,-0.083879
1758472706.128334284,-0.092303
1758472706.227157593,-0.084753
1758472706.327016592,-0.065821
1758472706.427514076,-0.091921
1758472706.525926113,-0.075932
1758472706.624256849,-0.049274
1758472706.726023912,-0.029086
1758472706.825421572,-0.063371
1758472706.928185940,-0.052444
1758472707.025454283,-0.073203
1758472707.124492645,-0.053383
1758472707.228399754,-0.059001
1758472707.423452854,-0.057621
1758472707.526686907,-0.046895
1758472707.626873493,-0.060120
1758472707.727748156,-0.083597
1758472707.824420691,-0.070649
1758472707.926984787,-0.053684
1758472708.027547121,-0.088872
1758472708.124882698,-0.103635
1758472708.425700426,-0.109624
1758472708.726881981,-0.119425
1758472708.926559687,-0.113171
1758472709.028164387,-0.107142
1758472709.123489857,-0.120708
1758472709.223639011,-0.120580
1758472709.326358557,-0.115619
1758472709.426491737,-0.106257
1758472709.523546457,-0.129088
1758472709.625141621,-0.119515
1758472709.724920750,-0.136594
1758472710.125169516,-0.140023
1758472710.226458073,-0.119961
1758472710.723679781,-0.115122
1758472710.825047970,-0.129510
1758472711.223558187,-0.134169
1758472711.427956343,-0.144720
1758472711.524015427,-0.126200
1758472711.623501778,-0.132467
1758472711.722895622,-0.118118
1758472711.824232817,-0.127424
1758472711.925197363,-0.109866
1758472712.024844170,-0.097140
1758472712.123267651,-0.103433
1758472712.224028111,-0.098243
1758472712.323939323,-0.073734
1758472712.423654079,-0.099651
1758472712.524157524,-0.110468
1758472712.623544931,-0.090182
1758472712.722537756,-0.076901
1758472712.824568748,-0.094468
1758472712.924888372,-0.089859
1758472713.024008989,-0.079584
1758472713.123494864,-0.048042
1758472713.223380804,-0.062837
1758472713.322390318,-0.076878
1758472713.424976349,-0.039852
1758472713.523176670,-0.054555
1758472713.622106075,-0.052238
1758472713.721866846,-0.060525
1758472713.823154926,-0.088447
1758472713.924607277,-0.067881
1758472714.024220228,-0.086694
1758472714.123907566,-0.088013
1758472714.223467827,-0.100352
1758472714.321913719,-0.093149
1758472714.423185587,-0.086796
1758472714.523188591,-0.051306
1758472714.622632027,-0.092289
1758472714.722953796,-0.065379
1758472714.822542667,-0.088606
1758472714.923261404,-0.081326
1758472715.021144390,-0.062277
1758472715.121773005,-0.059059
1758472715.222860098,-0.081692
1758472715.323662519,-0.062424
1758472715.421050072,-0.126481
1758472715.521575212,-0.082794
1758472715.621913910,-0.094845
1758472715.723514080,-0.085385
1758472715.825002432,-0.046227
1758472715.922978640,-0.041856
1758472716.022643566,-0.046300
1758472716.122012377,-0.039386
1758472716.221166849,-0.047082
1758472716.323123455,-0.088339
1758472716.422690868,-0.033896
1758472716.521801233,-0.049880
1758472716.621887684,-0.027548
1758472716.721552849,-0.041753
1758472716.824150085,-0.032175
1758472717.022383451,-0.106764
1758472717.120772839,-0.108437
1758472717.321001530,-0.118174
1758472717.523613930,-0.109828
1758472717.621547699,-0.119914
1758472717.822056055,-0.118417
1758472717.921088934,-0.115742
1758472718.124448776,-0.114709
1758472718.222835302,-0.057342
1758472718.321249723,-0.065935
1758472718.422192574,-0.061513
1758472718.521641493,-0.029288
1758472718.622484207,-0.033558
1758472718.723803759,-0.061372
1758472718.824729204,-0.014061
1758472718.921192408,-0.041605
1758472719.022230387,-0.037119
1758472719.120976925,-0.031664
1758472719.223314762,-0.040956
1758472719.324779272,-0.022313
1758472719.423968554,-0.053973
1758472719.521197557,-0.067345
1758472719.622059345,-0.013329
1758472719.723780394,-0.011775
1758472719.825317860,-0.008944
1758472719.923931837,0.007102
1758472720.029337168,0.000459
1758472720.127500057,-0.002160
1758472720.225885153,-0.009452
1758472720.322034121,-0.007496
1758472720.425400972,0.006396
1758472720.528452873,-0.005633
1758472720.629110098,-0.002634
1758472720.721904993,-0.016505
1758472720.829427481,0.001945
1758472720.922602177,-0.013144
1758472721.029787064,-0.005368
1758472721.128400564,-0.007443
1758472721.230875254,0.001284
1758472721.327104330,-0.010238
1758472721.423837662,-0.012821
1758472721.523017168,-0.022739
1758472721.631778479,-0.005019
1758472721.726223469,-0.009933
1758472721.822982550,-0.026398
1758472721.931586027,0.000119
1758472722.025878191,-0.007988
1758472722.125541210,-0.015155
1758472722.223819971,-0.032728
1758472722.329569817,-0.002655
1758472722.423527479,-0.017200
1758472722.530736685,-0.002274
1758472722.625215054,-0.036299
1758472722.724044323,-0.046961
1758472722.824514627,0.028659
1758472722.922670841,-0.021419
1758472723.025461435,-0.043270
1758472723.124034882,-0.036253
1758472723.223491907,-0.031559
1758472723.326335907,-0.041717
1758472723.425372601,-0.019651
1758472723.524286509,-0.036131
1758472723.625991821,0.007908
1758472723.723333359,-0.038918
1758472723.825035572,-0.032624
1758472723.925629377,-0.021445
1758472724.025393724,-0.012214
1758472724.123798609,-0.026047
1758472724.232856989,-0.000614
1758472724.323497534,-0.051522
1758472724.426347971,-0.038174
1758472724.525619030,-0.036883
1758472724.627315760,-0.017662
1758472724.724060059,-0.047169
1758472724.825268984,-0.046885
1758472724.925778866,-0.037085
1758472725.025565624,-0.058426
1758472725.135774136,0.049087
1758472725.224743605,0.099866
1758472725.324646950,-0.024836
1758472725.426472187,-0.051613
1758472725.523804188,0.042408
1758472725.628686190,0.104268
1758472725.724691153,0.041103
1758472725.824707508,-0.028557
1758472725.926928759,0.057491
1758472726.027595758,-0.061722
1758472726.126386404,-0.038804
1758472726.225175142,0.055331
1758472726.325618982,0.037605
1758472726.426557541,-0.048109
1758472726.524415731,-0.051612
1758472726.626902580,-0.019651
1758472726.726342678,-0.021796
1758472726.825717449,0.035976
1758472726.926998377,-0.015508
1758472727.026241064,-0.026010
1758472727.126982689,-0.030485
1758472727.226235390,0.056518
1758472727.326028824,-0.017682
1758472727.427294731,-0.020486
1758472727.528828144,0.007262
1758472727.626169443,-0.027157
1758472727.727974653,0.010039
1758472727.827945709,-0.047020
1758472727.926787853,-0.021482
1758472728.025969505,-0.023179
1758472728.129117012,-0.007064
1758472728.221574068,-0.024964
1758472728.329381466,-0.048503
1758472728.427538633,-0.015876
1758472728.527351618,0.033231
1758472728.626816750,-0.053043
1758472728.726005077,0.039138
1758472728.828485727,0.093636
1758472728.927031517,0.053435
1758472729.026129246,0.040169
1758472729.127402782,0.111003
1758472729.227612734,0.032347
1758472729.327999830,0.023645
1758472729.427249670,0.038339
1758472729.530059576,0.008101
1758472729.628306866,-0.044645
1758472729.727991343,-0.024639
1758472729.829276562,0.029399
1758472729.927753925,0.052998
1758472730.027551651,-0.049154
1758472730.127157211,-0.043895
1758472730.228975773,-0.028142
1758472730.327615499,-0.018588
1758472730.427912235,-0.055362
1758472730.535391092,0.001131
1758472730.627620697,-0.027345
1758472730.729942560,-0.051235
1758472730.827870131,-0.029527
1758472730.926635981,-0.019071
1758472731.034162760,0.002390
1758472731.130742073,0.006568
1758472731.229451895,-0.042567
1758472731.327314377,-0.055212
1758472731.434684992,-0.003537
1758472731.529001951,-0.041899
1758472731.627424717,-0.028683
1758472731.729340315,-0.061287
1758472731.827219963,-0.028200
1758472731.928705931,-0.066383
1758472732.028315067,-0.035358
1758472732.128298283,-0.029025
1758472732.227195978,-0.021431
1758472732.327250719,-0.065713
1758472732.434522867,-0.003495
1758472732.527713060,-0.074753
1758472732.628577232,-0.031788
1758472732.728574991,-0.062138
1758472732.828030348,-0.026230
1758472732.928006411,-0.068262
1758472733.027755976,-0.040732
1758472733.129498959,-0.070501
1758472733.226882219,-0.070683
1758472733.327453375,-0.052073
1758472733.427441120,-0.016626
1758472733.527052402,-0.079333
1758472733.629933119,-0.052841
1758472733.726498365,-0.050378
1758472733.831209183,-0.078633
1758472733.927341938,-0.053569
1758472734.028839350,-0.063023
1758472734.128492594,-0.068041
1758472734.228558064,-0.058022
1758472734.326771259,-0.058316
1758472734.427657843,-0.063412
1758472734.528777838,-0.061340
1758472734.630537748,-0.090744
1758472734.726928711,-0.091939
1758472734.828119755,-0.067080
1758472734.929810524,-0.063484
1758472735.029316664,-0.062645
1758472735.126527786,-0.078368
1758472735.227017403,-0.033949
1758472735.328557730,-0.068859
1758472735.430042267,-0.078234
1758472735.530109406,-0.068925
1758472735.628870726,-0.072305
1758472735.727745533,-0.079692
1758472735.828418493,-0.079229
1758472735.927525997,-0.075116
1758472736.028400660,-0.074914
1758472736.127905130,-0.078556
1758472736.226903200,-0.051020
1758472736.327801943,-0.074473
1758472736.428473949,-0.079553
1758472736.529345512,-0.072509
1758472736.628348589,-0.084396
1758472736.726717472,-0.072467
1758472736.827848673,-0.082303
1758472736.927342176,-0.077170
1758472737.029007673,-0.079705
1758472737.127376795,-0.089633
1758472737.229903221,-0.085034
1758472737.328169107,-0.086337
1758472737.430529118,-0.082024
1758472737.526809692,-0.084101
1758472737.628372669,-0.085546
1758472737.729245663,-0.085385
1758472737.827922583,-0.093041
1758472737.925415516,-0.084370
1758472738.027952433,0.052284
1758472738.127629995,-0.055384
1758472738.231449127,-0.091051
1758472738.327980042,-0.088730
1758472738.428819656,-0.118375
1758472738.528355598,-0.111997
1758472738.629694939,-0.095321
1758472738.727607965,-0.080994
1758472738.826995850,-0.082085
1758472738.929239511,-0.134477
1758472739.026795626,-0.083296
1758472739.128474712,-0.123467
1758472739.228826523,-0.090001
1758472739.328856945,-0.048315
1758472739.429951668,-0.144510
1758472739.528811693,-0.091796
1758472739.627243280,-0.099648
1758472739.728518248,-0.095080
1758472739.827533007,-0.092925
1758472740.025676489,-0.146972
1758472740.128144741,-0.053035
1758472740.527024031,0.044469
1758472740.628761768,0.017166
1758472740.729583979,-0.056735
1758472741.128894806,-0.067818
1758472741.228970051,-0.102362
1758472741.328268051,-0.223315
1758472741.427913904,-0.116439
1758472741.529443741,-0.096129
1758472741.728752613,-0.108375
1758472741.827582121,-0.099075
1758472742.027543783,0.040166
1758472742.127328873,-0.037587
1758472742.429831743,-0.110813
1758472742.628494501,0.028309
1758472742.726259232,-0.089461
1758472742.826695204,-0.033364
1758472742.930916071,0.009472
1758472743.030012369,-0.122731
1758472743.128091335,0.018988
1758472743.228541851,0.046566
1758472743.327790022,0.034814
1758472743.429856777,-0.125996
1758472743.527175188,-0.105058
1758472743.628384113,0.044455
1758472743.728224039,-0.094334
1758472743.827048540,-0.040867
1758472743.928662062,-0.060543
1758472744.027952194,-0.092381
1758472744.127428293,-0.094472
1758472744.228541374,-0.080640
1758472744.328403473,-0.087148
1758472744.428238869,-0.110482
1758472744.526588202,-0.083217
1758472744.628411055,-0.087435
1758472744.726975441,-0.119856
1758472744.827697039,-0.055613
1758472744.930957556,-0.086310
1758472745.028353930,-0.125726
1758472745.127450705,0.041134
1758472745.228245735,-0.142538
1758472745.328104734,-0.133302
1758472745.428203821,-0.156286
1758472745.528770447,-0.096445
1758472745.627563953,-0.162173
1758472745.728132963,-0.129572
1758472745.827722788,-0.100343
1758472745.926891088,-0.071977
1758472746.027351379,-0.128981
1758472746.126554728,-0.172704
1758472746.226554632,-0.109772
1758472746.326962709,-0.084269
1758472746.428421974,-0.180577
1758472746.525304079,-0.080422
1758472746.625951052,-0.166695
1758472746.727061510,-0.102745
1758472746.828383446,-0.087235
1758472746.926125765,-0.096866
1758472747.027397871,-0.091418
1758472747.125791550,-0.117519
1758472747.226522446,-0.180971
1758472747.328201771,-0.199929
1758472747.427457094,-0.085633
1758472747.528160334,-0.192840
1758472747.626256466,-0.174781
1758472747.726187468,-0.089428
1758472747.827868700,-0.084784
1758472747.924448252,-0.184781
1758472748.026516676,-0.083952
1758472748.127326012,-0.095439
1758472748.228550196,-0.124702
1758472748.326626301,-0.187391
1758472748.426845551,-0.098710
1758472748.526398182,-0.197760
1758472748.627033949,-0.194110
1758472748.727913618,-0.160714
1758472748.827835560,-0.104940
1758472748.927003622,-0.203406
1758472749.026588440,-0.059391
1758472749.127507687,-0.209227
1758472749.228106976,-0.196285
1758472749.326431036,-0.059406
1758472749.426970720,-0.063207
1758472749.526612043,-0.202372
1758472749.626589298,-0.140060
1758472749.727224350,-0.048362
1758472749.826834917,-0.037220
1758472750.026095152,-0.198713
1758472750.127802610,-0.095425
1758472750.227025747,-0.207062
1758472750.327755690,-0.201432
1758472750.425239801,-0.158837
1758472750.525539160,-0.141760
1758472750.625548840,-0.172794
1758472750.730668306,-0.010481
1758472750.827543497,-0.207182
1758472750.926693916,-0.220439
1758472751.025167942,-0.114681
1758472751.126040459,-0.151199
1758472751.226598740,-0.133990
1758472751.326362848,-0.171403
1758472751.426157713,-0.123213
1758472751.526130438,-0.157178
1758472751.625236273,-0.214466
1758472751.727206230,-0.109939
1758472751.826356173,-0.121499
1758472751.927855968,-0.178483
1758472752.024874449,-0.123627
1758472752.124731302,-0.245261
1758472752.227053881,-0.223144
1758472752.325905561,-0.157428
1758472752.427517176,-0.233037
1758472752.527252913,-0.152871
1758472752.625474215,-0.148438
1758472752.726931572,-0.080994
1758472752.824949503,-0.069735
1758472752.927886009,-0.045644
1758472753.024581909,-0.070424
1758472753.125950575,-0.081099
1758472753.224654913,-0.074134
1758472753.324829102,-0.058313
1758472753.426455975,-0.073630
1758472753.524591208,-0.064702
1758472753.625790834,-0.077132
1758472753.725768566,-0.088916
1758472753.824377537,-0.078593
1758472753.926226139,-0.069039
1758472754.024400711,-0.097531
1758472754.127741098,-0.108347
1758472754.225013256,-0.090272
1758472754.324007750,-0.070491
1758472754.425485849,-0.088883
1758472754.523947716,-0.085501
1758472754.623651028,-0.080193
1758472754.725197554,-0.050980
1758472754.824624538,-0.063917
1758472754.923552275,-0.122285
1758472755.025629997,-0.093326
1758472755.127219915,-0.086365
1758472755.225465059,-0.071369
1758472755.325890779,-0.131054
1758472755.424239874,-0.072315
1758472755.527737617,-0.112833
1758472755.623446465,-0.092583
1758472755.723055601,-0.090022
1758472755.824829102,-0.111663
1758472755.925219297,-0.145052
1758472756.025266409,-0.104517
1758472756.123136997,-0.095826
1758472756.225625515,-0.082144
1758472756.323905706,-0.102579
1758472756.424302101,-0.107085
1758472756.524851084,-0.079883
1758472756.624250650,-0.135717
1758472756.725718260,-0.058352
1758472756.822787046,-0.063730
1758472756.922940493,-0.055154
1758472757.024558306,-0.135455
1758472757.122964144,-0.265155
1758472757.222613335,-0.260417
1758472757.324413776,-0.153504
1758472757.425566912,-0.236619
1758472757.524517536,-0.269703
1758472757.722336531,-0.216389
1758472757.822161913,-0.252604
1758472757.923619747,-0.118584
1758472758.023291826,-0.121863
1758472758.122354031,-0.265899
1758472758.222356796,-0.255211
1758472758.320879698,-0.190663
1758472758.424985647,-0.138256
1758472758.522819042,-0.151834
1758472758.623745680,-0.150687
1758472758.722557783,-0.176822
1758472758.823184490,-0.143339
1758472758.922027588,-0.146499
1758472759.022988558,-0.148343
1758472759.122199059,-0.160079
1758472759.221704006,-0.116814
1758472759.321807861,-0.136112
1758472759.424713135,-0.156618
1758472759.525215626,-0.050397
1758472759.621928215,-0.143145
1758472759.722311258,-0.233194
1758472759.822872400,-0.031208
1758472759.921834230,-0.135101
1758472760.025840521,-0.043891
1758472760.123554707,-0.011416
1758472760.227027178,-0.007182
1758472760.321780443,0.032888
1758472760.423696995,0.124323
1758472760.520881176,0.064639
1758472760.622896433,-0.048208
1758472760.720093250,-0.065325
1758472760.823457241,-0.108264
1758472760.921444416,-0.182516
1758472761.028892994,0.005501
1758472761.121512413,0.039632
1758472761.221642733,-0.051219
1758472761.319684982,-0.165247
1758472761.422112465,-0.055049
1758472761.521574259,-0.146516
1758472761.620409489,-0.072986
1758472761.723322392,-0.006441
1758472761.823197842,0.023017
1758472761.929060936,0.035449
1758472762.019723177,0.042665
1758472762.121203661,0.083041
1758472762.220325470,0.053038
1758472762.323962450,-0.010005
1758472762.425828457,-0.044025
1758472762.521198750,-0.062690
1758472762.627942801,0.001822
1758472762.719794512,-0.155911
1758472762.824349165,-0.185427
1758472762.922105789,-0.169389
1758472763.022126436,-0.173862
1758472763.122643948,-0.166589
1758472763.220821142,-0.195216
1758472763.324163675,-0.198096
1758472763.423399448,-0.187201
1758472763.522377968,-0.180920
1758472763.622236252,-0.180648
1758472763.723704338,-0.184489
1758472763.824305773,-0.193229
1758472763.921305656,-0.216153
1758472764.021411657,-0.201100
1758472764.123951197,-0.190253
1758472764.220601320,-0.180250
1758472764.322748899,-0.214877
1758472764.421181917,-0.205129
1758472764.521331549,-0.206161
1758472764.621182919,-0.205656
1758472764.723187208,-0.207252
1758472764.823778391,-0.213584
1758472764.921649218,-0.188172
1758472765.021757126,-0.181140
1758472765.121572256,-0.198369
1758472765.225783825,-0.202569
1758472765.322246552,-0.191615
1758472765.422345877,-0.176521
1758472765.524237871,-0.208800
1758472765.622887135,-0.212438
1758472765.725868940,-0.206327
1758472765.823386431,-0.210482
1758472765.921902180,-0.168066
1758472766.021912813,-0.208463
1758472766.122966766,-0.205235
1758472766.226437330,-0.220347
1758472766.324004889,-0.204532
1758472766.423908234,-0.206354
1758472766.523093939,-0.215103
1758472766.623466969,-0.236450
1758472766.725589275,-0.216071
1758472766.822938204,-0.192430
1758472766.923327208,-0.196598
1758472767.026428699,-0.218239
1758472767.123669147,-0.217149
1758472767.225167990,-0.219011
1758472767.324469090,-0.214731
1758472767.423824787,-0.207585
1758472767.522904396,-0.204760
1758472767.623322487,-0.222809
1758472767.724322081,-0.222835
1758472767.826150894,-0.199320
1758472767.923386574,-0.240089
1758472768.024614096,-0.229718
1758472768.124851227,-0.164305
1758472768.223167658,-0.264627
1758472768.323543310,-0.246433
1758472768.423148870,-0.262841
1758472768.524175644,-0.202120
1758472768.726101398,-0.335973
1758472768.923847914,-0.294578
1758472769.026107073,-0.289880
1758472769.124501705,-0.303117
1758472769.225180626,-0.240607
1758472769.324780941,-0.242600
1758472769.423589468,-0.271178
1758472769.524048328,-0.305343
1758472769.624993563,-0.246829
1758472769.724842072,-0.258690
1758472769.825977087,-0.221342
1758472769.923783779,-0.276326
1758472770.026218653,-0.212275
1758472770.125324965,-0.229491
1758472770.226634026,-0.218570
1758472770.324953794,-0.312410
1758472770.425521851,-0.255508
1758472770.624890327,-0.265407
1758472770.725466728,-0.290601
1758472770.826616764,-0.217618
1758472770.925621033,-0.217897
1758472771.024646044,-0.216138
1758472771.128267527,-0.228009
1758472771.226251602,-0.228748
1758472771.327686310,-0.240367
1758472771.427024603,-0.236240
1758472771.525832891,-0.225028
1758472771.625479698,-0.221185
1758472771.725807667,-0.237622
1758472771.826683760,-0.232531
1758472771.926402092,-0.233512
1758472772.027023554,-0.230119
1758472772.125796795,-0.263846
1758472772.226975679,-0.264951
1758472772.327973366,-0.250923
1758472772.427047014,-0.248460
1758472772.527623892,-0.275837
1758472772.626496792,-0.283064
1758472772.729945421,-0.278238
1758472772.828545809,-0.253206
1758472772.926424980,-0.257108
1758472773.025433540,-0.282680
1758472773.127440691,-0.279865
1758472773.228332758,-0.275993
1758472773.327187538,-0.291465
1758472773.427151203,-0.287159
1758472773.526734829,-0.110139
1758472773.627174377,-0.292698
1758472773.728591204,-0.297056
1758472773.827206135,-0.296794
1758472773.927404881,-0.299155
1758472774.028055191,-0.287313
1758472774.126873255,-0.286246
1758472774.228296041,-0.296262
1758472774.327696562,-0.292910
1758472774.427325726,-0.303003
1758472774.527034998,-0.281229
1758472774.627161503,-0.295762
1758472774.728862524,-0.299072
1758472774.827210903,-0.294894
1758472774.928045273,-0.311066
1758472775.026346684,-0.310171
1758472775.129083872,-0.322668
1758472775.227685690,-0.297038
1758472775.326691866,-0.336408
1758472775.427469492,-0.364891
1758472775.529172659,-0.314159
1758472775.629618883,-0.294266
1758472775.727402925,-0.305209
1758472775.833419561,-0.304801
1758472775.927307367,-0.301618
1758472776.029028416,-0.300735
1758472776.128491163,-0.290735
1758472776.228894472,-0.367517
1758472776.327361107,-0.315214
1758472776.428082466,-0.294025
1758472776.527858496,-0.359239
1758472776.627888203,-0.330486
1758472776.728837967,-0.318923
1758472776.829008341,-0.301568
1758472776.928046227,-0.315423
1758472777.028185844,-0.287223
1758472777.128489256,-0.294217
1758472777.227944613,-0.316443
1758472777.326931000,-0.317934
1758472777.427762985,-0.321904
1758472777.529317617,-0.317903
1758472777.627238989,-0.321252
1758472777.727241993,-0.310744
1758472777.827245474,-0.320573
1758472777.927623987,-0.323119
1758472778.027841091,-0.317620
1758472778.126834154,-0.321301
1758472778.227232695,-0.347082
1758472778.328179598,-0.329409
1758472778.427311182,-0.313228
1758472778.528260946,-0.309498
1758472778.628458261,-0.291315
1758472778.728083372,-0.313730
1758472778.827676535,-0.354290
1758472778.928321123,-0.340243
1758472779.028268576,-0.315206
1758472779.128719807,-0.287573
1758472779.224953651,-0.352016
1758472779.327191353,-0.301006
1758472779.527222633,-0.279121
1758472779.629161358,-0.288317
1758472779.727957010,-0.356421
1758472779.827451229,-0.303101
1758472779.926459312,-0.301704
1758472780.029358864,-0.286441
1758472780.128259182,-0.354904
1758472780.228755713,-0.301478
1758472780.329212189,-0.317400
1758472780.429641485,-0.299111
1758472780.529496431,-0.347056
1758472780.627315521,-0.307388
1758472780.728577852,-0.309309
1758472780.828752041,-0.282623
1758472780.927866697,-0.316003
1758472781.145138979,-0.322985
1758472781.166944981,-0.304125
1758472781.227924585,-0.305658
1758472781.328159571,-0.306547
1758472781.427038431,-0.295333
1758472781.528666258,-0.318165
1758472781.627759933,-0.313810
1758472781.728486061,-0.321577
1758472781.828324080,-0.314128
1758472781.928101063,-0.304418
1758472782.028349876,-0.323723
1758472782.127817392,-0.298400
1758472782.227653265,-0.319849
1758472782.328665972,-0.320674
1758472782.429761171,-0.307627
1758472782.528337479,-0.327337
1758472782.627636433,-0.323297
1758472782.727573872,-0.325414
1758472782.827662230,-0.309899
1758472782.929052591,-0.300897
1758472783.029796600,-0.331328
1758472783.126840115,-0.324982
1758472783.228127956,-0.322002
1758472783.328262568,-0.308693
1758472783.428641558,-0.327669
1758472783.528017998,-0.353953
1758472783.622322083,-0.341051
1758472783.726887703,-0.333066
1758472783.828914881,-0.366339
1758472783.929057598,-0.320591
1758472784.028828621,-0.343261
1758472784.127006769,-0.343715
1758472784.227518320,-0.341530
1758472784.327946663,-0.342187
1758472784.427910328,-0.329453
1758472784.528183222,-0.339208
1758472784.626446962,-0.329885
1758472784.727408648,-0.342216
1758472784.828340054,-0.339953
1758472784.929101706,-0.332710
1758472785.028726578,-0.345403
1758472785.126337051,-0.338042
1758472785.228795052,-0.320676
1758472785.326583862,-0.340214
1758472785.428796768,-0.343666
1758472785.528321028,-0.354495
1758472785.626444340,-0.401907
1758472785.726319551,-0.371609
1758472785.828916550,-0.342927
1758472785.926922560,-0.290778
1758472786.028938770,-0.330809
1758472786.128188372,-0.340563
1758472786.227704763,-0.334776
1758472786.328055382,-0.333645
1758472786.428174257,-0.361039
1758472786.527333736,-0.341454
1758472786.625503778,-0.319742
1758472786.726253271,-0.322000
1758472786.829867363,-0.333023
1758472786.927546024,-0.404166
1758472787.027716160,-0.413494
1758472787.128063202,-0.336401
1758472787.228441715,-0.362880
1758472787.328979015,-0.351004
1758472787.429341078,-0.325913
1758472787.527452230,-0.325931
1758472787.626945496,-0.377744
1758472787.727041245,-0.339917
1758472787.930110455,-0.397183
1758472788.028307438,-0.379726
1758472788.127007723,-0.367160
1758472788.226107121,-0.319940
1758472788.329994678,-0.381410
1758472788.428115129,-0.392277
1758472788.529045343,-0.384795
1758472788.627459526,-0.275728
1758472788.726947546,-0.391831
1758472788.829463959,-0.397218
1758472788.929333210,-0.389273
1758472789.026328325,-0.403773
1758472789.126719952,-0.383119
1758472789.227230549,-0.385121
1758472789.327373981,-0.379348
1758472789.527166605,-0.393077
1758472789.627618313,-0.383186
1758472789.728155851,-0.369936
1758472789.828361034,-0.389133
1758472789.927932978,-0.373602
1758472790.027026415,-0.396684
1758472790.125783920,-0.393654
1758472790.227899075,-0.383862
1758472790.328047037,-0.367875
1758472790.427604914,-0.385548
1758472790.526409388,-0.387562
1758472790.628779888,-0.395570
1758472790.727131844,-0.410726
1758472790.830537558,-0.380342
1758472790.927895546,-0.392295
1758472791.027168989,-0.382186
1758472791.127436876,-0.380469
1758472791.225188255,-0.388500
1758472791.326361179,-0.378944
1758472791.427627802,-0.383979
1758472791.524860620,-0.409668
1758472791.625378132,-0.379898
1758472791.727626324,-0.377541
1758472791.828601122,-0.387033
1758472791.924289465,-0.389302
1758472792.026311874,-0.389716
1758472792.125593424,-0.386781
1758472792.228263378,-0.394686
1758472792.328599215,-0.409783
1758472792.425980091,-0.373500
1758472792.526359558,-0.384259
1758472792.628645897,-0.384930
1758472792.728124857,-0.384699
1758472792.827617168,-0.387730
1758472792.927467585,-0.385651
1758472793.029037714,-0.377895
1758472793.127662659,-0.398620
1758472793.226168871,-0.397492
1758472793.327623606,-0.404566
1758472793.427429676,-0.375631
1758472793.525270224,-0.398893
1758472793.626471996,-0.389768
1758472793.728988171,-0.407539
1758472793.830778122,-0.389836
1758472793.927417994,-0.386706
1758472794.026313543,-0.390361
1758472794.226065159,-0.385379
1758472794.329731226,-0.383717
1758472794.428192854,-0.387641
1758472794.525264025,-0.391233
1758472794.625541449,-0.387552
1758472794.727970839,-0.386576
1758472794.827830315,-0.386505
1758472794.927654982,-0.398229
1758472795.024917603,-0.375391
1758472795.124143362,-0.381511
1758472795.225662470,-0.381236
1758472795.428286552,-0.378567
1758472795.526138544,-0.387855
1758472795.626571894,-0.389332
1758472795.727920055,-0.388641
1758472795.828006029,-0.370093
1758472795.925857067,-0.379611
1758472796.024915457,-0.381961
1758472796.126108646,-0.386417
1758472796.325529575,-0.373462
1758472796.426758766,-0.390466
1758472796.524584293,-0.387684
1758472796.628880739,-0.410047
1758472796.725604534,-0.381848
1758472796.826593876,-0.379025
1758472796.928548336,-0.378176
1758472797.125520706,-0.372346
1758472797.227475882,-0.375654
1758472797.325240135,-0.382698
1758472797.427606106,-0.386789
1758472797.525209427,-0.370832
1758472797.626932621,-0.380107
1758472797.724774599,-0.396946
1758472797.824284554,-0.383737
1758472797.924372196,-0.392905
1758472798.124669790,-0.377011
1758472798.423288107,-0.373809
1758472798.524795294,-0.373585
1758472798.623866558,-0.373798
1758472798.726409912,-0.374323
1758472798.822648525,-0.349004
1758472798.925423622,-0.385629
1758472799.024233818,-0.387599
1758472799.124650717,-0.337210
1758472799.225734472,-0.368177
1758472799.424479246,-0.321864
1758472799.523597002,-0.242907
1758472799.624744654,-0.326630
1758472799.725392818,-0.370292
1758472799.824913740,-0.388412
1758472799.923939228,-0.375121
1758472800.225925446,-0.322748
1758472800.324514627,-0.360551
1758472800.438541174,-0.365537
1758472800.523037195,-0.381782
1758472800.623527050,-0.373823
1758472800.723384142,-0.374994
1758472800.821915627,-0.402180
1758472800.924149275,-0.378602
1758472801.023091793,-0.370335
1758472801.124985456,-0.330239
1758472801.223850965,-0.388975
1758472801.425732136,-0.379705
1758472801.525561333,-0.373061
1758472801.723727942,-0.365747
1758472801.825396776,-0.372369
1758472802.022846937,-0.365501
1758472802.125259161,-0.370831
1758472802.323187351,-0.377838
1758472802.422516823,-0.363811
1758472802.522644520,-0.364031
1758472802.623107910,-0.359418
1758472802.823996305,-0.361294
1758472803.124400616,-0.367701
1758472803.221709490,-0.362894
1758472803.523372889,-0.360468
1758472803.720805883,-0.361678
1758472803.823212385,-0.360892
1758472803.921649933,-0.357158
1758472804.020193100,-0.357859
1758472804.221371174,-0.360968
1758472804.323978186,-0.355109
1758472804.424355984,-0.353085
1758472804.522636890,-0.352818
1758472804.623389006,-0.358031
1758472804.823720694,-0.353483
1758472804.919934988,-0.353569
1758472805.123003721,-0.357408
1758472805.221280813,-0.344916
1758472805.321177483,-0.346624
1758472805.423016310,-0.349550
1758472805.622273684,-0.348075
1758472805.720736980,-0.347552
1758472805.821677923,-0.340816
1758472806.620301723,-0.339432
1758472808.524780273,-0.334694
1758472808.925087214,-0.325209
1758472809.023285389,-0.323642
1758472809.123973370,-0.324067
1758472809.221604347,-0.336666
1758472809.321539402,-0.321554
1758472809.424496412,-0.324065
1758472809.523683310,-0.320900
1758472809.622327805,-0.323237
1758472809.723899841,-0.324538
1758472809.823101282,-0.314092
1758472809.924964905,-0.316817
1758472810.024160624,-0.317594
1758472810.124101162,-0.320790
1758472810.223850250,-0.311712
1758472810.323911190,-0.315723
1758472810.424837828,-0.315872
1758472810.524279118,-0.323162
1758472810.624886990,-0.310499
1758472810.723616362,-0.308146
1758472810.824158430,-0.305895
1758472810.923771858,-0.312347
1758472811.024028301,-0.315344
1758472811.123610020,-0.308606
1758472811.224304199,-0.318742
1758472811.325199842,-0.299983
1758472811.423996687,-0.301697
1758472811.524930000,-0.302052
1758472811.623532295,-0.303760
1758472811.723885536,-0.301156
1758472811.825237751,-0.311031
1758472811.922178507,-0.309497
1758472812.024783611,-0.300596
1758472812.123775005,-0.298505
1758472812.224309683,-0.301189
1758472812.324342966,-0.295620
1758472812.425262690,-0.296584
1758472812.525506020,-0.300197
1758472812.623990297,-0.300953
1758472812.724107265,-0.289483
1758472812.825467587,-0.293620
1758472812.925572872,-0.286122
1758472813.026368618,-0.292454
1758472813.126656294,-0.288424
1758472813.227635622,-0.288786
1758472813.324931145,-0.296546
1758472813.425337076,-0.284663
1758472813.525665522,-0.286125
1758472813.626478434,-0.290839
1758472813.725271463,-0.282610
1758472813.824043274,-0.290489
1758472813.925282717,-0.292918
1758472814.024148941,-0.280836
1758472814.122733593,-0.283550
1758472814.225807905,-0.283765
1758472814.323701620,-0.271534
1758472814.424976587,-0.273219
1758472814.524543524,-0.270665
1758472814.624551535,-0.277143
1758472814.726420164,-0.273052
1758472814.825845718,-0.277907
1758472814.928032398,-0.273771
1758472815.025028706,-0.276583
1758472815.123809099,-0.248367
1758472815.226397991,-0.267665
1758472815.325000525,-0.278607
1758472815.425702333,-0.276660
1758472815.524599791,-0.254543
1758472815.626584768,-0.250280
1758472815.728417635,-0.264429
1758472815.926122427,-0.275438
1758472816.025425434,-0.267014
1758472816.126904488,-0.265748
1758472816.229179144,-0.267285
1758472816.325358868,-0.256110
1758472816.427448511,-0.260789
1758472816.526856899,-0.260079
1758472816.627281666,-0.260304
1758472816.729768753,-0.259535
1758472816.827237368,-0.258893
1758472816.928639889,-0.266546
1758472817.025791168,-0.262663
1758472817.125932217,-0.251725
1758472817.229187012,-0.255022
1758472817.326977730,-0.251429
1758472817.427916765,-0.252099
1758472817.528573990,-0.259613
1758472817.625962257,-0.247546
1758472817.728609800,-0.246897
1758472817.829650879,-0.247981
1758472817.926507235,-0.234457
1758472818.028160572,-0.222386
1758472818.127933264,-0.252721
1758472818.227246761,-0.226386
1758472818.328690767,-0.214705
1758472818.428569078,-0.159092
1758472818.528290272,-0.221365
1758472818.629127502,-0.240031
1758472818.728111506,-0.225668
1758472818.829372168,-0.209990
1758472818.928143501,-0.222279
1758472819.028964758,-0.235332
1758472819.130864859,-0.188638
1758472819.227296591,-0.195486
1758472819.328771114,-0.205640
1758472819.428912878,-0.213631
1758472819.528116941,-0.236886
1758472819.629545927,-0.204753
1758472819.727621555,-0.186494
1758472819.827415228,-0.144949
1758472819.929344654,-0.232614
1758472820.027559280,-0.201216
1758472820.129471779,-0.186986
1758472820.227518559,-0.147359
1758472820.329047203,-0.164330
1758472820.427217484,-0.201126
1758472820.529132843,-0.195643
1758472820.626938105,-0.185220
1758472820.726220846,-0.224761
1758472820.828664541,-0.199518
1758472820.929487944,-0.183718
1758472821.029692888,-0.168311
1758472821.128939152,-0.179432
1758472821.227094412,-0.218785
1758472821.328795195,-0.186988
1758472821.429491758,-0.179182
1758472821.529178143,-0.201970
1758472821.627829790,-0.197619
1758472821.729825735,-0.167291
1758472821.827057362,-0.144840
1758472821.928953886,-0.180085
1758472822.028769493,-0.179582
1758472822.227192879,-0.194333
1758472822.326883078,-0.151410
1758472822.429092884,-0.200640
1758472822.529170513,-0.202772
1758472822.629960775,-0.096413
1758472822.728925467,-0.095317
1758472823.027390242,-0.191913
1758472823.227644682,-0.095211
1758472823.630295753,-0.092520
1758472823.729433775,-0.092430
1758472823.929350138,-0.074239
1758472824.028423786,-0.075984
1758472824.128908873,-0.184162
1758472824.228720903,-0.178559
1758472824.328573704,-0.152734
1758472824.428443193,-0.151329
1758472824.528761387,-0.134605
1758472824.628664970,-0.115782
1758472824.729716778,-0.173713
1758472824.829660177,-0.135960
1758472824.927664757,-0.136078
1758472825.028316736,-0.116831
1758472825.128463030,-0.182298
1758472825.229223251,-0.112212
1758472825.328698158,-0.125056
1758472825.427306890,-0.125108
1758472825.529020786,-0.125902
1758472825.628378868,-0.128311
1758472825.729246140,-0.123951
1758472825.829881668,-0.140102
1758472825.929412365,-0.128477
1758472826.028416395,-0.126321
1758472826.129102945,-0.106802
1758472826.227217674,-0.128350
1758472826.329948187,-0.149715
1758472826.427710056,-0.133254
1758472826.528761387,-0.094499
1758472826.629624844,-0.107388
1758472826.727326393,-0.118364
1758472826.828255415,-0.156068
1758472827.130653620,-0.040169
1758472827.228663445,-0.054227
1758472827.328990936,-0.084146
1758472827.627987623,-0.134810
1758472827.727201462,-0.152007
1758472827.827340364,-0.158038
1758472827.926884413,-0.149830
1758472828.028981209,-0.137071
1758472828.127493382,-0.141167
1758472828.226415634,-0.129750
1758472828.328480482,-0.126483
1758472828.426695347,-0.152631
1758472828.529693604,-0.133180
1758472828.627718210,-0.140114
1758472828.726341009,-0.139968
1758472828.827614784,-0.129732
1758472828.929456472,-0.128244
1758472829.027600050,-0.119269
1758472829.128723860,-0.143145
1758472829.228140116,-0.137907
1758472829.327223778,-0.124710
1758472829.831962109,-0.010464
1758472829.928650141,0.148714
1758472830.027094126,-0.121330
1758472830.128265619,-0.121793
1758472830.227392435,0.363868
1758472830.330678701,0.333210
1758472830.426673889,0.054377
1758472830.527668953,-0.103355
1758472830.628950119,0.084258
1758472830.728776217,0.149066
1758472830.830707788,-0.120104
1758472830.927122831,0.156856
1758472831.028803110,0.226472
1758472831.126759052,-0.113462
1758472831.227184534,-0.112945
1758472831.329634666,-0.148344
1758472831.627702713,-0.110353
1758472831.729206800,-0.135589
1758472831.827298403,-0.039193
1758472831.928544760,0.153647
1758472832.026350498,-0.399640
1758472832.126949549,-0.150839
1758472832.226810694,0.340167
1758472832.330688715,-0.006926
1758472832.528155565,-0.245773
1758472832.627553701,-0.111204
1758472832.727427483,0.056292
1758472832.826450348,0.237906
1758472832.927482128,-0.099362
1758472833.028001547,-0.100162
1758472833.126882792,-0.104133
1758472833.226953268,-0.145872
1758472833.435440302,0.003446
1758472833.627693415,-0.084005
1758472833.828743935,-0.108443
1758472833.927587032,-0.104495
1758472834.026775360,-0.094446
1758472834.128017902,-0.050531
1758472834.227907181,-0.105738
1758472834.328880548,-0.033620
1758472834.428044796,-0.036206
1758472834.627349138,-0.061710
1758472834.734824419,-0.003553
1758472834.923971891,-0.130452
1758472835.027161360,-0.049798
1758472835.126980543,-0.029765
1758472835.227429867,-0.115688
1758472835.326153994,-0.073523
1758472835.428133488,-0.057885
1758472835.528156519,-0.057028
1758472835.628835678,-0.027219
1758472835.727467537,-0.070288
1758472835.827024221,-0.124372
1758472835.925714493,-0.138266
1758472836.027163982,-0.024787
1758472836.126603842,-0.065429
1758472836.227229357,-0.050722
1758472836.327865362,-0.044328
1758472836.427296877,-0.013199
1758472836.526421785,0.015503
1758472836.628082514,0.018815
1758472836.726693869,0.034938
1758472836.828343630,0.036723
1758472836.928138494,0.035203
1758472837.026869059,0.017825
1758472837.126978397,-0.735526
1758472837.226932049,-0.457012
1758472837.328562260,-0.103583
1758472837.427093506,-0.056812
1758472837.528244257,-0.090078
1758472837.633131981,0.002852
1758472837.726755619,-0.012764
1758472837.827993631,0.098287
1758472837.926142931,-0.124382
1758472838.026605844,-0.011911
1758472838.126385212,-0.107722
1758472838.226710558,-0.077871
1758472838.328295708,0.058386
1758472838.425552130,-0.060466
1758472838.527049065,-0.057696
1758472838.625974894,-0.299325
1758472838.725397825,-0.180654
1758472838.827442646,-0.172342
1758472838.926501036,-0.267087
1758472839.028541327,-0.069267
1758472839.127009630,-0.198701
1758472839.225444555,0.034358
1758472839.328825951,-0.123524
1758472839.426782131,0.045527
1758472839.525754213,0.048277
1758472839.631816387,0.002351
1758472839.727289200,0.011316
1758472839.825660944,0.049239
1758472839.929846764,0.005372
1758472840.026561022,-0.021259
1758472840.129819870,-0.006269
1758472840.227929592,0.054103
1758472840.327785730,0.042548
1758472840.425657272,-0.012712
1758472840.527551174,-0.011674
1758472840.627033949,0.051296
1758472840.728917360,0.017692
1758472840.825197935,-0.023212
1758472840.924806356,-0.030693
1758472841.025260687,0.048429
1758472841.132148504,-0.005405
1758472841.226987123,-0.021353
1758472841.332735538,-0.004075
1758472841.424916029,0.053063
1758472841.525178671,0.010980
1758472841.624766350,-0.020243
1758472841.732368469,-0.003995
1758472841.826582670,0.009212
1758472841.927236319,0.053327
1758472842.024536848,0.015929
1758472842.126217365,0.016279
1758472842.227060318,-0.010111
1758472842.327248335,-0.011724
1758472842.423677921,0.039752
1758472842.531319857,0.002733
1758472842.626434088,0.010641
1758472842.730658054,-0.003490
1758472842.824242592,-0.014916
1758472842.931691170,-0.003789
1758472843.029894352,-0.006069
1758472843.129542112,0.005680
1758472843.224595308,0.011886
1758472843.331397533,0.004268
1758472843.432031631,0.002368
1758472843.530637503,0.004768
1758472843.623858213,0.028770
1758472843.722989798,0.034846
1758472843.822006702,0.031916
1758472843.922824383,-0.033016
1758472844.031049967,-0.002208
1758472844.126508951,-0.028128
1758472844.223580360,-0.013303
1758472844.323454142,-0.039109
1758472844.424881458,-0.012487
1758472844.525368214,-0.027459
1758472844.623860598,0.033647
1758472844.723364353,0.029814
1758472844.822321415,0.037908
1758472844.923702478,-0.016714
1758472845.023809433,-0.047340
1758472845.121141911,-0.039884
1758472845.220683336,-0.022545
1758472845.322238207,-0.024132
1758472845.422640324,0.025818
1758472845.524896622,0.023891
1758472845.625254393,-0.019404
1758472845.724750042,-0.012852
1758472845.821600676,0.029519
1758472845.921553850,0.028636
1758472846.021884918,-0.031379
1758472846.121361256,-0.014943
1758472846.222732306,-0.023157
1758472846.321090221,-0.011644
1758472846.422384739,-0.020551
1758472846.523657799,-0.018385
1758472846.623352528,-0.018307
1758472846.720566273,-0.026148
1758472846.822786808,-0.022592
1758472846.923646450,0.012571
1758472847.020188570,-0.051380
1758472847.123791695,-0.052755
1758472847.222124815,-0.024307
1758472847.319576502,-0.049315
1758472847.421868801,-0.029791
1758472847.521139622,-0.039025
1758472847.622856140,-0.068567
1758472847.723741531,-0.028517
1758472847.822087049,-0.024412
1758472847.930292845,0.004737
1758472848.021484137,-0.034144
1758472848.129696608,0.004967
1758472848.220792294,0.075339
1758472848.322102308,0.007401
1758472848.427239180,-0.003351
1758472848.526651621,-0.003168
1758472848.627584696,0.002904
1758472848.728898048,0.003749
1758472848.831682205,0.000685
1758472848.926416636,0.005824
1758472849.024572372,0.005823
1758472849.127550602,0.002041
1758472849.231488943,-0.000860
1758472849.330704689,-0.003653
1758472849.526881456,-0.005030
1758472849.621147871,-0.013216
1758472849.723856926,-0.008039
1758472849.828464985,-0.002663
1758472849.931589365,-0.000801
1758472850.022336721,-0.006062
1758472850.127122641,-0.006535
1758472850.324321747,-0.014686
1758472850.420848608,0.021673
1758472850.525724649,-0.006909
1758472850.623357773,-0.007817
1758472850.723862886,0.036579
1758472850.820687532,-0.012511
1758472850.923697472,0.043730
1758472851.123463392,-0.013897
1758472851.220576763,0.015816
1758472851.320874214,-0.022318
1758472851.424815893,-0.024383
1758472851.521551371,-0.055567
1758472851.625695705,-0.048677
1758472851.724096060,-0.019607
1758472851.823507309,-0.062598
1758472851.920809746,-0.063228
1758472852.022999763,-0.056422
1758472852.122571945,-0.033488
1758472852.225264788,-0.064945
1758472852.323558331,-0.019500
1758472852.426062584,-0.065119
1758472852.523504496,-0.026908
1758472852.623284340,-0.030862
1758472852.725275278,-0.067541
1758472852.824163437,-0.073406
1758472852.922920942,-0.044245
1758472853.031246424,-0.001973
1758472853.122858286,-0.109227
1758472853.224818707,-0.127087
1758472853.324050665,-0.190707
1758472853.425100088,-0.077186
1758472853.524030209,-0.042516
1758472853.623811483,-0.082752
1758472853.724974394,-0.043340
1758472853.822871447,-0.100059
1758472853.923509359,-0.038949
1758472854.024703741,-0.043295
1758472854.123816252,-0.085890
1758472854.224774361,-0.045606
1758472854.322975397,-0.082118
1758472854.425568104,-0.096738
1758472854.522895098,-0.059712
1758472854.624881744,-0.015410
1758472854.729890585,-0.004162
1758472854.822359085,-0.052610
1758472854.925584316,-0.053003
1758472855.023897171,-0.053227
1758472855.123952389,-0.036348
1758472855.224482775,-0.058050
1758472855.324459553,-0.060858
1758472855.427495718,-0.062784
1758472855.523675680,-0.028696
1758472855.624515295,-0.061722
1758472855.724689960,-0.038845
1758472855.824469805,-0.029369
1758472855.925280094,-0.042421
1758472856.026931763,-0.077777
1758472856.124413729,-0.082861
1758472856.226238728,-0.072587
1758472856.324321747,-0.120879
1758472856.426703215,-0.041396
1758472856.524965048,-0.025962
1758472856.626911402,-0.042141
1758472856.724850655,-0.042696
1758472856.825391054,-0.074151
1758472856.928534746,-0.073857
1758472857.032513857,-0.003741
1758472857.125612259,-0.059942
1758472857.225831270,-0.081767
1758472857.325501204,-0.019394
1758472857.426409483,-0.048805
1758472857.525385380,-0.072414
1758472857.625519991,-0.064930
1758472857.726681948,-0.051685
1758472857.825271845,-0.022742
1758472857.926138878,-0.057735
1758472858.026610136,-0.043979
1758472858.128235102,-0.060146
1758472858.227829456,-0.057515
1758472858.327822447,-0.043998
1758472858.426740646,-0.041676
1758472858.526055098,-0.021090
1758472858.626972437,-0.068845
1758472858.727187395,-0.074789
1758472858.827974796,-0.116384
1758472858.929281950,-0.147737
1758472859.026667356,-0.161479
1758472859.126603365,-0.100169
1758472859.229268074,-0.154589
1758472859.326414347,-0.113017
1758472859.427995205,-0.065683
1758472859.526762962,-0.112130
1758472859.628222704,-0.073739
1758472859.728555918,-0.065107
1758472859.825427532,-0.129991
1758472859.927529573,-0.042615
1758472860.030991554,0.006948
1758472860.126544237,-0.038018
1758472860.229020357,-0.053222
1758472860.327495098,-0.095630
1758472860.427515745,-0.126644
1758472860.527882814,-0.110684
1758472860.628013849,-0.163105
1758472860.728780031,-0.124491
1758472860.827341557,0.051841
1758472860.935736656,-0.117527
1758472861.028861761,-0.121013
1758472861.126955986,-0.046206
1758472861.228653431,-0.131154
1758472861.329468250,-0.009405
1758472861.429766893,-0.009255
1758472861.526297569,-0.038235
1758472861.629518509,-0.012786
1758472861.731335402,-0.006931
1758472861.827535629,-0.052592
1758472861.927852392,-0.061645
1758472862.026911497,-0.030035
1758472862.128166676,-0.042481
1758472862.229345560,-0.038973
1758472862.328136683,-0.030023
1758472862.427112818,-0.027684
1758472862.526235342,-0.074279
1758472862.628486872,-0.055046
1758472862.726979256,-0.137900
1758472862.827998638,-0.138038
1758472862.927539825,-0.031108
1758472863.027803659,0.022400
1758472863.128299952,-0.013536
1758472863.226321697,-0.078853
1758472863.327705622,-0.030033
1758472863.428569555,-0.064190
1758472863.527747631,-0.033218
1758472863.630439758,-0.065356
1758472863.726688147,-0.076645
1758472863.827615499,-0.014073
1758472863.929950237,-0.063618
1758472864.029963970,-0.090317
1758472864.128004074,-0.040289
1758472864.227736235,-0.020089
1758472864.329196453,-0.082912
1758472864.428735733,-0.132892
1758472864.529854774,-0.040900
1758472864.628338099,-0.024500
1758472864.728525877,0.069898
1758472864.826283932,-0.043164
1758472864.928332806,0.024586
1758472865.029280186,-0.078882
1758472865.133749962,0.002602
1758472865.227618933,-0.092867
1758472865.328163385,-0.105255
1758472865.429126263,-0.018018
1758472865.528752327,-0.074953
1758472865.630616903,-0.007350
1758472865.727525711,-0.046632
1758472865.827646017,-0.059328
1758472865.928269625,-0.052945
1758472866.027852297,-0.041475
1758472866.129002571,-0.033516
1758472866.230018854,-0.066603
1758472866.327970743,-0.078371
1758472866.429270983,-0.053715
1758472866.527997255,-0.054464
1758472866.626635075,-0.038366
1758472866.728293180,-0.038995
1758472866.829756498,-0.041537
1758472866.929473639,-0.038476
1758472867.028775215,-0.071093
1758472867.128498793,-0.058216
1758472867.227730513,-0.013482
1758472867.328050375,-0.042995
1758472867.430051327,-0.052305
1758472867.527558088,-0.081477
1758472867.627614021,-0.051242
1758472867.727833748,-0.014213
1758472867.828534842,-0.083563
1758472867.928364277,-0.020502
1758472868.027398586,-0.055105
1758472868.127311707,-0.054458
1758472868.226970911,-0.075081
1758472868.327835083,-0.045391
1758472868.428818464,-0.042041
1758472868.527907610,-0.060100
1758472868.627662659,-0.049501
1758472868.727774143,-0.063283
1758472868.828661442,-0.081959
1758472868.927630663,-0.053596
1758472869.028206348,-0.048011
1758472869.128100395,-0.031444
1758472869.228461266,-0.060445
1758472869.329444885,-0.051473
1758472869.427829504,-0.039648
1758472869.528141499,-0.047306
1758472869.628186703,-0.063736
1758472869.727275848,-0.054734
1758472869.830546618,-0.052810
1758472869.928155184,-0.053648
1758472870.028095007,-0.047470
1758472870.128689766,-0.066965
1758472870.231685877,0.005454
1758472870.444621325,-0.027137
1758472870.466833591,-0.030695
1758472870.527845144,-0.022271
1758472870.628888845,-0.021746
1758472870.727777004,-0.032925
1758472870.829638243,-0.023003
1758472870.937624693,0.000211
1758472871.028207302,-0.027014
1758472871.126938581,-0.018380
1758472871.229181290,-0.043756
1758472871.329316854,-0.027778
1758472871.428934574,-0.019566
1758472871.534750700,-0.004714
1758472871.627996445,-0.016133
1758472871.727308989,-0.033473
1758472871.829436064,-0.022287
1758472871.927869558,-0.015449
1758472872.028516054,-0.070816
1758472872.127903938,-0.076977
1758472872.229972363,-0.045509
1758472872.327967167,-0.014718
1758472872.427809477,-0.028407
1758472872.528027534,-0.064636
1758472872.628012896,-0.084828
1758472872.728997231,-0.025616
1758472872.828707933,-0.044300
1758472872.927056551,-0.019371
1758472873.029169083,-0.109169
1758472873.129099607,-0.108911
1758472873.228683710,-0.274047
1758472873.328657866,-0.259662
1758472873.428769827,-0.051308
1758472873.528377771,-0.087538
1758472873.629121780,-0.188854
1758472873.727940559,-0.097789
1758472873.828178167,-0.021243
1758472873.929522038,-0.021071
1758472874.027275085,-0.141012
1758472874.129388809,-0.078816
1758472874.236472607,0.001861
1758472874.327676535,-0.059601
1758472874.430765152,-0.008613
1758472874.528750896,-0.010231
1758472874.628371000,-0.015582
1758472874.734418631,-0.004119
1758472874.828467369,-0.018361
1758472874.924978733,-0.032267
1758472875.027423859,-0.014179
1758472875.135850430,0.002245
1758472875.230228901,-0.010790
1758472875.328843355,-0.010232
1758472875.428856611,-0.065808
1758472875.527806282,-0.064417
1758472875.631635427,-0.006668
1758472875.727115631,-0.034379
1758472875.827332020,-0.023967
1758472875.925040722,-0.079057
1758472876.028176785,-0.093232
1758472876.126866341,-0.094911
1758472876.225799322,-0.025997
1758472876.327301264,-0.027126
1758472876.427025318,-0.130430
1758472876.529371023,-0.099688
1758472876.635953903,-0.004764
1758472876.727359056,-0.034514
1758472876.826957464,-0.130562
1758472876.927601576,-0.134811
1758472877.029250622,-0.243379
1758472877.128234863,-0.080845
1758472877.225711823,-0.079484
1758472877.326740503,-0.049066
1758472877.425537109,-0.079895
1758472877.637718439,-0.000103
1758472877.726347208,-0.054542
1758472877.828895330,-0.048639
1758472877.926736832,-0.043840
1758472878.027275562,-0.198997
1758472878.128712893,-0.021703
1758472878.227208614,-0.036244
1758472878.326224327,-0.050592
1758472878.427660227,-0.071769
1758472878.528880119,-0.062987
1758472878.627744198,-0.019926
1758472878.826155424,-0.032772
1758472878.925808191,-0.050187
1758472879.027440071,-0.035638
1758472879.127537489,-0.024712
1758472879.226703167,-0.037933
1758472879.326499224,-0.078182
1758472879.426805019,-0.050353
1758472879.526020050,-0.107543
1758472879.627358675,-0.043821
1758472879.725824833,-0.077026
1758472879.825899124,-0.073240
1758472879.925976992,-0.040668
1758472880.027134418,-0.054425
1758472880.126531601,-0.073737
1758472880.225356340,-0.123368
1758472880.325156212,-0.064157
1758472880.424982548,-0.076162
1758472880.524816990,-0.046418
1758472880.628020763,-0.038978
1758472880.724646330,-0.074690
1758472880.824876070,-0.045632
1758472880.924170971,-0.089829
1758472881.026909113,-0.069418
1758472881.125267982,-0.045264
1758472881.225717068,-0.052483
1758472881.326251268,-0.048492
1758472881.424904108,-0.070480
1758472881.525440931,-0.083391
1758472881.628484726,-0.037184
1758472881.725930929,-0.072657
1758472881.826549768,-0.043516
1758472881.924092054,-0.058965
1758472882.028774977,-0.073520
1758472882.124521494,-0.060881
1758472882.226358175,-0.040899
1758472882.324455261,-0.049574
1758472882.424604416,-0.043720
1758472882.525349379,-0.042452
1758472882.623771906,-0.058107
1758472882.724509478,-0.039758
1758472882.823336601,-0.046164
1758472882.923574686,-0.077254
1758472883.025587082,-0.045101
1758472883.124972582,-0.053365
1758472883.225987911,-0.050200
1758472883.323912621,-0.044932
1758472883.424758673,-0.026155
1758472883.524258614,-0.049822
1758472883.625398636,-0.029578
1758472883.725645304,-0.020515
1758472883.822966099,-0.049521
1758472883.928089857,-0.066097
1758472884.028606415,-0.009310
1758472884.125326633,-0.024949
1758472884.225969315,-0.046965
1758472884.323510647,-0.017203
1758472884.424025774,-0.043625
1758472884.523668766,-0.058097
1758472884.622624397,-0.048132
1758472884.724332333,-0.081520
1758472884.824985266,-0.101603
1758472884.925923586,-0.102603
1758472885.021658659,-0.086055
1758472885.124840021,-0.081383
1758472885.223448038,-0.097978
1758472885.323196173,-0.020794
1758472885.424308538,-0.078834
1758472885.523908138,-0.012810
1758472885.622283220,-0.057129
1758472885.723218679,-0.018440
1758472885.824110746,-0.056340
1758472885.922657490,-0.057840
1758472886.021571398,-0.028319
1758472886.121549845,-0.015306
1758472886.222043276,-0.077066
1758472886.321272135,-0.051641
1758472886.429260731,-0.004549
1758472886.521179914,-0.024278
1758472886.621996403,-0.019957
1758472886.722012043,-0.020374
1758472886.825279236,-0.058361
1758472886.922229767,-0.054736
1758472887.022661209,-0.023959
1758472887.122474194,-0.029793
1758472887.224182844,-0.049078
1758472887.322731972,-0.026582
1758472887.421258688,-0.037891
1758472887.522532940,-0.026708
1758472887.624754906,-0.082569
1758472887.723849535,-0.017806
1758472887.823294401,-0.024221
1758472887.922296047,-0.024495
1758472888.021937609,-0.051847
1758472888.120514393,-0.030348
1758472888.221598625,-0.016476
1758472888.322839975,-0.030203
1758472888.422799349,-0.059480
1758472888.520788908,-0.061022
1758472888.624643326,-0.051064
1758472888.720167875,-0.085749
1758472888.823719263,-0.054756
1758472888.919859648,-0.022512
1758472889.022802114,-0.028031
1758472889.122869253,-0.021467
1758472889.222184181,-0.057837
1758472889.320573092,-0.026504
1758472889.422824621,-0.021308
1758472889.521513939,-0.084325
1758472889.624128819,-0.084931
1758472889.722649574,-0.086845
1758472889.821897745,-0.059516
1758472889.921489716,-0.053788
1758472890.022354841,-0.061041
1758472890.122544289,-0.066056
1758472890.221916437,-0.061769
1758472890.322422504,-0.088539
1758472890.421940327,-0.063114
1758472890.522786617,-0.059623
1758472890.624518156,-0.061483
1758472890.722828865,-0.055074
1758472890.823596478,-0.061642
1758472890.923639297,-0.060771
1758472891.022754192,-0.055061
1758472891.122896194,-0.066941
1758472891.223042488,-0.056343
1758472891.324115992,-0.062661
1758472891.423408031,-0.061732
1758472891.523002863,-0.057226
1758472891.624302864,-0.064026
1758472891.724442005,-0.065607
1758472891.822209120,-0.088849
1758472891.921746016,-0.065615
1758472892.023573399,-0.091846
1758472892.125423670,-0.317293
1758472892.223337412,-0.051543
1758472892.323432922,-0.092778
1758472892.422380209,-0.135411
1758472892.522925138,-0.013703
1758472892.625602484,-0.083565
1758472892.724146843,-0.094778
1758472892.830996752,-0.005964
1758472892.923711061,-0.066300
1758472893.029759169,-0.003260
1758472893.124919653,-0.024209
1758472893.222475290,0.024099
1758472893.327883720,0.005826
1758472893.423570156,-0.076703
1758472893.524527073,-0.011243
1758472893.624671936,0.033373
1758472893.725786448,0.009823
1758472893.824769735,0.038932
1758472893.924350500,-0.023615
1758472894.026002169,-0.059975
1758472894.130788803,-0.001678
1758472894.230552435,-0.005106
1758472894.323736668,-0.073642
1758472894.424476147,-0.097540
1758472894.526211739,-0.109556
1758472894.624309063,0.021369
1758472894.723651171,0.010076
1758472894.825758219,-0.091201
1758472894.926570177,-0.075177
1758472895.026676893,-0.091421
1758472895.127405405,-0.007384
1758472895.225821495,-0.046298
1758472895.325120211,-0.125711
1758472895.425175190,0.210680
1758472895.527415037,-0.184566
1758472895.627297878,-0.069251
1758472895.725767136,-0.056494
1758472895.828225136,0.006299
1758472895.927191019,-0.057467
1758472896.028133869,-0.050561
1758472896.127839088,-0.065231
1758472896.227196693,0.043435
1758472896.325697422,-0.151503
1758472896.428392649,0.023459
1758472896.525391579,-0.055419
1758472896.627199650,0.015374
1758472896.724669456,0.180079
1758472896.829101086,0.215441
1758472896.928433657,0.035316
1758472897.026701450,0.227485
1758472897.129140139,-0.007565
1758472897.226363182,0.214040
1758472897.334385395,-0.055906
1758472897.429399490,-0.051884
1758472897.533809662,-0.003841
1758472897.637753487,-0.000598
1758472897.726814270,-0.069823
1758472897.827630997,-0.069294
1758472897.929128885,-0.030646
1758472898.027697802,-0.067854
1758472898.128271341,-0.016690
1758472898.229023695,0.010682
1758472898.327119589,-0.044619
1758472898.428676367,-0.071635
1758472898.529415131,-0.007432
1758472898.629698753,-0.028349
1758472898.727912903,-0.040312
1758472898.829426765,-0.022546
1758472898.927474976,-0.027390
1758472899.035019636,-0.004315
1758472899.128489494,-0.028792
1758472899.227290392,-0.013747
1758472899.330694675,-0.040156
1758472899.428380013,-0.069226
1758472899.528532743,-0.026208
1758472899.626468897,-0.055754
1758472899.726764202,-0.052292
1758472899.831107855,-0.015717
1758472899.928172827,-0.020419
1758472900.027680159,-0.156760
1758472900.127449274,-0.016001
1758472900.225529909,-0.113155
1758472900.327781916,-0.054558
1758472900.428815126,-0.037411
1758472900.527109861,-0.013231
1758472900.627727032,-0.122283
1758472900.728526115,-0.049860
1758472900.828670979,-0.212359
1758472900.928302765,-0.067872
1758472901.029009104,-0.179796
1758472901.128812075,-0.043289
1758472901.237129211,-0.004579
1758472901.328394651,-0.061033
1758472901.434199572,-0.002642
1758472901.527729988,-0.023582
1758472901.627953768,-0.072125
1758472901.729215860,-0.019955
1758472901.827514887,-0.257556
1758472901.932316065,-0.053960
1758472902.027781487,-0.059601
1758472902.126957893,-0.015080
1758472902.229462862,-0.127626
1758472902.328445911,-0.060277
1758472902.428227186,-0.134552
1758472902.529002428,-0.043938
1758472902.628632307,-0.047289
1758472902.728486538,-0.045129
1758472902.828119755,-0.025832
1758472902.927910089,-0.171137
1758472903.029354095,-0.026338
1758472903.126645327,-0.082760
1758472903.230446100,-0.061114
1758472903.327715397,-0.049275
1758472903.427912474,-0.036545
1758472903.527397871,-0.255474
1758472903.630522251,-0.047207
1758472903.727134228,-0.061367
1758472903.830334663,-0.278071
1758472903.929267883,-0.043473
1758472904.028478146,-0.140932
1758472904.128146410,-0.100469
1758472904.226602316,-0.082921
1758472904.328338861,-0.053280
1758472904.428207159,0.035398
1758472904.527176619,-0.060284
1758472904.629083633,-0.058189
1758472904.726576805,-0.028971
1758472904.828473330,-0.082127
1758472904.928458929,-0.060532
1758472905.028947830,0.022391
1758472905.131525278,-0.299410
1758472905.234925032,0.001389
1758472905.335766792,-0.000972
1758472905.429138660,-0.142966
1758472905.527455568,0.025520
1758472905.629211187,-0.052064
1758472905.727503300,0.033990
1758472905.828792095,-0.073934
1758472905.928936958,-0.054626
1758472906.029959202,-0.046885
1758472906.127513170,-0.103539
1758472906.230981588,-0.079634
1758472906.326863050,-0.058291
1758472906.428957701,-0.052546
1758472906.531276464,-0.230506
1758472906.627849817,-0.537577
1758472906.726718664,-0.353787
1758472906.827485323,-0.407021
1758472906.929195881,-0.345167
1758472907.033489704,0.009346
1758472907.128681898,-0.295590
1758472907.227607965,-0.468702
1758472907.327858686,-0.161976
1758472907.428947449,-0.504069
1758472907.529412270,-0.531686
1758472907.641361952,-0.514894
1758472907.726616621,-0.274637
1758472907.828235865,-0.553833
1758472907.928481102,-0.624822
1758472908.028821468,-0.658639
1758472908.127668619,-0.690428
1758472908.227555752,-0.533116
1758472908.327934504,-0.558461
1758472908.429462671,-0.562230
1758472908.526811838,-0.465957
1758472908.627303362,-0.425276
1758472908.725813150,-0.468681
1758472908.829496622,-0.436000
1758472908.927982807,-0.305379
1758472909.027904272,-0.415624
1758472909.127171755,-0.420595
1758472909.226621151,-0.435580
1758472909.328532934,-0.390127
1758472909.429471731,-0.439154
1758472909.529045343,-0.450385
1758472909.629339457,-0.455580
1758472909.727732897,-0.430442
1758472909.831173420,-0.452524
1758472909.928506374,-0.451633
1758472910.029237986,-0.418334
1758472910.128883362,-0.402370
1758472910.227667093,-0.411446
1758472910.329958200,-0.310730
1758472910.428457022,-0.392114
1758472910.528746843,-0.323784
1758472910.629224300,-0.363690
1758472910.727239132,-0.450995
1758472910.828417540,-0.469406
1758472910.922733307,-0.519987
1758472911.028486967,-0.496658
1758472911.127903700,-0.437159
1758472911.229350328,-0.519998
1758472911.326831341,-0.412887
1758472911.428090811,-0.490512
1758472911.527880430,-0.459945
1758472911.629982471,-0.508581
1758472911.729008436,-0.537873
1758472911.827128172,-0.549150
1758472911.927544117,-0.656380
1758472912.026924372,-0.660143
1758472912.127365112,-0.596475
1758472912.227982998,-0.699135
1758472912.328308105,-0.666355
1758472912.429362535,-0.630990
1758472912.530959845,-0.654258
1758472912.628347158,-0.769791
1758472912.728575468,-0.758129
1758472912.828546524,-0.765994
1758472912.927234411,-0.716876
1758472913.029156685,-0.703503
1758472913.128097773,-0.752234
1758472913.228847980,-0.752292
1758472913.326770782,-0.731605
1758472913.426137924,-0.793121
1758472913.527373791,-0.764409
1758472913.627173901,-0.745789
1758472913.724834919,-0.758953
1758472913.826367855,-0.762234
1758472913.927467823,-0.732986
1758472914.027340174,-0.711413
1758472914.128106356,-0.783923
1758472914.226923943,-0.726918
1758472914.327484608,-0.742335
1758472914.425794840,-0.764444
1758472914.526318550,-0.700681
1758472914.625679970,-0.716350
1758472914.725695372,-0.680239
1758472914.826293230,-0.700328
1758472914.927835464,-0.637427
1758472915.026627779,-0.647711
1758472915.128172398,-0.604679
1758472915.226758003,-0.592269
1758472915.326983452,-0.579686
1758472915.429563999,-0.561024
1758472915.525041819,-0.589760
1758472915.629584312,-0.561871
1758472915.727095127,-0.544308
1758472915.828029394,-0.495391
1758472915.926258802,-0.513425
1758472916.027480364,-0.484872
1758472916.125892162,-0.515489
1758472916.226921320,-0.492746
1758472916.326943398,-0.461601
1758472916.426446915,-0.435092
1758472916.526954889,-0.499927
1758472916.625350237,-0.419152
1758472916.726618290,-0.467873
1758472916.827717304,-0.439289
1758472916.925809383,-0.440251
1758472917.027702570,-0.407514
1758472917.127491236,-0.368824
1758472917.228710651,-0.335693
1758472917.326109886,-0.363882
1758472917.425497293,-0.378823
1758472917.526114225,-0.343236
1758472917.625570536,-0.319934
1758472917.724258900,-0.398603
1758472917.825917244,-0.313996
1758472917.924883366,-0.354307
1758472918.027534008,-0.359892
1758472918.126218796,-0.343762
1758472918.226551294,-0.338805
1758472918.324411392,-0.311364
1758472918.426231861,-0.309986
1758472918.523720264,-0.231955
1758472918.626092434,-0.254644
1758472918.726287842,-0.208992
1758472918.826837540,-0.246636
1758472918.926893234,-0.205572
1758472919.027666807,-0.208011
1758472919.126760006,-0.233163
1758472919.225559235,-0.224457
1758472919.326972008,-0.308512
1758472919.425476789,-0.327177
1758472919.525272608,-0.312022
1758472919.625708818,-0.403061
1758472919.726415157,-0.341827
1758472919.826238155,-0.408115
1758472919.925982952,-0.385626
1758472920.027376890,-0.426474
1758472920.124721527,-0.469973
1758472920.224923134,-0.551562
1758472920.324789762,-0.528713
1758472920.428011417,-0.529702
1758472920.525220156,-0.520964
1758472920.627513647,-0.540509
1758472920.724089146,-0.526476
1758472920.828189373,-0.535960
1758472920.926339388,-0.535753
1758472921.024277210,-0.587040
1758472921.125667572,-0.595843
1758472921.225905418,-0.507289
1758472921.325007439,-0.585970
1758472921.429189920,-0.603517
1758472921.523908377,-0.657396
1758472921.622527599,-0.604174
1758472921.723680019,-0.631870
1758472921.824912548,-0.706188
1758472921.924360991,-0.689201
1758472922.025643349,-0.747427
1758472922.125416994,-0.724738
1758472922.223715782,-0.753050
1758472922.324825525,-0.711442
1758472922.426357508,-0.696765
1758472922.524209261,-0.769868
1758472922.621089220,-0.751035
1758472922.723491430,-0.790589
1758472922.824513435,-0.798911
1758472922.923839331,-0.794961
1758472923.022189856,-0.796083
1758472923.123784781,-0.769221
1758472923.225248337,-0.778691
1758472923.323947668,-0.815860
1758472923.422975779,-0.796908
1758472923.524233103,-0.741834
1758472923.623944521,-0.762725
1758472923.723268032,-0.742476
1758472923.823701859,-0.700158
1758472923.922490358,-0.749772
1758472924.022852421,-0.710198
1758472924.121121645,-0.617617
1758472924.225389004,-0.516326
1758472924.323194742,-0.623781
1758472924.422126293,-0.616608
1758472924.521653175,-0.617894
1758472924.621045828,-0.657264
1758472924.723341465,-0.750894
1758472924.821363211,-0.733591
1758472924.922972679,-0.763665
1758472925.022592545,-0.693468
1758472925.121449471,-0.656171
1758472925.223826885,-0.687154
1758472925.322569132,-0.762405
1758472925.422059536,-0.672572
1758472925.522712469,-0.758500
1758472925.623955727,-0.674013
1758472925.721152544,-0.698212
1758472925.821961880,-0.574485
1758472925.921361685,-0.617333
1758472926.021714926,-0.653052
1758472926.123043537,-0.652668
1758472926.222461700,-0.604544
1758472926.322037458,-0.674196
1758472926.424149275,-0.677746
1758472926.520178795,-0.648940
1758472926.623708725,-0.638956
1758472926.720981598,-0.602650
1758472926.822120190,-0.612363
1758472926.920901775,-0.562696
1758472927.020616055,-0.623052
1758472927.124690771,-0.558917
1758472927.221749067,-0.438943
1758472927.321089506,-0.596962
1758472927.422454596,-0.537532
1758472927.520710230,-0.543146
1758472927.622575283,-0.524148
1758472927.724292755,-0.501006
1758472927.822808266,-0.613630
1758472927.920998812,-0.557675
1758472928.021124125,-0.577933
1758472928.122919798,-0.592168
1758472928.221588850,-0.616786
1758472928.322664022,-0.595817
1758472928.422180176,-0.521235
1758472928.523116827,-0.521439
1758472928.622089386,-0.586222
1758472928.720916271,-0.516858
1758472928.823101044,-0.492371
1758472928.921494246,-0.439059
1758472929.024712801,-0.505316
1758472929.122689962,-0.558741
1758472929.223483562,-0.488918
1758472929.322550535,-0.572998
1758472929.420639753,-0.565770
1758472929.525527239,-0.568418
1758472929.624131680,-0.571662
1758472929.721417665,-0.512434
1758472929.823863506,-0.538685
1758472929.920262575,-0.587321
1758472930.024890900,-0.539736
1758472930.123589277,-0.532639
1758472930.222014189,-0.604382
1758472930.321968555,-0.454269
1758472930.424679279,-0.585860
1758472930.522888184,-0.502846
1758472930.622309685,-0.558373
1758472930.724312305,-0.559786
1758472930.824826002,-0.596294
1758472930.924351454,-0.444996
1758472931.023038387,-0.544617
1758472931.122446537,-0.604483
1758472931.223149538,-0.517625
1758472931.323355675,-0.396557
1758472931.424916029,-0.510513
1758472931.523541927,-0.533869
1758472931.622111559,-0.472559
1758472931.722309351,-0.425939
1758472931.821855783,-0.517339
1758472931.923619747,-0.330727
1758472932.022278309,-0.406074
1758472932.124794483,-0.455676
1758472932.223973989,-0.472992
1758472932.324448824,-0.371289
1758472932.425728559,-0.513505
1758472932.523447275,-0.513596
1758472932.624969721,-0.191303
1758472932.724568367,-0.470639
1758472932.824057579,-0.441095
1758472932.923063755,-0.338935
1758472933.022783041,-0.444621
1758472933.124450445,-0.474949
1758472933.226145983,-0.276765
1758472933.327281475,-0.411082
1758472933.424967766,-0.313880
1758472933.523265123,-0.186233
1758472933.624588728,0.394217
1758472933.723619223,-0.296223
1758472933.827037811,-0.227675
1758472933.925930738,-0.290122
1758472934.023614168,-0.320082
1758472934.124419212,-0.389668
1758472934.223925829,-0.247863
1758472934.325443268,-0.359290
1758472934.425916433,-0.501301
1758472934.524728298,-0.209932
1758472934.623754978,-0.398558
1758472934.723863363,-0.457023
1758472934.825716257,-0.303399
1758472934.922580004,-0.494090
1758472935.023870707,0.035879
1758472935.125946999,-0.425159
1758472935.227860451,-0.343429
1758472935.323382378,-0.274392
1758472935.424910307,-0.131119
1758472935.525797367,0.010648
1758472935.625931263,0.420717
1758472935.725648403,0.347894
1758472935.805738688,0.421402
1758472935.924587011,0.357784
1758472936.006658554,0.423867
1758472936.125773430,0.351150
1758472936.206349850,0.439205
1758472936.306032896,0.422224
1758472936.407741547,0.419819
1758472936.505925417,0.426968
1758472936.607649088,0.443055
1758472936.708536863,0.424898
1758472936.809476137,0.445537
1758472936.904980183,0.435629
1758472937.005542517,0.436969
1758472937.108701468,0.421588
1758472937.207685709,0.470955
1758472937.305818319,0.471343
1758472937.405335903,0.470928
1758472937.506305218,0.702990
1758472937.607205153,0.438773
1758472937.705338478,0.467060
1758472937.807169199,0.719114
1758472937.908608198,0.443727
1758472938.005904198,0.457999
1758472938.108219385,0.710563
1758472938.208431959,0.727179
1758472938.309196711,0.713907
1758472938.408186197,0.724866
1758472938.508011341,0.702556
1758472938.606874704,0.725753
1758472938.706651449,0.712287
1758472938.807680368,0.719226
1758472938.907636881,0.709146
1758472939.008109331,0.708177
1758472939.105989218,0.700226
1758472939.206457376,0.723525
1758472939.306419611,0.711617
1758472939.407108307,0.720951
1758472939.508660078,0.694977
1758472939.608251095,0.726194
1758472939.708117008,0.716630
1758472939.806473732,0.722205
1758472939.907609463,0.561232
1758472940.026986599,0.351464
1758472940.226980925,0.342269
1758472940.329702377,0.348352
1758472940.406995773,0.724484
1758472940.508244991,0.485834
1758472940.608704329,0.706301
1758472940.826291800,0.343413
1758472940.907592297,0.685921
1758472941.127929688,0.336141
1758472941.207803965,0.688974
1758472941.308413982,0.723500
1758472941.406799555,0.695358
1758472941.507845163,0.720879
1758472941.608479738,0.712785
1758472941.707579136,0.691507
1758472941.808490753,0.715300
1758472941.909292698,0.700571
1758472942.010028124,0.693838
1758472942.109981298,0.416391
1758472942.207832575,0.479534
1758472942.306982517,0.717514
1758472942.408048630,0.702103
1758472942.506582737,0.705505
1758472942.607661486,0.692272
1758472942.707653046,0.705085
1758472942.807428837,0.696408
1758472942.907519579,0.725238
1758472943.006096363,0.697615
1758472943.106999159,0.719280
1758472943.209141970,0.694778
1758472943.304247379,0.700587
1758472943.408162355,0.699674
1758472943.606462717,0.705111
1758472943.706872225,0.702091
1758472943.807403564,0.698066
1758472944.005878210,0.589933
1758472944.107312202,0.698639
1758472944.207790136,0.543680
1758472944.307357550,0.443274
1758472944.408724546,0.589836
1758472944.507276297,0.555599
1758472944.606599331,0.464669
1758472944.709265709,0.522469
1758472944.807215691,0.703017
1758472944.908898115,0.695127
1758472945.006432772,0.550247
1758472945.108320951,0.582374
1758472945.207420349,0.697620
1758472945.308998108,0.684718
1758472945.407492876,0.541572
1758472945.506872416,0.578286
1758472945.607743263,0.691812
1758472945.707499266,0.542982
1758472945.809553146,0.706638
1758472945.907452822,0.694255
1758472946.006863117,0.685396
1758472946.106692076,0.720128
1758472946.208759546,0.609576
1758472946.309022903,0.697051
1758472946.407327175,0.669605
1758472946.506147385,0.709056
1758472946.607704878,0.687798
1758472946.706737757,0.688144
1758472946.807064056,0.607320
1758472946.907537937,0.681459
1758472947.006563902,0.689299
1758472947.107224464,0.700645
1758472947.207051039,0.686048
1758472947.308583736,0.697658
1758472947.407058001,0.698773
1758472947.507432461,0.702127
1758472947.606706142,0.508035
1758472947.707905531,0.689451
1758472947.807838440,0.701905
1758472947.908957958,0.705988
1758472948.026685715,0.318863
1758472948.110378742,0.691729
1758472948.205974817,0.689854
1758472948.307341337,0.686710
1758472948.407410383,0.689463
1758472948.508320093,0.693882
1758472948.606607676,0.690787
1758472948.708781004,0.685982
1758472948.807550192,0.695180
1758472948.908019781,0.601370
1758472949.009450436,0.488566
1758472949.107648849,0.485795
1758472949.207861662,0.680060
1758472949.309104204,0.706819
1758472949.406415462,0.533352
1758472949.507188797,0.680835
1758472949.605643749,0.498989
1758472949.727734566,0.042220
1758472949.838026762,-0.005041
1758472949.929482460,-0.148589
1758472950.027128220,-0.115770
1758472950.128017187,-0.222026
1758472950.228790760,-0.126085
1758472950.307894468,0.523037
1758472950.429086208,-0.156672
1758472950.506241798,0.704879
1758472950.607414246,0.686854
1758472950.707863092,0.688241
1758472950.807000637,0.679021
1758472950.908780575,0.686722
1758472951.009167671,0.686066
1758472951.105793238,0.604690
1758472951.206027031,0.697362
1758472951.308416843,0.678731
1758472951.407531500,0.521512
1758472951.507662058,0.537538
1758472951.605976582,0.669056
1758472951.707342625,0.669636
1758472951.806591034,0.679786
1758472951.927603483,0.125178
1758472952.007247210,0.675741
1758472952.128295422,0.248496
1758472952.206160545,0.674166
1758472952.328791142,0.128841
1758472952.408003807,0.663783
1758472952.529401779,0.254217
1758472952.608895063,0.675486
1758472952.707247019,0.672987
1758472952.828161478,0.276876
1758472952.907757044,0.684200
1758472953.007207394,0.665510
1758472953.106515646,0.660712
1758472953.207578897,0.666217
1758472953.308180809,0.680332
1758472953.407141924,0.563751
1758472953.507232666,0.563013
1758472953.605597258,0.522465
1758472953.707899094,0.666033
1758472953.806227446,0.648615
1758472953.909149408,0.667707
1758472954.005660057,0.673663
1758472954.106273890,0.661078
1758472954.208307981,0.489880
1758472954.328184843,-0.037712
1758472954.428052664,0.097382
1758472954.526661634,0.276326
1758472954.627042055,0.036750
1758472954.705533743,0.670642
1758472954.828428745,-0.148894
1758472954.906153202,0.497506
1758472955.007352591,0.463865
1758472955.106616259,0.658763
1758472955.228245735,0.299590
1758472955.306976557,0.660816
1758472955.407478333,0.648371
1758472955.506242990,0.656687
1758472955.608483791,0.459997
1758472955.703900814,0.662040
1758472955.807162762,0.661951
1758472955.903834343,0.663657
1758472956.008755207,0.658478
1758472956.104547739,0.573255
1758472956.227350712,0.099572
1758472956.327340603,0.343921
1758472956.429806948,-0.275697
1758472956.533797264,0.002171
1758472956.627444983,0.175099
1758472956.727399588,0.265832
1758472956.826885700,0.134165
1758472956.928059816,0.380233
1758472957.026755571,-0.012127
1758472957.126029015,0.046194
1758472957.206905365,0.659610
1758472957.307209492,0.641089
1758472957.425453663,0.079664
1758472957.524446487,0.313873
1758472957.628042221,-0.217536
1758472957.724182129,-0.388600
1758472957.827550173,0.018607
1758472957.905002356,0.453456
1758472958.005190134,0.560244
1758472958.128865480,0.094145
1758472958.229163170,-0.279602
1758472958.327618361,-0.144954
1758472958.408125877,0.438707
1758472958.505912304,0.488449
1758472958.627294540,0.155660
1758472958.724567890,-0.312120
1758472958.805579424,0.647124
1758472958.907554388,0.561257
1758472959.027092218,0.260854
1758472959.126400948,0.378704
1758472959.204103231,0.559646
1758472959.327305079,0.008051
1758472959.426380634,0.148340
1758472959.504184246,0.558863
1758472959.628882408,0.175906
1758472959.728203297,-0.103986
1758472959.803607225,0.525705
1758472959.926970005,0.177795
1758472960.005646706,0.459468
1758472960.104688883,0.525960
1758472960.226030111,0.155003
1758472960.324648857,0.395637
1758472960.407170534,0.500428
1758472960.526667833,0.329974
1758472960.604212999,0.549505
1758472960.724215031,0.322015
1758472960.825191975,0.093386
1758472960.927561045,0.242739
1758472961.003886700,0.413712
1758472961.107491255,0.639937
1758472961.203969479,0.521469
1758472961.306913853,0.633533
1758472961.404110432,0.640040
1758472961.504161596,0.434247
1758472961.605855703,0.641490
1758472961.706376076,0.640283
1758472961.804243088,0.626009
1758472961.903014660,0.639901
1758472962.004041910,0.474368
1758472962.127214909,0.309614
1758472962.203742981,0.514730
1758472962.327034950,0.370461
1758472962.403395891,0.415897
1758472962.503610134,0.637864
1758472962.604114771,0.434389
1758472962.705912352,0.430900
1758472962.804701090,0.623354
1758472962.925483227,-0.034974
1758472963.001802206,0.633843
1758472963.127575874,0.396394
1758472963.204671383,0.618752
1758472963.303831339,0.527523
1758472963.401961565,0.480852
1758472963.526119947,0.011296
1758472963.605286598,0.614246
1758472963.726109743,0.125748
1758472963.824596405,0.310849
1758472963.904029608,0.484630
1758472964.003927946,0.452285
1758472964.103240490,0.524397
1758472964.204726458,0.455391
1758472964.303382874,0.450058
1758472964.426615238,0.133645
1758472964.525426626,0.299776
1758472964.625303745,0.045993
1758472964.725243092,0.190838
1758472964.804610252,0.617379
1758472964.903883696,0.510086
1758472965.023815870,0.320323
1758472965.124928236,0.076972
1758472965.224097490,0.240778
1758472965.324969053,0.262512
1758472965.404030561,0.484651
1758472965.503117323,0.500158
1758472965.601279497,0.625534
1758472965.724784374,0.218410
1758472965.803270817,0.498491
1758472965.925613642,0.277424
1758472966.004202604,0.444541
1758472966.103307247,0.607598
1758472966.201907396,0.617169
1758472966.305769444,0.613501
1758472966.403503656,0.599552
1758472966.501512766,0.613179
1758472966.610834122,0.600245
1758472966.704805851,0.517837
1758472966.807699680,0.606895
1758472966.907911777,0.453055
1758472967.027910233,0.242661
1758472967.106866598,0.477319
1758472967.207146168,0.504743
1758472967.305593014,0.580066
1758472967.507712603,0.580797
1758472967.607551575,0.572590
1758472967.806535721,0.555771
1758472967.906034470,0.552091
