ros_time_s,Imu_Error_yaw
1758472682.904875517,0.000000
1758472683.005860090,0.000000
1758472683.105021715,0.000000
1758472683.206191778,0.000000
1758472683.304541349,0.000000
1758472683.404807329,0.000000
1758472683.504856586,0.000000
1758472683.605540037,0.000000
1758472683.704101801,0.000000
1758472683.803985357,0.000000
1758472683.904447317,0.000000
1758472684.006534100,0.000000
1758472684.105973005,0.000000
1758472684.206019878,0.000000
1758472684.307226658,0.000000
1758472684.406118870,0.000000
1758472684.503320217,0.000000
1758472684.600545883,0.000000
1758472684.701377630,0.000000
1758472684.800991058,0.000000
1758472684.901324749,0.000000
1758472685.000833988,0.000000
1758472685.100777149,0.000000
1758472685.200839520,0.000000
1758472685.301472425,0.000000
1758472685.400752783,0.000000
1758472685.500619411,0.000000
1758472685.605491638,0.000000
1758472685.706061840,0.000000
1758472685.805905104,0.000000
1758472685.906634331,0.000000
1758472686.005125523,0.000000
1758472686.105875969,0.000000
1758472686.204961300,0.000000
1758472686.306063652,0.000000
1758472686.404995441,0.000000
1758472686.505206347,0.000000
1758472686.600525618,0.000000
1758472686.701444149,0.000000
1758472686.800718069,0.000000
1758472686.900753260,0.000000
1758472687.000952005,0.000000
1758472687.102337360,0.000000
1758472687.201145887,0.000000
1758472687.300540924,0.000000
1758472687.400362253,0.000000
1758472687.501012564,0.000000
1758472687.606718540,0.000000
1758472687.704817772,0.000000
1758472687.805916786,0.000000
1758472687.905900240,0.000000
1758472688.007334232,0.000000
1758472688.101016521,0.000000
1758472688.200783253,0.000000
1758472688.300465822,0.000000
1758472688.400819302,0.000000
1758472688.500496149,0.000000
1758472688.600662231,0.000000
1758472688.700510502,0.000000
1758472688.800413609,0.000000
1758472688.900302887,0.000000
1758472689.000352621,0.000000
1758472689.100591898,0.000000
1758472689.201158762,0.000000
1758472689.300907373,0.000000
1758472689.403244257,0.000000
1758472689.501339674,0.000000
1758472689.600663900,0.000000
1758472689.700610876,0.000000
1758472689.800646544,0.000000
1758472689.900570869,0.000000
1758472690.000472307,0.000000
1758472690.100566864,0.000000
1758472690.200914383,0.000000
1758472690.302805185,0.000000
1758472690.403507471,0.000000
1758472690.502106667,0.000000
1758472690.604342937,0.000000
1758472690.702891827,0.000000
1758472690.801246881,0.000000
1758472690.901951790,0.000000
1758472691.001575470,0.000000
1758472691.105854750,0.000000
1758472691.203246593,0.000000
1758472691.301709414,0.000000
1758472691.402714014,0.000000
1758472691.504935026,0.000000
1758472691.606387138,0.000000
1758472691.700944901,0.000000
1758472691.803829670,0.000000
1758472691.901205540,0.000000
1758472692.000366926,0.000000
1758472692.100307941,0.000000
1758472692.201523781,0.000000
1758472692.300747633,0.000000
1758472692.401391268,0.000000
1758472692.501639843,0.000000
1758472692.602338552,0.000000
1758472692.707299232,0.000000
1758472692.801534891,0.000000
1758472692.900816917,0.000000
1758472693.001695156,0.000000
1758472693.102405071,0.000000
1758472693.201924562,0.000000
1758472693.303128481,0.000000
1758472693.400878191,0.000000
1758472693.501632690,0.000000
1758472693.600331068,0.000000
1758472693.701033115,0.000000
1758472693.802206039,0.000000
1758472693.900448322,0.000000
1758472694.000663519,0.000000
1758472694.101108313,0.000000
1758472694.201116085,0.000000
1758472694.300991774,0.000000
1758472694.400500774,0.000000
1758472694.500334740,0.000000
1758472694.600565434,0.000000
1758472694.701282263,0.000000
1758472694.800735712,0.000000
1758472694.900534153,0.000000
1758472695.000217915,0.000000
1758472695.100171566,0.000000
1758472695.200030804,0.000000
1758472695.305377483,0.000000
1758472695.407511473,0.000000
1758472695.505850792,0.000000
1758472695.606032848,0.002269
1758472695.706887960,0.000000
1758472695.806022882,-0.001047
1758472695.906393290,0.006632
1758472696.000663757,0.008727
1758472696.103189468,0.007679
1758472696.207033634,0.006632
1758472696.305898666,0.014137
1758472696.407343149,0.016406
1758472696.505128622,0.015359
1758472696.602853775,0.014137
1758472696.706169367,0.013090
1758472696.805925846,0.010996
1758472696.905054092,0.010996
1758472697.004161596,0.012043
1758472697.107159853,0.012043
1758472697.206150055,0.012043
1758472697.307465315,0.012043
1758472697.405954361,0.013090
1758472697.505060673,0.013090
1758472697.606035471,0.012043
1758472697.705871582,0.010996
1758472697.807452917,0.012043
1758472697.906414032,0.013090
1758472698.005349874,0.014137
1758472698.105590105,0.012043
1758472698.206793785,0.010996
1758472698.306597233,0.010996
1758472698.407578945,0.009774
1758472698.506032228,0.008727
1758472698.605521917,0.007679
1758472698.708290339,0.005410
1758472698.805616617,0.004363
1758472698.906117439,0.005410
1758472699.005214453,0.005410
1758472699.105446815,0.005410
1758472699.205980062,0.005410
1758472699.305935860,0.005410
1758472699.407380819,0.004363
1758472699.507408142,0.003316
1758472699.605510235,0.003316
1758472699.706037760,0.002269
1758472699.805467367,0.002269
1758472699.906157732,0.001047
1758472700.006843805,0.001047
1758472700.106855392,0.002269
1758472700.206417322,0.001047
1758472700.306290388,0.002269
1758472700.405214787,0.004363
1758472700.506046534,0.010996
1758472700.607507229,0.008727
1758472700.706367731,0.008727
1758472700.805033684,0.007679
1758472700.906216860,0.005410
1758472701.006130219,0.005410
1758472701.105625153,0.003316
1758472701.206011295,0.003316
1758472701.305989265,0.003316
1758472701.406245947,0.001047
1758472701.504808187,0.000000
1758472701.604708195,-0.001047
1758472701.705645323,-0.001047
1758472701.805304050,-0.001047
1758472701.906406164,-0.001047
1758472702.004961491,-0.001047
1758472702.106602192,0.001047
1758472702.205952168,0.001047
1758472702.305381775,0.001047
1758472702.405977488,0.001047
1758472702.505905867,0.001047
1758472702.605007410,0.001047
1758472702.705900431,0.000000
1758472702.805930138,-0.001047
1758472702.906281948,-0.002269
1758472703.005522490,-0.003316
1758472703.105950356,-0.002269
1758472703.204714298,-0.003316
1758472703.305699110,-0.002269
1758472703.406169176,-0.002269
1758472703.505704880,-0.001047
1758472703.607166290,-0.001047
1758472703.705010653,-0.001047
1758472703.805173874,-0.002269
1758472703.904025555,-0.002269
1758472704.006527901,-0.003316
1758472704.103537321,-0.004363
1758472704.205503941,-0.005411
1758472704.304698229,-0.005411
1758472704.403017759,-0.006458
1758472704.503978252,-0.006458
1758472704.603941917,-0.006458
1758472704.703306675,-0.008727
1758472704.802749872,-0.010821
1758472704.905508280,-0.013090
1758472705.003194094,-0.014137
1758472705.105062485,-0.015359
1758472705.204872847,-0.015359
1758472705.302626133,-0.015359
1758472705.403013229,-0.016406
1758472705.504614353,-0.016406
1758472705.604151249,-0.016406
1758472705.703338385,-0.018500
1758472705.802785397,-0.019548
1758472705.902327061,-0.020769
1758472706.003538370,-0.020769
1758472706.105907679,-0.020769
1758472706.204121113,-0.021817
1758472706.302897930,-0.020769
1758472706.402003765,-0.020769
1758472706.502416372,-0.021817
1758472706.602621794,-0.021817
1758472706.702013969,-0.022864
1758472706.803527832,-0.023911
1758472706.903808355,-0.023911
1758472707.003279209,-0.025133
1758472707.103106260,-0.025133
1758472707.206062794,-0.026180
1758472707.402165413,-0.026180
1758472707.503301859,-0.027227
1758472707.605559349,-0.027227
1758472707.706362486,-0.027227
1758472707.802651882,-0.027227
1758472707.903181076,-0.028274
1758472708.001959562,-0.030543
1758472708.101629734,-0.031590
1758472708.403801918,-0.033859
1758472708.702523708,-0.034907
1758472708.904169559,-0.032638
1758472709.004867315,-0.032638
1758472709.102100849,-0.032638
1758472709.202167034,-0.031590
1758472709.304275036,-0.032638
1758472709.401732683,-0.032638
1758472709.501688242,-0.032638
1758472709.602913141,-0.033859
1758472709.701692581,-0.034907
1758472710.102621555,-0.035954
1758472710.203037024,-0.035954
1758472710.702734947,-0.038223
1758472710.802360058,-0.039270
1758472711.202255249,-0.042586
1758472711.402470350,-0.044680
1758472711.501879692,-0.044680
1758472711.602545738,-0.045728
1758472711.701050043,-0.044680
1758472711.802694798,-0.045728
1758472711.903042078,-0.045728
1758472712.004012585,-0.045728
1758472712.102125406,-0.046949
1758472712.202691555,-0.045728
1758472712.302633524,-0.045728
1758472712.401206970,-0.045728
1758472712.501834154,-0.045728
1758472712.602179050,-0.046949
1758472712.700758219,-0.046949
1758472712.802627802,-0.046949
1758472712.902432203,-0.047997
1758472713.000421524,-0.047997
1758472713.101025820,-0.047997
1758472713.201742649,-0.047997
1758472713.301162243,-0.046949
1758472713.402677536,-0.047997
1758472713.502468586,-0.047997
1758472713.600319386,-0.047997
1758472713.700396538,-0.046949
1758472713.802502871,-0.045728
1758472713.902001619,-0.046949
1758472714.002904177,-0.046949
1758472714.101868629,-0.046949
1758472714.202105284,-0.044680
1758472714.300583124,-0.043633
1758472714.402226448,-0.043633
1758472714.502231121,-0.042586
1758472714.601974249,-0.039270
1758472714.701586723,-0.038223
1758472714.802027464,-0.035954
1758472714.901624203,-0.032638
1758472715.000536680,-0.031590
1758472715.101003170,-0.028274
1758472715.201955557,-0.027227
1758472715.301623344,-0.026180
1758472715.400544167,-0.026180
1758472715.500340939,-0.026180
1758472715.601554394,-0.026180
1758472715.702446938,-0.026180
1758472715.803222418,-0.026180
1758472715.902321815,-0.027227
1758472716.001018286,-0.026180
1758472716.101098776,-0.026180
1758472716.201402664,-0.022864
1758472716.302196026,-0.021817
1758472716.401931047,-0.020769
1758472716.502511978,-0.018500
1758472716.600985289,-0.017453
1758472716.701351643,-0.017453
1758472716.803024054,-0.017453
1758472717.002419949,-0.017453
1758472717.101299524,-0.017453
1758472717.301806450,-0.017453
1758472717.502645969,-0.021817
1758472717.600674391,-0.022864
1758472717.802748203,-0.020769
1758472717.902207851,-0.021817
1758472718.102675915,-0.020769
1758472718.202898502,-0.018500
1758472718.302556992,-0.018500
1758472718.402774811,-0.019548
1758472718.502859354,-0.020769
1758472718.602657557,-0.021817
1758472718.703114271,-0.020769
1758472718.802824259,-0.021817
1758472718.902289629,-0.021817
1758472719.002042770,-0.022864
1758472719.101648331,-0.022864
1758472719.203706026,-0.022864
1758472719.303901672,-0.023911
1758472719.403138876,-0.023911
1758472719.502322197,-0.023911
1758472719.602538586,-0.023911
1758472719.702558279,-0.023911
1758472719.803624392,-0.023911
1758472719.902458429,-0.023911
1758472720.002628326,-0.023911
1758472720.102504015,-0.015359
1758472720.204059362,-0.014137
1758472720.300926924,-0.014137
1758472720.404397488,-0.015359
1758472720.503616810,-0.013090
1758472720.600678205,-0.005411
1758472720.703467846,-0.006458
1758472720.803847790,-0.006458
1758472720.903461695,-0.007679
1758472721.003970385,-0.005411
1758472721.103919983,-0.005411
1758472721.205307484,-0.004363
1758472721.304872513,-0.002269
1758472721.405820608,0.000000
1758472721.503962517,0.000000
1758472721.602520466,0.001047
1758472721.704981327,0.001047
1758472721.803060770,0.003316
1758472721.905261278,0.002269
1758472722.004703760,0.003316
1758472722.104040623,0.005410
1758472722.202765226,0.004363
1758472722.303291082,0.004363
1758472722.405046940,0.004363
1758472722.504727840,0.005410
1758472722.603672028,0.005410
1758472722.704232693,0.007679
1758472722.804398060,0.007679
1758472722.903520823,0.006632
1758472723.004407644,0.012043
1758472723.104017496,0.015359
1758472723.203599930,0.014137
1758472723.304303885,0.014137
1758472723.404712200,0.014137
1758472723.503660917,0.013090
1758472723.604217052,0.012043
1758472723.702866077,0.010996
1758472723.805796623,0.016406
1758472723.904904604,0.019722
1758472724.004575729,0.018500
1758472724.103578568,0.017453
1758472724.205314398,0.016406
1758472724.305307627,0.017453
1758472724.404944181,0.018500
1758472724.504106045,0.018500
1758472724.605484962,0.019722
1758472724.704780340,0.019722
1758472724.804400682,0.018500
1758472724.907349110,0.016406
1758472725.005699396,0.016406
1758472725.107890368,0.016406
1758472725.203698874,0.016406
1758472725.305153370,0.020769
1758472725.406333685,0.028449
1758472725.504622936,0.032812
1758472725.608125448,0.031590
1758472725.706090212,0.038223
1758472725.804455996,0.044680
1758472725.904955626,0.052360
1758472726.006834030,0.056723
1758472726.107359648,0.061087
1758472726.204578876,0.065450
1758472726.304387331,0.063356
1758472726.405516624,0.068766
1758472726.506042719,0.075224
1758472726.606458664,0.077493
1758472726.705388308,0.075224
1758472726.805987835,0.074176
1758472726.904741049,0.073129
1758472727.006107092,0.077493
1758472727.106289625,0.080809
1758472727.207119942,0.078540
1758472727.304874182,0.077493
1758472727.407378674,0.083950
1758472727.505980492,0.087266
1758472727.606714964,0.086219
1758472727.708020449,0.091630
1758472727.806990623,0.093899
1758472727.906462908,0.099309
1758472728.005360842,0.101404
1758472728.106064081,0.100356
1758472728.201324940,0.101404
1758472728.306118727,0.103673
1758472728.406545639,0.104720
1758472728.508181572,0.105767
1758472728.607244492,0.104720
1758472728.705565691,0.109083
1758472728.807431459,0.110130
1758472728.906903028,0.113446
1758472729.005174637,0.121126
1758472729.105507374,0.123220
1758472729.207590342,0.129853
1758472729.307051420,0.135263
1758472729.407576323,0.139626
1758472729.507102489,0.145037
1758472729.606740475,0.149400
1758472729.706859827,0.154985
1758472729.806447029,0.160396
1758472729.906299114,0.163712
1758472730.006482601,0.171217
1758472730.106405020,0.182212
1758472730.207517862,0.185529
1758472730.306404829,0.176802
1758472730.406224966,0.166853
1758472730.505977869,0.160396
1758472730.607489109,0.160396
1758472730.708261490,0.162490
1758472730.805973053,0.161443
1758472730.906743288,0.160396
1758472731.006311893,0.159349
1758472731.106092453,0.158127
1758472731.207435846,0.159349
1758472731.306312561,0.166853
1758472731.406638384,0.166853
1758472731.507502794,0.164759
1758472731.608376980,0.165806
1758472731.707305431,0.165806
1758472731.806282520,0.163712
1758472731.907002449,0.163712
1758472732.006675720,0.163712
1758472732.107618809,0.163712
1758472732.205662251,0.164759
1758472732.306254625,0.164759
1758472732.406413555,0.164759
1758472732.507102966,0.162490
1758472732.606305122,0.162490
1758472732.707295656,0.162490
1758472732.806469679,0.159349
1758472732.906810045,0.157080
1758472733.005630255,0.156032
1758472733.107531309,0.153763
1758472733.205488205,0.151669
1758472733.307873249,0.150622
1758472733.405883789,0.151669
1758472733.505613327,0.151669
1758472733.605520725,0.150622
1758472733.705283165,0.150622
1758472733.805332422,0.150622
1758472733.906659126,0.149400
1758472734.006745338,0.149400
1758472734.106830835,0.148353
1758472734.204427958,0.146259
1758472734.305707932,0.146259
1758472734.406372070,0.146259
1758472734.507622957,0.145037
1758472734.606617928,0.143990
1758472734.704715967,0.142943
1758472734.811385393,0.141895
1758472734.908118486,0.139626
1758472735.006449223,0.138579
1758472735.105875969,0.136310
1758472735.205210686,0.136310
1758472735.305500269,0.135263
1758472735.406582594,0.134216
1758472735.507780790,0.133169
1758472735.606464624,0.133169
1758472735.705179930,0.133169
1758472735.807011604,0.131947
1758472735.907848358,0.131947
1758472736.006131172,0.131947
1758472736.106167078,0.130900
1758472736.205177784,0.130900
1758472736.307504892,0.129853
1758472736.407531261,0.128805
1758472736.506272078,0.127584
1758472736.607454062,0.126536
1758472736.705168724,0.125489
1758472736.805760145,0.124442
1758472736.905964613,0.123220
1758472737.006215096,0.121126
1758472737.106488943,0.122173
1758472737.207723618,0.122173
1758472737.308170557,0.121126
1758472737.407841682,0.121126
1758472737.505824327,0.122173
1758472737.606498957,0.121126
1758472737.707037210,0.121126
1758472737.806828499,0.120079
1758472737.903204679,0.120079
1758472738.006114006,0.117810
1758472738.106186152,0.115715
1758472738.207560301,0.121126
1758472738.306262970,0.123220
1758472738.405947924,0.122173
1758472738.505277634,0.121126
1758472738.608053207,0.120079
1758472738.705726385,0.118857
1758472738.805222034,0.116763
1758472738.908225298,0.115715
1758472739.005321503,0.113446
1758472739.106945038,0.112399
1758472739.208126068,0.111352
1758472739.306517839,0.110130
1758472739.406889439,0.110130
1758472739.507230043,0.108036
1758472739.606338263,0.105767
1758472739.708818436,0.104720
1758472739.805249214,0.102625
1758472740.005326509,0.100356
1758472740.107203722,0.100356
1758472740.505945206,0.098262
1758472740.606443882,0.098262
1758472740.705529451,0.104720
1758472741.106731176,0.111352
1758472741.206573009,0.111352
1758472741.305758953,0.110130
1758472741.406206131,0.110130
1758472741.506013870,0.110130
1758472741.707342386,0.110130
1758472741.806268692,0.110130
1758472742.006793261,0.110130
1758472742.105555296,0.109083
1758472742.405291796,0.116763
1758472742.607510567,0.115715
1758472742.704790592,0.115715
1758472742.805593967,0.124442
1758472742.906755209,0.126536
1758472743.007754326,0.123220
1758472743.106973886,0.130900
1758472743.208104610,0.134216
1758472743.306344032,0.140673
1758472743.408430338,0.149400
1758472743.506804705,0.158127
1758472743.605758905,0.161443
1758472743.707567930,0.159349
1758472743.805514097,0.168075
1758472743.905605555,0.169122
1758472744.006061554,0.166853
1758472744.105493784,0.165806
1758472744.207540512,0.163712
1758472744.306174755,0.162490
1758472744.405317068,0.161443
1758472744.506374121,0.162490
1758472744.606772184,0.161443
1758472744.706133604,0.160396
1758472744.805269003,0.160396
1758472744.907460451,0.158127
1758472745.005549908,0.156032
1758472745.105237961,0.154985
1758472745.206281662,0.154985
1758472745.304733276,0.162490
1758472745.406224489,0.164759
1758472745.505491257,0.164759
1758472745.605701923,0.163712
1758472745.705325127,0.162490
1758472745.804668665,0.161443
1758472745.906432629,0.160396
1758472746.005854368,0.160396
1758472746.104127884,0.160396
1758472746.203691244,0.159349
1758472746.305132389,0.158127
1758472746.405576229,0.156032
1758472746.503135681,0.153763
1758472746.603237391,0.151669
1758472746.705496788,0.150622
1758472746.804439545,0.150622
1758472746.903706789,0.149400
1758472747.006222010,0.148353
1758472747.104849339,0.146259
1758472747.204406977,0.145037
1758472747.306477547,0.145037
1758472747.404126883,0.145037
1758472747.505283356,0.145037
1758472747.603818178,0.143990
1758472747.703389406,0.140673
1758472747.804625511,0.139626
1758472747.903159618,0.138579
1758472748.004844189,0.137532
1758472748.104955912,0.136310
1758472748.204396009,0.135263
1758472748.303546190,0.135263
1758472748.404613018,0.135263
1758472748.503945112,0.135263
1758472748.603368998,0.135263
1758472748.704401493,0.136310
1758472748.804703236,0.136310
1758472748.905926466,0.137532
1758472749.004715204,0.137532
1758472749.105674505,0.137532
1758472749.202747822,0.136310
1758472749.303669691,0.136310
1758472749.404542208,0.135263
1758472749.503206968,0.135263
1758472749.604938984,0.134216
1758472749.703688860,0.134216
1758472749.804626703,0.134216
1758472750.004676580,0.138579
1758472750.104174614,0.138579
1758472750.202975512,0.138579
1758472750.303853750,0.139626
1758472750.403483629,0.139626
1758472750.502671242,0.140673
1758472750.603842735,0.138579
1758472750.704456091,0.137532
1758472750.804017782,0.136310
1758472750.903615713,0.135263
1758472751.002588511,0.133169
1758472751.102837324,0.131947
1758472751.202605247,0.130900
1758472751.305016994,0.130900
1758472751.403241158,0.129853
1758472751.503228664,0.130900
1758472751.603198767,0.130900
1758472751.703400850,0.129853
1758472751.803975582,0.129853
1758472751.902740479,0.129853
1758472752.002573490,0.129853
1758472752.102567911,0.130900
1758472752.202709436,0.129853
1758472752.302756548,0.128805
1758472752.405399799,0.127584
1758472752.505959749,0.126536
1758472752.603128910,0.125489
1758472752.703572512,0.125489
1758472752.803141594,0.124442
1758472752.906512499,0.123220
1758472753.002101660,0.122173
1758472753.102131367,0.122173
1758472753.202606440,0.122173
1758472753.302867413,0.122173
1758472753.405015230,0.122173
1758472753.502784014,0.122173
1758472753.602699995,0.122173
1758472753.703270197,0.122173
1758472753.802735806,0.123220
1758472753.902260780,0.123220
1758472754.001426220,0.123220
1758472754.105133533,0.122173
1758472754.203172445,0.120079
1758472754.302119970,0.121126
1758472754.403405666,0.121126
1758472754.502341032,0.122173
1758472754.600973368,0.123220
1758472754.702680111,0.123220
1758472754.803258419,0.123220
1758472754.902363539,0.122173
1758472755.003279209,0.122173
1758472755.103371620,0.121126
1758472755.203121901,0.121126
1758472755.304153919,0.121126
1758472755.402226925,0.121126
1758472755.505028963,0.121126
1758472755.602109194,0.120079
1758472755.701876879,0.118857
1758472755.802870989,0.118857
1758472755.904008150,0.118857
1758472756.002580166,0.118857
1758472756.101877689,0.120079
1758472756.203623533,0.120079
1758472756.301518440,0.120079
1758472756.401001930,0.120079
1758472756.502204657,0.121126
1758472756.602397919,0.121126
1758472756.702258110,0.121126
1758472756.801346302,0.121126
1758472756.901589870,0.121126
1758472757.001679897,0.121126
1758472757.102056980,0.122173
1758472757.201501131,0.121126
1758472757.301941395,0.120079
1758472757.403227091,0.117810
1758472757.502264738,0.117810
1758472757.701711416,0.120079
1758472757.800552845,0.120079
1758472757.900815248,0.117810
1758472758.000663519,0.115715
1758472758.102250338,0.113446
1758472758.201629877,0.111352
1758472758.300372124,0.110130
1758472758.401714087,0.110130
1758472758.500694275,0.110130
1758472758.602143049,0.111352
1758472758.701829433,0.112399
1758472758.801797152,0.110130
1758472758.900659561,0.109083
1758472759.000554323,0.108036
1758472759.101662159,0.106989
1758472759.200921774,0.105767
1758472759.300449371,0.104720
1758472759.401241779,0.104720
1758472759.501121998,0.104720
1758472759.601810217,0.102625
1758472759.702493668,0.101404
1758472759.801153421,0.101404
1758472759.900782108,0.100356
1758472760.001374483,0.100356
1758472760.102303982,0.099309
1758472760.203219414,0.098262
1758472760.302289486,0.097040
1758472760.401146889,0.097040
1758472760.500313520,0.104720
1758472760.600435019,0.112399
1758472760.700415850,0.117810
1758472760.801594019,0.115715
1758472760.900757313,0.113446
1758472761.003258705,0.111352
1758472761.101295710,0.110130
1758472761.200638771,0.117810
1758472761.300520182,0.125489
1758472761.400557280,0.123220
1758472761.501519203,0.120079
1758472761.600668192,0.120079
1758472761.700330973,0.120079
1758472761.802260876,0.120079
1758472761.901446104,0.122173
1758472762.000568390,0.131947
1758472762.101128101,0.139626
1758472762.200563669,0.147306
1758472762.302366018,0.156032
1758472762.402270794,0.165806
1758472762.500978947,0.163712
1758472762.600699902,0.161443
1758472762.700713873,0.160396
1758472762.803055286,0.163712
1758472762.902677536,0.163712
1758472763.002243042,0.163712
1758472763.101971865,0.162490
1758472763.200808764,0.162490
1758472763.302924871,0.162490
1758472763.402368546,0.163712
1758472763.501854420,0.162490
1758472763.602375031,0.162490
1758472763.703226089,0.161443
1758472763.800641298,0.161443
1758472763.902373791,0.161443
1758472764.002226114,0.160396
1758472764.102363586,0.159349
1758472764.201038599,0.158127
1758472764.303222895,0.157080
1758472764.402141094,0.156032
1758472764.503052473,0.154985
1758472764.601977587,0.156032
1758472764.702216864,0.153763
1758472764.802648067,0.154985
1758472764.903041840,0.154985
1758472765.002292156,0.154985
1758472765.102248669,0.154985
1758472765.201919317,0.154985
1758472765.301310301,0.154985
1758472765.402805090,0.152716
1758472765.503856659,0.151669
1758472765.604151487,0.150622
1758472765.703665257,0.151669
1758472765.802749634,0.150622
1758472765.902694941,0.150622
1758472766.002393961,0.149400
1758472766.103240728,0.149400
1758472766.203306913,0.149400
1758472766.304484129,0.148353
1758472766.404324532,0.148353
1758472766.501950979,0.148353
1758472766.602603436,0.147306
1758472766.703589201,0.147306
1758472766.803107977,0.145037
1758472766.901941299,0.145037
1758472767.003162622,0.143990
1758472767.102123976,0.143990
1758472767.202357054,0.143990
1758472767.305126905,0.146259
1758472767.404168367,0.146259
1758472767.504532814,0.147306
1758472767.602531672,0.148353
1758472767.704480886,0.149400
1758472767.804223061,0.150622
1758472767.902786732,0.152716
1758472768.004912853,0.151669
1758472768.103387117,0.150622
1758472768.204262257,0.148353
1758472768.305698395,0.145037
1758472768.403500795,0.140673
1758472768.504797220,0.139626
1758472768.705122709,0.139626
1758472768.904761076,0.140673
1758472769.006581306,0.139626
1758472769.104117870,0.138579
1758472769.204063177,0.138579
1758472769.304355621,0.139626
1758472769.405122042,0.139626
1758472769.504845858,0.139626
1758472769.604195118,0.139626
1758472769.705836296,0.137532
1758472769.803701401,0.133169
1758472769.905493259,0.128805
1758472770.006444693,0.126536
1758472770.104723692,0.125489
1758472770.204830408,0.125489
1758472770.304106951,0.124442
1758472770.406195402,0.123220
1758472770.604183197,0.120079
1758472770.706664085,0.118857
1758472770.806648254,0.115715
1758472770.904798269,0.116763
1758472771.004317522,0.117810
1758472771.106674194,0.116763
1758472771.206139088,0.114494
1758472771.306114197,0.112399
1758472771.404041529,0.109083
1758472771.507012606,0.109083
1758472771.606381655,0.109083
1758472771.706740379,0.109083
1758472771.805601597,0.105767
1758472771.905889750,0.102625
1758472772.003998518,0.100356
1758472772.105142832,0.102625
1758472772.206672907,0.105767
1758472772.306561947,0.112399
1758472772.406439781,0.111352
1758472772.504764318,0.112399
1758472772.605304003,0.111352
1758472772.706688166,0.111352
1758472772.807357550,0.109083
1758472772.905741453,0.106989
1758472773.005222559,0.105767
1758472773.106775045,0.108036
1758472773.206580400,0.108036
1758472773.306801319,0.105767
1758472773.407358646,0.104720
1758472773.506775856,0.103673
1758472773.606128216,0.103673
1758472773.705982685,0.103673
1758472773.806564569,0.102625
1758472773.907194376,0.102625
1758472774.006663322,0.102625
1758472774.106825829,0.101404
1758472774.205434322,0.101404
1758472774.306896210,0.101404
1758472774.406749487,0.100356
1758472774.506048441,0.100356
1758472774.606631517,0.099309
1758472774.706124783,0.100356
1758472774.806400299,0.099309
1758472774.907451868,0.100356
1758472775.004440308,0.101404
1758472775.105571508,0.102625
1758472775.206582785,0.102625
1758472775.306102037,0.102625
1758472775.405427933,0.103673
1758472775.508669376,0.104720
1758472775.606743574,0.105767
1758472775.707264185,0.104720
1758472775.806190491,0.104720
1758472775.905946970,0.105767
1758472776.007309198,0.105767
1758472776.106472254,0.106989
1758472776.207582235,0.105767
1758472776.305747509,0.106989
1758472776.408359051,0.108036
1758472776.507626057,0.109083
1758472776.606154919,0.109083
1758472776.706423283,0.110130
1758472776.807188272,0.110130
1758472776.906469822,0.111352
1758472777.005609989,0.110130
1758472777.106848240,0.109083
1758472777.206367016,0.109083
1758472777.306326389,0.110130
1758472777.405525446,0.111352
1758472777.505259514,0.111352
1758472777.606278419,0.113446
1758472777.706450701,0.114494
1758472777.805872202,0.115715
1758472777.905454397,0.117810
1758472778.005791426,0.118857
1758472778.106562853,0.120079
1758472778.206525087,0.118857
1758472778.306234837,0.117810
1758472778.406715870,0.116763
1758472778.505636930,0.116763
1758472778.606471062,0.116763
1758472778.706494808,0.115715
1758472778.806354284,0.115715
1758472778.906669855,0.115715
1758472779.006451607,0.115715
1758472779.106893063,0.115715
1758472779.203326941,0.116763
1758472779.306515455,0.118857
1758472779.505060434,0.122173
1758472779.606477261,0.123220
1758472779.706267595,0.124442
1758472779.806575537,0.125489
1758472779.905745268,0.125489
1758472780.007577658,0.124442
1758472780.105586290,0.123220
1758472780.207623005,0.123220
1758472780.307728291,0.124442
1758472780.407565832,0.124442
1758472780.505985022,0.125489
1758472780.604818106,0.124442
1758472780.708687782,0.124442
1758472780.806639433,0.124442
1758472780.905858517,0.125489
1758472781.005764246,0.126536
1758472781.102732897,0.126536
1758472781.206351519,0.126536
1758472781.305294275,0.126536
1758472781.406374693,0.126536
1758472781.506478786,0.124442
1758472781.605286360,0.122173
1758472781.705363274,0.122173
1758472781.805306196,0.120079
1758472781.905551434,0.120079
1758472782.005656719,0.118857
1758472782.108010769,0.118857
1758472782.206043243,0.118857
1758472782.307749033,0.120079
1758472782.407756329,0.120079
1758472782.505538464,0.118857
1758472782.604684591,0.118857
1758472782.706558228,0.116763
1758472782.806354284,0.115715
1758472782.906986952,0.113446
1758472783.006978273,0.112399
1758472783.105278254,0.111352
1758472783.205375195,0.110130
1758472783.306227207,0.109083
1758472783.405295849,0.106989
1758472783.506577730,0.105767
1758472783.603799343,0.104720
1758472783.705162525,0.102625
1758472783.808161020,0.102625
1758472783.907912493,0.101404
1758472784.005385876,0.100356
1758472784.104624748,0.098262
1758472784.205323696,0.095993
1758472784.305209875,0.093899
1758472784.406159401,0.094946
1758472784.507713318,0.094946
1758472784.604520798,0.093899
1758472784.705933332,0.092677
1758472784.806372643,0.091630
1758472784.907917738,0.091630
1758472785.006677389,0.091630
1758472785.105241299,0.091630
1758472785.208092451,0.091630
1758472785.306177616,0.091630
1758472785.406319857,0.091630
1758472785.507943869,0.091630
1758472785.605825424,0.091630
1758472785.706123114,0.090583
1758472785.805546522,0.090583
1758472785.905952930,0.090583
1758472786.005825520,0.091630
1758472786.105570555,0.090583
1758472786.207160950,0.090583
1758472786.305981874,0.089535
1758472786.407622814,0.088314
1758472786.503753185,0.087266
1758472786.605598688,0.086219
1758472786.705917597,0.085172
1758472786.807611942,0.083950
1758472786.906638861,0.082903
1758472787.006247520,0.082903
1758472787.108418703,0.082903
1758472787.207491636,0.081856
1758472787.307684422,0.081856
1758472787.406378031,0.081856
1758472787.507737875,0.080809
1758472787.605837822,0.079587
1758472787.706023455,0.078540
1758472787.906541348,0.077493
1758472788.005830765,0.076446
1758472788.104355574,0.074176
1758472788.203946829,0.072082
1758472788.308273077,0.069813
1758472788.406687737,0.069813
1758472788.506138086,0.068766
1758472788.605342388,0.067719
1758472788.706206560,0.066497
1758472788.806677103,0.064403
1758472788.906327248,0.061087
1758472789.005265713,0.058992
1758472789.104242086,0.057770
1758472789.205174685,0.057770
1758472789.304216623,0.055676
1758472789.505626202,0.053407
1758472789.606647730,0.052360
1758472789.707217455,0.051313
1758472789.806011915,0.051313
1758472789.905172110,0.050266
1758472790.005410194,0.047997
1758472790.104123116,0.047997
1758472790.205838919,0.046949
1758472790.306624413,0.045902
1758472790.405395746,0.045902
1758472790.504002571,0.044680
1758472790.607545853,0.043633
1758472790.705979347,0.043633
1758472790.807778597,0.042586
1758472790.907609940,0.040317
1758472791.005616665,0.038223
1758472791.107234478,0.035954
1758472791.203714371,0.034907
1758472791.303263426,0.034907
1758472791.405812263,0.031590
1758472791.503558874,0.030543
1758472791.603616953,0.029496
1758472791.706638575,0.027227
1758472791.806679487,0.025133
1758472791.902926445,0.022864
1758472792.003943682,0.022864
1758472792.103590727,0.021817
1758472792.205917835,0.019722
1758472792.305738211,0.018500
1758472792.403935671,0.017453
1758472792.502578497,0.016406
1758472792.606326103,0.015359
1758472792.705577135,0.015359
1758472792.804214478,0.014137
1758472792.906433582,0.014137
1758472793.006933928,0.014137
1758472793.105528593,0.015359
1758472793.202809572,0.013090
1758472793.305591583,0.013090
1758472793.406400442,0.012043
1758472793.503397226,0.010996
1758472793.604398251,0.009774
1758472793.705518007,0.009774
1758472793.806687117,0.009774
1758472793.907147408,0.008727
1758472794.004855633,0.007679
1758472794.204295874,0.007679
1758472794.306592703,0.006632
1758472794.405601740,0.005410
1758472794.502387524,0.004363
1758472794.603189230,0.003316
1758472794.706545115,0.003316
1758472794.804980278,0.003316
1758472794.906292677,0.002269
1758472795.002703667,0.002269
1758472795.102212667,0.002269
1758472795.203264713,0.001047
1758472795.402715206,0.000000
1758472795.503225327,0.000000
1758472795.604511976,-0.001047
1758472795.705787659,-0.003316
1758472795.803913355,-0.005411
1758472795.904286146,-0.006458
1758472796.002571583,-0.007679
1758472796.103227139,-0.008727
1758472796.303187370,-0.010821
1758472796.402578115,-0.012043
1758472796.502148151,-0.013090
1758472796.601792097,-0.014137
1758472796.703218937,-0.015359
1758472796.804508448,-0.015359
1758472796.904853344,-0.016406
1758472797.102500916,-0.018500
1758472797.204539537,-0.019548
1758472797.302555561,-0.022864
1758472797.404007673,-0.025133
1758472797.502922773,-0.027227
1758472797.601961374,-0.028274
1758472797.702177286,-0.027227
1758472797.803054571,-0.027227
1758472797.902678967,-0.028274
1758472798.102743149,-0.030543
1758472798.402620316,-0.037001
1758472798.501945257,-0.039270
1758472798.601727009,-0.042586
1758472798.703711987,-0.043633
1758472798.801867485,-0.044680
1758472798.902846575,-0.044680
1758472799.002932310,-0.045728
1758472799.102649689,-0.046949
1758472799.202885866,-0.047997
1758472799.402896881,-0.051313
1758472799.502422094,-0.052360
1758472799.601412058,-0.053407
1758472799.700472832,-0.055676
1758472799.801382065,-0.057770
1758472799.901956081,-0.060039
1758472800.203229666,-0.061087
1758472800.300580025,-0.062134
1758472800.401506186,-0.063181
1758472800.501980782,-0.064403
1758472800.602614880,-0.065450
1758472800.700607300,-0.066497
1758472800.801784754,-0.068766
1758472800.900536299,-0.068766
1758472801.000905514,-0.068766
1758472801.103735209,-0.068766
1758472801.202486038,-0.069813
1758472801.402708054,-0.070860
1758472801.502315283,-0.070860
1758472801.700326443,-0.073129
1758472801.803595781,-0.074176
1758472802.000313044,-0.075224
1758472802.103627205,-0.076271
1758472802.300702095,-0.076271
1758472802.400385857,-0.076271
1758472802.501040220,-0.076271
1758472802.600440502,-0.077493
1758472802.800365686,-0.078540
1758472803.103226900,-0.080634
1758472803.201664686,-0.081856
1758472803.502096415,-0.083950
1758472803.701027870,-0.086219
1758472803.801039457,-0.088314
1758472803.902057648,-0.089361
1758472804.000511408,-0.091630
1758472804.201861620,-0.093724
1758472804.302921057,-0.094946
1758472804.402446985,-0.095993
1758472804.502178669,-0.095993
1758472804.602152586,-0.097040
1758472804.801684380,-0.098088
1758472804.900504827,-0.098088
1758472805.102574348,-0.100356
1758472805.202174425,-0.101404
1758472805.300868273,-0.102451
1758472805.401926756,-0.104720
1758472805.601284027,-0.108036
1758472805.701663494,-0.108036
1758472805.801522017,-0.109083
1758472806.600941420,-0.109083
1758472808.504586220,-0.118857
1758472808.905444384,-0.121126
1758472809.002533674,-0.122173
1758472809.102341175,-0.123220
1758472809.202555180,-0.123220
1758472809.302868128,-0.123220
1758472809.404210806,-0.123220
1758472809.504915237,-0.124267
1758472809.601887941,-0.125489
1758472809.704585075,-0.127584
1758472809.804626465,-0.130900
1758472809.906170845,-0.131947
1758472810.004618645,-0.131947
1758472810.104223967,-0.134216
1758472810.202391386,-0.134216
1758472810.302557707,-0.135263
1758472810.404119968,-0.135263
1758472810.504806757,-0.134216
1758472810.605144739,-0.134216
1758472810.704918861,-0.132994
1758472810.803133726,-0.131947
1758472810.902808666,-0.131947
1758472811.005280495,-0.131947
1758472811.104973793,-0.131947
1758472811.205289841,-0.132994
1758472811.305191278,-0.135263
1758472811.404510736,-0.136310
1758472811.505670071,-0.138579
1758472811.604046583,-0.139626
1758472811.705656290,-0.141895
1758472811.804814816,-0.141895
1758472811.903159142,-0.142942
1758472812.003266811,-0.142942
1758472812.104920149,-0.142942
1758472812.205990076,-0.143990
1758472812.303292513,-0.143990
1758472812.405387163,-0.145037
1758472812.506452560,-0.146259
1758472812.603560686,-0.147306
1758472812.706201792,-0.148353
1758472812.805352688,-0.149400
1758472812.906098843,-0.151669
1758472813.007563829,-0.153764
1758472813.107240915,-0.156032
1758472813.207303762,-0.157080
1758472813.305915833,-0.158127
1758472813.405180931,-0.159349
1758472813.504628181,-0.160396
1758472813.607881546,-0.160396
1758472813.703959227,-0.160396
1758472813.803899765,-0.159349
1758472813.907284975,-0.158127
1758472814.004979849,-0.159349
1758472814.103386641,-0.159349
1758472814.205338001,-0.159349
1758472814.303655624,-0.159349
1758472814.404958725,-0.160396
1758472814.505788088,-0.160396
1758472814.604192495,-0.161443
1758472814.706501722,-0.163712
1758472814.806432724,-0.164759
1758472814.905529737,-0.165806
1758472815.005557537,-0.166853
1758472815.103408813,-0.168075
1758472815.205982924,-0.168075
1758472815.304827929,-0.169122
1758472815.404875278,-0.170170
1758472815.505209923,-0.170170
1758472815.604409456,-0.171217
1758472815.707866669,-0.170170
1758472815.905746460,-0.170170
1758472816.005103588,-0.170170
1758472816.105682611,-0.171217
1758472816.208394527,-0.172439
1758472816.305434465,-0.173486
1758472816.408143759,-0.173486
1758472816.505747795,-0.173486
1758472816.604241848,-0.174533
1758472816.704931259,-0.174533
1758472816.807804585,-0.174533
1758472816.908277512,-0.174533
1758472817.005591631,-0.174533
1758472817.103858709,-0.175580
1758472817.207946777,-0.166853
1758472817.307552576,-0.162490
1758472817.407751799,-0.164759
1758472817.505837917,-0.165806
1758472817.605218649,-0.165806
1758472817.707179070,-0.168075
1758472817.808341503,-0.170170
1758472817.906151533,-0.171217
1758472818.007801294,-0.172439
1758472818.104463100,-0.173486
1758472818.205984592,-0.173486
1758472818.308670998,-0.174533
1758472818.407157421,-0.174533
1758472818.505938530,-0.175580
1758472818.605870962,-0.175580
1758472818.705352783,-0.177849
1758472818.808175087,-0.169122
1758472818.907696724,-0.159349
1758472819.007874489,-0.153764
1758472819.105762482,-0.157080
1758472819.206412077,-0.159349
1758472819.306390285,-0.160396
1758472819.407664061,-0.162490
1758472819.506678581,-0.163712
1758472819.606060266,-0.164759
1758472819.705594540,-0.164759
1758472819.806477785,-0.164759
1758472819.907677174,-0.163712
1758472820.007300854,-0.163712
1758472820.105836391,-0.164759
1758472820.206456661,-0.164759
1758472820.308186293,-0.164759
1758472820.407051325,-0.164759
1758472820.506939888,-0.164759
1758472820.605466604,-0.165806
1758472820.704956055,-0.168075
1758472820.807150126,-0.169122
1758472820.908143282,-0.170170
1758472821.007839918,-0.171217
1758472821.107873678,-0.172439
1758472821.205536604,-0.174533
1758472821.308516502,-0.174533
1758472821.406456470,-0.176802
1758472821.506721973,-0.170170
1758472821.607005835,-0.157080
1758472821.708010197,-0.152716
1758472821.805690050,-0.154985
1758472821.906633377,-0.156032
1758472822.007105112,-0.157080
1758472822.205703020,-0.160396
1758472822.306242704,-0.160396
1758472822.407274246,-0.160396
1758472822.508396626,-0.160396
1758472822.608557940,-0.161443
1758472822.708248854,-0.162490
1758472823.004051924,-0.168075
1758472823.207486391,-0.170170
1758472823.607752085,-0.171217
1758472823.708374977,-0.172439
1758472823.908403635,-0.175580
1758472824.008019686,-0.175580
1758472824.108468056,-0.168075
1758472824.206437111,-0.165806
1758472824.308434010,-0.168075
1758472824.407964230,-0.168075
1758472824.507946968,-0.169122
1758472824.607990026,-0.170170
1758472824.706759453,-0.170170
1758472824.808017492,-0.171217
1758472824.907050133,-0.172439
1758472825.007287741,-0.172439
1758472825.105976105,-0.172439
1758472825.205284119,-0.173486
1758472825.307327747,-0.174533
1758472825.405515194,-0.175580
1758472825.512741566,-0.168075
1758472825.605587959,-0.164759
1758472825.705975056,-0.166853
1758472825.807857513,-0.168075
1758472825.906966925,-0.169122
1758472826.007609606,-0.171217
1758472826.106675863,-0.172439
1758472826.205111980,-0.173486
1758472826.307589531,-0.174533
1758472826.406236172,-0.175580
1758472826.506122589,-0.168075
1758472826.607172489,-0.157080
1758472826.706904411,-0.153764
1758472826.807852268,-0.154985
1758472827.107341528,-0.158127
1758472827.207436085,-0.159349
1758472827.306536913,-0.160396
1758472827.605865002,-0.164759
1758472827.704967260,-0.164759
1758472827.806244373,-0.163712
1758472827.906469584,-0.162490
1758472828.007387400,-0.162490
1758472828.106048346,-0.163712
1758472828.205257893,-0.163712
1758472828.305766821,-0.163712
1758472828.406357288,-0.163712
1758472828.506656408,-0.164759
1758472828.605621099,-0.165806
1758472828.704519272,-0.166853
1758472828.806524515,-0.166853
1758472828.905770302,-0.166853
1758472829.006110907,-0.169122
1758472829.106489658,-0.170170
1758472829.206217766,-0.171217
1758472829.306285381,-0.171217
1758472829.806175947,-0.173486
1758472829.905740261,-0.174533
1758472830.005812168,-0.174533
1758472830.105558872,-0.169122
1758472830.206053734,-0.166853
1758472830.306223631,-0.168075
1758472830.404031277,-0.163712
1758472830.505663633,-0.157080
1758472830.607717991,-0.151669
1758472830.706717730,-0.150622
1758472830.806763411,-0.146259
1758472830.905606747,-0.138579
1758472831.005302668,-0.137357
1758472831.104912758,-0.131947
1758472831.204367876,-0.124267
1758472831.305429459,-0.123220
1758472831.605057955,-0.126536
1758472831.707362652,-0.126536
1758472831.805876017,-0.128631
1758472831.904500008,-0.128631
1758472832.005502701,-0.128631
1758472832.103996277,-0.122173
1758472832.205516577,-0.119904
1758472832.305957556,-0.121126
1758472832.504023075,-0.113446
1758472832.606223345,-0.113446
1758472832.705651045,-0.113446
1758472832.804742336,-0.115541
1758472832.905596256,-0.108036
1758472833.004956722,-0.100356
1758472833.105910778,-0.099309
1758472833.205040216,-0.100356
1758472833.406383038,-0.103673
1758472833.605233192,-0.101404
1758472833.807330847,-0.097040
1758472833.905250311,-0.098088
1758472834.004892826,-0.098088
1758472834.105408669,-0.099309
1758472834.206243753,-0.099309
1758472834.306567430,-0.102451
1758472834.404833317,-0.105767
1758472834.605486870,-0.106814
1758472834.705018520,-0.108036
1758472834.901984692,-0.106814
1758472835.005964518,-0.105767
1758472835.104740143,-0.106814
1758472835.205336332,-0.108036
1758472835.304246187,-0.106814
1758472835.406036854,-0.105767
1758472835.505495787,-0.105767
1758472835.605185270,-0.109083
1758472835.705325127,-0.110130
1758472835.802744627,-0.110130
1758472835.902769089,-0.111177
1758472836.004822016,-0.111177
1758472836.104305983,-0.112399
1758472836.205012321,-0.114494
1758472836.305373907,-0.116763
1758472836.403836966,-0.117810
1758472836.503940344,-0.121126
1758472836.604418278,-0.124267
1758472836.704869270,-0.113446
1758472836.806393862,-0.102451
1758472836.905250072,-0.093724
1758472837.005726099,-0.087266
1758472837.104004622,-0.087266
1758472837.205890656,-0.086219
1758472837.305670261,-0.086219
1758472837.404987335,-0.086219
1758472837.506562233,-0.087266
1758472837.604864359,-0.086219
1758472837.704949141,-0.087266
1758472837.805980921,-0.084998
1758472837.905963182,-0.082903
1758472838.005300760,-0.076271
1758472838.104021072,-0.074176
1758472838.206199646,-0.076271
1758472838.305532455,-0.077493
1758472838.403459787,-0.078540
1758472838.503961563,-0.070860
1758472838.603407621,-0.069813
1758472838.702644587,-0.070860
1758472838.803653955,-0.073129
1758472838.903926611,-0.074176
1758472839.005959272,-0.074176
1758472839.104902506,-0.075224
1758472839.203183651,-0.076271
1758472839.304752827,-0.077493
1758472839.405483007,-0.070860
1758472839.503373623,-0.070860
1758472839.604116678,-0.064403
1758472839.703253269,-0.058818
1758472839.802947998,-0.057770
1758472839.903195858,-0.053407
1758472840.003974676,-0.046949
1758472840.104979753,-0.042586
1758472840.204774857,-0.042586
1758472840.303722143,-0.041364
1758472840.403906584,-0.037001
1758472840.502649546,-0.032638
1758472840.604641438,-0.031590
1758472840.703256369,-0.032638
1758472840.802966118,-0.026180
1758472840.902628422,-0.021817
1758472841.003540754,-0.021817
1758472841.103977203,-0.025133
1758472841.203594685,-0.018500
1758472841.304229021,-0.018500
1758472841.402780056,-0.019548
1758472841.502626657,-0.018500
1758472841.603142262,-0.012043
1758472841.703510761,-0.008727
1758472841.802933931,-0.006458
1758472841.903834581,-0.003316
1758472842.001739979,0.003316
1758472842.102556944,0.009774
1758472842.202951908,0.017453
1758472842.303477049,0.022864
1758472842.401821136,0.028449
1758472842.502920628,0.028449
1758472842.602907419,0.034907
1758472842.702471733,0.037176
1758472842.801004171,0.041539
1758472842.901774883,0.043633
1758472843.003015518,0.039270
1758472843.102665663,0.040317
1758472843.202549696,0.042586
1758472843.301847219,0.049044
1758472843.402534485,0.057770
1758472843.500777245,0.063356
1758472843.601649761,0.065450
1758472843.701588631,0.074176
1758472843.800422907,0.081856
1758472843.901416302,0.088314
1758472844.001323223,0.095993
1758472844.103036642,0.098262
1758472844.202497244,0.100356
1758472844.300815344,0.099309
1758472844.402932167,0.097040
1758472844.503102064,0.097040
1758472844.602170706,0.094946
1758472844.701889515,0.093899
1758472844.800655127,0.102625
1758472844.902581215,0.109083
1758472845.001766205,0.114494
1758472845.100579262,0.112399
1758472845.200495243,0.110130
1758472845.300829649,0.108036
1758472845.400507450,0.108036
1758472845.503307343,0.106989
1758472845.603981018,0.116763
1758472845.703790188,0.124442
1758472845.800544977,0.124442
1758472845.900723219,0.124442
1758472846.000341177,0.131947
1758472846.100470543,0.140673
1758472846.201306105,0.140673
1758472846.300387859,0.138579
1758472846.401425838,0.138579
1758472846.502653122,0.137532
1758472846.601653099,0.137532
1758472846.700858355,0.137532
1758472846.801259279,0.136310
1758472846.901487827,0.136310
1758472847.000316858,0.136310
1758472847.102614880,0.143990
1758472847.201149464,0.145037
1758472847.300369978,0.143990
1758472847.400774240,0.143990
1758472847.501105070,0.141895
1758472847.601817846,0.141895
1758472847.702504635,0.140673
1758472847.800861359,0.139626
1758472847.900499821,0.139626
1758472848.001287699,0.138579
1758472848.102373362,0.146259
1758472848.201395035,0.146259
1758472848.300336838,0.152716
1758472848.400735855,0.161443
1758472848.500862122,0.169122
1758472848.601769447,0.170170
1758472848.701544046,0.171217
1758472848.802556992,0.174533
1758472848.901784420,0.176802
1758472849.002116919,0.177849
1758472849.101115465,0.172439
1758472849.201294184,0.163712
1758472849.301771402,0.163712
1758472849.501341105,0.165806
1758472849.601360083,0.165806
1758472849.702019930,0.166853
1758472849.801543236,0.165806
1758472849.902226210,0.166853
1758472850.000525475,0.166853
1758472850.102440596,0.168075
1758472850.302752733,0.171217
1758472850.401530027,0.172439
1758472850.502387285,0.172439
1758472850.602510691,0.181165
1758472850.702465057,0.182212
1758472850.801497698,0.177849
1758472850.902801991,0.169122
1758472851.104627371,0.163712
1758472851.201532841,0.170170
1758472851.302248955,0.169122
1758472851.402906656,0.176802
1758472851.501731396,0.175580
1758472851.604678392,0.171217
1758472851.702977419,0.162490
1758472851.802168846,0.160396
1758472851.901129961,0.158127
1758472852.002472878,0.157080
1758472852.102488995,0.154985
1758472852.204485655,0.152716
1758472852.302296162,0.151669
1758472852.404470444,0.148353
1758472852.502494812,0.147306
1758472852.604689837,0.146259
1758472852.705114603,0.146259
1758472852.801717997,0.146259
1758472852.904819250,0.145037
1758472853.002236366,0.143990
1758472853.101688623,0.142943
1758472853.206785440,0.146259
1758472853.303868771,0.146259
1758472853.402440786,0.146259
1758472853.504589081,0.145037
1758472853.602706909,0.145037
1758472853.704699039,0.143990
1758472853.803109169,0.140673
1758472853.902303696,0.139626
1758472854.003663063,0.138579
1758472854.104625940,0.138579
1758472854.203252554,0.137532
1758472854.303580999,0.137532
1758472854.403383732,0.137532
1758472854.504693985,0.137532
1758472854.602761507,0.138579
1758472854.702882767,0.139626
1758472854.803013325,0.140673
1758472854.905299902,0.142943
1758472855.003739357,0.141895
1758472855.103131056,0.138579
1758472855.205041170,0.137532
1758472855.305181742,0.136310
1758472855.404549599,0.136310
1758472855.505127907,0.135263
1758472855.603386879,0.135263
1758472855.705635309,0.136310
1758472855.803623438,0.135263
1758472855.905136347,0.134216
1758472856.005691290,0.134216
1758472856.104526043,0.134216
1758472856.204650402,0.134216
1758472856.304296255,0.135263
1758472856.406978846,0.135263
1758472856.506250381,0.135263
1758472856.604739904,0.134216
1758472856.706208229,0.134216
1758472856.804139853,0.135263
1758472856.906426668,0.133169
1758472857.006453991,0.130900
1758472857.104816437,0.129853
1758472857.204595089,0.130900
1758472857.303833961,0.129853
1758472857.407643318,0.127584
1758472857.507207632,0.126536
1758472857.606627703,0.125489
1758472857.704914331,0.124442
1758472857.803709507,0.123220
1758472857.906501293,0.123220
1758472858.006807089,0.123220
1758472858.106783628,0.124442
1758472858.205524445,0.123220
1758472858.306133986,0.123220
1758472858.406173229,0.121126
1758472858.504997015,0.117810
1758472858.606271982,0.116763
1758472858.706629276,0.114494
1758472858.806128502,0.113446
1758472858.908360481,0.112399
1758472859.005531311,0.111352
1758472859.106638670,0.110130
1758472859.207530975,0.109083
1758472859.306190729,0.108036
1758472859.406251431,0.106989
1758472859.507382154,0.106989
1758472859.607137680,0.106989
1758472859.706699848,0.105767
1758472859.806044102,0.105767
1758472859.907217979,0.104720
1758472860.005158901,0.103673
1758472860.105730057,0.103673
1758472860.207742453,0.109083
1758472860.306290150,0.112399
1758472860.405659199,0.111352
1758472860.505420685,0.111352
1758472860.605235100,0.111352
1758472860.707506657,0.110130
1758472860.806528807,0.109083
1758472860.906573296,0.109083
1758472861.007033825,0.114494
1758472861.106785536,0.117810
1758472861.206631660,0.116763
1758472861.306714535,0.115715
1758472861.406107426,0.114494
1758472861.504243374,0.113446
1758472861.606486797,0.113446
1758472861.706436872,0.113446
1758472861.805691481,0.113446
1758472861.906461477,0.114494
1758472862.005276203,0.114494
1758472862.105598450,0.114494
1758472862.206547737,0.114494
1758472862.306560516,0.116763
1758472862.406035900,0.118857
1758472862.505661726,0.121126
1758472862.605846167,0.122173
1758472862.706426382,0.122173
1758472862.805607319,0.123220
1758472862.907351732,0.122173
1758472863.006524324,0.121126
1758472863.106291056,0.121126
1758472863.205809355,0.127584
1758472863.306581736,0.128805
1758472863.407630682,0.127584
1758472863.506193876,0.127584
1758472863.606790066,0.125489
1758472863.705994844,0.124442
1758472863.806294441,0.122173
1758472863.908332109,0.122173
1758472864.007489443,0.121126
1758472864.107025862,0.120079
1758472864.206156254,0.120079
1758472864.306792021,0.118857
1758472864.406450510,0.118857
1758472864.505697727,0.118857
1758472864.606932402,0.116763
1758472864.707491159,0.114494
1758472864.805304050,0.111352
1758472864.907150507,0.117810
1758472865.006861687,0.120079
1758472865.106753349,0.125489
1758472865.206305504,0.128805
1758472865.307132483,0.129853
1758472865.406315327,0.130900
1758472865.505937576,0.128805
1758472865.608011246,0.126536
1758472865.705784321,0.125489
1758472865.805382967,0.125489
1758472865.906225920,0.125489
1758472866.007048845,0.125489
1758472866.107726812,0.124442
1758472866.206384182,0.122173
1758472866.305990219,0.120079
1758472866.406382084,0.117810
1758472866.505545616,0.116763
1758472866.606145382,0.116763
1758472866.705758095,0.115715
1758472866.808263063,0.113446
1758472866.905329227,0.112399
1758472867.005510569,0.112399
1758472867.107439280,0.112399
1758472867.206398487,0.112399
1758472867.307186127,0.113446
1758472867.406210423,0.114494
1758472867.506409407,0.114494
1758472867.606124878,0.112399
1758472867.707386971,0.110130
1758472867.806483507,0.108036
1758472867.905566931,0.106989
1758472868.005851507,0.105767
1758472868.106333971,0.105767
1758472868.205537796,0.105767
1758472868.306402206,0.105767
1758472868.406103134,0.105767
1758472868.505182743,0.105767
1758472868.606223822,0.105767
1758472868.706045389,0.105767
1758472868.805860758,0.104720
1758472868.905278921,0.104720
1758472869.005605459,0.105767
1758472869.107586145,0.104720
1758472869.206714153,0.103673
1758472869.305780411,0.102625
1758472869.406727314,0.101404
1758472869.506455660,0.100356
1758472869.605744600,0.099309
1758472869.705168724,0.098262
1758472869.806661367,0.099309
1758472869.907472610,0.099309
1758472870.006487846,0.098262
1758472870.107862711,0.097040
1758472870.206155539,0.098262
1758472870.305520535,0.098262
1758472870.402023315,0.103673
1758472870.506984711,0.111352
1758472870.606199026,0.115715
1758472870.705997229,0.114494
1758472870.807121754,0.113446
1758472870.906375170,0.113446
1758472871.006922960,0.112399
1758472871.104037046,0.114494
1758472871.207302570,0.113446
1758472871.306990147,0.112399
1758472871.406209469,0.111352
1758472871.506331682,0.111352
1758472871.604642630,0.110130
1758472871.707663774,0.112399
1758472871.806885481,0.113446
1758472871.905713320,0.111352
1758472872.005712986,0.110130
1758472872.105815649,0.109083
1758472872.207363844,0.108036
1758472872.306306601,0.108036
1758472872.405656099,0.108036
1758472872.506696224,0.108036
1758472872.606048107,0.106989
1758472872.705596685,0.106989
1758472872.807341814,0.105767
1758472872.904897213,0.105767
1758472873.005212069,0.105767
1758472873.107897520,0.105767
1758472873.206164598,0.105767
1758472873.306295872,0.104720
1758472873.405683041,0.102625
1758472873.507784843,0.101404
1758472873.608051300,0.099309
1758472873.706119776,0.097040
1758472873.806275845,0.095993
1758472873.906428337,0.093899
1758472874.005226851,0.092677
1758472874.107856989,0.092677
1758472874.207235813,0.091630
1758472874.306567430,0.091630
1758472874.405834436,0.093899
1758472874.503983974,0.093899
1758472874.603830814,0.093899
1758472874.707369566,0.093899
1758472874.806674719,0.092677
1758472874.903709173,0.093899
1758472875.005275249,0.093899
1758472875.106463194,0.092677
1758472875.206135035,0.090583
1758472875.304835081,0.092677
1758472875.406833410,0.091630
1758472875.505592823,0.089535
1758472875.603322029,0.089535
1758472875.706472158,0.087266
1758472875.805812597,0.088314
1758472875.902687073,0.088314
1758472876.003461838,0.087266
1758472876.104225874,0.086219
1758472876.204252243,0.085172
1758472876.306026697,0.085172
1758472876.404269457,0.083950
1758472876.506189108,0.083950
1758472876.605790377,0.083950
1758472876.703404903,0.082903
1758472876.804985762,0.083950
1758472876.905996323,0.083950
1758472877.006417036,0.083950
1758472877.105487823,0.082903
1758472877.202915907,0.082903
1758472877.304913998,0.081856
1758472877.403391838,0.080809
1758472877.605588675,0.080809
1758472877.704018831,0.079587
1758472877.806547403,0.081856
1758472877.903894424,0.082903
1758472878.004468918,0.083950
1758472878.103869200,0.085172
1758472878.202772379,0.085172
1758472878.303225756,0.083950
1758472878.404427290,0.083950
1758472878.505760431,0.085172
1758472878.603463411,0.085172
1758472878.803592205,0.082903
1758472878.903199434,0.081856
1758472879.003934860,0.080809
1758472879.104176044,0.079587
1758472879.204195499,0.078540
1758472879.303637266,0.077493
1758472879.402257681,0.077493
1758472879.502943516,0.077493
1758472879.603368282,0.077493
1758472879.702680349,0.076446
1758472879.803299665,0.076446
1758472879.903817415,0.076446
1758472880.004768610,0.075224
1758472880.102628469,0.074176
1758472880.203649282,0.072082
1758472880.303898335,0.069813
1758472880.403024912,0.067719
1758472880.503062248,0.066497
1758472880.603943110,0.067719
1758472880.702984095,0.067719
1758472880.802206039,0.067719
1758472880.902721643,0.066497
1758472881.004005432,0.066497
1758472881.102842331,0.065450
1758472881.203872204,0.065450
1758472881.305331945,0.065450
1758472881.403177977,0.065450
1758472881.503040552,0.065450
1758472881.604956865,0.063356
1758472881.702687502,0.063356
1758472881.804582834,0.063356
1758472881.902569532,0.063356
1758472882.002392530,0.063356
1758472882.102605820,0.062134
1758472882.203606367,0.061087
1758472882.302721024,0.060039
1758472882.402191162,0.057770
1758472882.502453089,0.055676
1758472882.602624416,0.055676
1758472882.702744246,0.055676
1758472882.800529957,0.056723
1758472882.902327538,0.055676
1758472883.002284527,0.055676
1758472883.103309155,0.055676
1758472883.203562260,0.056723
1758472883.300490141,0.057770
1758472883.401925802,0.060039
1758472883.502516031,0.060039
1758472883.601977110,0.058992
1758472883.703977585,0.058992
1758472883.801225424,0.058992
1758472883.900836706,0.057770
1758472884.001503944,0.057770
1758472884.103051424,0.056723
1758472884.203618765,0.056723
1758472884.302555323,0.056723
1758472884.400551319,0.054629
1758472884.502292395,0.054629
1758472884.600599766,0.053407
1758472884.702481985,0.053407
1758472884.802227497,0.053407
1758472884.902837276,0.052360
1758472885.000674248,0.051313
1758472885.103447199,0.050266
1758472885.201152086,0.047997
1758472885.301477909,0.046949
1758472885.401134491,0.046949
1758472885.501102686,0.046949
1758472885.600532293,0.046949
1758472885.703155994,0.045902
1758472885.803316116,0.044680
1758472885.900554895,0.043633
1758472886.000389099,0.042586
1758472886.100379467,0.042586
1758472886.200504303,0.041539
1758472886.300279617,0.041539
1758472886.400952339,0.041539
1758472886.500507116,0.042586
1758472886.601036787,0.043633
1758472886.701756716,0.043633
1758472886.801281691,0.042586
1758472886.900980711,0.041539
1758472887.001156092,0.040317
1758472887.101035118,0.039270
1758472887.203117132,0.039270
1758472887.301471472,0.040317
1758472887.401024818,0.041539
1758472887.501920462,0.041539
1758472887.603734732,0.040317
1758472887.702143192,0.038223
1758472887.802238464,0.038223
1758472887.901491165,0.037176
1758472888.001135588,0.035954
1758472888.100777149,0.034907
1758472888.202431440,0.033859
1758472888.301655769,0.032812
1758472888.401939392,0.031590
1758472888.500981331,0.031590
1758472888.602820158,0.031590
1758472888.701620817,0.031590
1758472888.802171230,0.032812
1758472888.900959015,0.033859
1758472889.002548695,0.035954
1758472889.103338480,0.035954
1758472889.201702833,0.035954
1758472889.301464558,0.035954
1758472889.403497934,0.033859
1758472889.502712488,0.032812
1758472889.603636026,0.031590
1758472889.702810049,0.030543
1758472889.802633524,0.028449
1758472889.903002262,0.026180
1758472890.002749681,0.027227
1758472890.102955341,0.026180
1758472890.201439142,0.026180
1758472890.303280830,0.025133
1758472890.403096676,0.025133
1758472890.504333496,0.027227
1758472890.605309486,0.028449
1758472890.702753305,0.027227
1758472890.802763700,0.027227
1758472890.904459953,0.026180
1758472891.003760815,0.025133
1758472891.104057550,0.022864
1758472891.202766180,0.022864
1758472891.304504156,0.024086
1758472891.403919697,0.024086
1758472891.504184484,0.024086
1758472891.604528189,0.024086
1758472891.705613852,0.024086
1758472891.802402973,0.022864
1758472891.902960539,0.021817
1758472892.002792597,0.021817
1758472892.104583263,0.022864
1758472892.204656839,0.024086
1758472892.302483082,0.024086
1758472892.402929783,0.022864
1758472892.504406691,0.022864
1758472892.604024172,0.024086
1758472892.704485416,0.024086
1758472892.803524256,0.022864
1758472892.905465841,0.022864
1758472893.003509521,0.024086
1758472893.103039265,0.024086
1758472893.201619148,0.025133
1758472893.304268360,0.025133
1758472893.403336525,0.029496
1758472893.505764008,0.035954
1758472893.604317188,0.037176
1758472893.705501080,0.034907
1758472893.805746317,0.040317
1758472893.905892849,0.046949
1758472894.004611731,0.050266
1758472894.103836775,0.052360
1758472894.203457832,0.050266
1758472894.305555344,0.051313
1758472894.404121161,0.051313
1758472894.505593538,0.051313
1758472894.602992535,0.051313
1758472894.704606771,0.051313
1758472894.806589603,0.056723
1758472894.905272245,0.064403
1758472895.004260063,0.066497
1758472895.104753733,0.064403
1758472895.207158804,0.062134
1758472895.305051327,0.063356
1758472895.404719114,0.063356
1758472895.507791042,0.062134
1758472895.605647564,0.066497
1758472895.706350327,0.068766
1758472895.805561066,0.064403
1758472895.907972813,0.062134
1758472896.007775068,0.067719
1758472896.105945826,0.069813
1758472896.206735611,0.066497
1758472896.306409121,0.063356
1758472896.407862902,0.066497
1758472896.506635189,0.070860
1758472896.606271267,0.074176
1758472896.705156326,0.077493
1758472896.808406115,0.082903
1758472896.908497334,0.089535
1758472897.007921457,0.099309
1758472897.104965210,0.108036
1758472897.206399918,0.116763
1758472897.305799723,0.122173
1758472897.406228304,0.127584
1758472897.507369757,0.130900
1758472897.608049631,0.130900
1758472897.706037045,0.134216
1758472897.805385590,0.134216
1758472897.908242464,0.133169
1758472898.005449772,0.131947
1758472898.108181715,0.129853
1758472898.206551313,0.127584
1758472898.306436777,0.126536
1758472898.405422688,0.130900
1758472898.506282091,0.130900
1758472898.608134031,0.127584
1758472898.706877708,0.128805
1758472898.807471037,0.126536
1758472898.905203104,0.125489
1758472899.006495714,0.125489
1758472899.106938362,0.125489
1758472899.205774307,0.127584
1758472899.308158875,0.129853
1758472899.406377792,0.129853
1758472899.507530928,0.129853
1758472899.605004549,0.128805
1758472899.704824924,0.128805
1758472899.807737827,0.128805
1758472899.907204390,0.127584
1758472900.006909609,0.126536
1758472900.106148958,0.125489
1758472900.204128027,0.123220
1758472900.305880070,0.122173
1758472900.406537533,0.121126
1758472900.505471706,0.120079
1758472900.606032848,0.117810
1758472900.707252979,0.115715
1758472900.805984974,0.113446
1758472900.908497810,0.112399
1758472901.008416414,0.111352
1758472901.107260704,0.108036
1758472901.205494881,0.106989
1758472901.307831287,0.105767
1758472901.405476809,0.108036
1758472901.505467653,0.108036
1758472901.607537508,0.110130
1758472901.706196070,0.109083
1758472901.805827618,0.108036
1758472901.906429529,0.106989
1758472902.005588770,0.104720
1758472902.105812073,0.103673
1758472902.206540108,0.101404
1758472902.307934523,0.100356
1758472902.406563997,0.099309
1758472902.508211613,0.098262
1758472902.608680487,0.095993
1758472902.706588984,0.094946
1758472902.805641890,0.093899
1758472902.907200813,0.093899
1758472903.007983208,0.091630
1758472903.106450081,0.090583
1758472903.208477736,0.089535
1758472903.307146311,0.089535
1758472903.405511141,0.088314
1758472903.506175041,0.086219
1758472903.608121634,0.083950
1758472903.706523657,0.081856
1758472903.806324482,0.081856
1758472903.905398369,0.080809
1758472904.006009579,0.078540
1758472904.106384277,0.076446
1758472904.204347134,0.075224
1758472904.307624817,0.074176
1758472904.406306744,0.073129
1758472904.505208731,0.073129
1758472904.606503725,0.080809
1758472904.705799341,0.081856
1758472904.806449413,0.080809
1758472904.907906532,0.078540
1758472905.007718563,0.076446
1758472905.108381271,0.074176
1758472905.204673529,0.078540
1758472905.306291342,0.078540
1758472905.407860756,0.080809
1758472905.505763769,0.081856
1758472905.606733084,0.080809
1758472905.706224918,0.088314
1758472905.809019566,0.090583
1758472905.906282902,0.098262
1758472906.006803989,0.098262
1758472906.105508566,0.097040
1758472906.205626965,0.094946
1758472906.305602074,0.093899
1758472906.407378674,0.092677
1758472906.506351709,0.091630
1758472906.606442451,0.089535
1758472906.706721306,0.087266
1758472906.805659533,0.083950
1758472906.907878637,0.081856
1758472907.007774115,0.079587
1758472907.107892036,0.076446
1758472907.205881119,0.082903
1758472907.306666613,0.083950
1758472907.407784700,0.080809
1758472907.508203268,0.079587
1758472907.607676506,0.077493
1758472907.704788685,0.076446
1758472907.806273699,0.075224
1758472907.906441212,0.074176
1758472908.005624294,0.073129
1758472908.106551886,0.072082
1758472908.206145048,0.069813
1758472908.306953669,0.069813
1758472908.406784534,0.068766
1758472908.506205559,0.067719
1758472908.605798006,0.064403
1758472908.704444885,0.062134
1758472908.806575537,0.060039
1758472908.907303572,0.057770
1758472909.006733656,0.057770
1758472909.106373310,0.055676
1758472909.205314159,0.054629
1758472909.306063175,0.053407
1758472909.406735420,0.051313
1758472909.507828951,0.047997
1758472909.606355667,0.045902
1758472909.705538511,0.043633
1758472909.807902813,0.041539
1758472909.907270908,0.040317
1758472910.007912397,0.038223
1758472910.107436895,0.037176
1758472910.205367088,0.035954
1758472910.306966543,0.034907
1758472910.406307697,0.033859
1758472910.507269144,0.032812
1758472910.607236624,0.032812
1758472910.705013990,0.031590
1758472910.806643724,0.028449
1758472910.902290344,0.026180
1758472911.008424520,0.024086
1758472911.107016802,0.022864
1758472911.204978466,0.020769
1758472911.306457758,0.018500
1758472911.406842470,0.018500
1758472911.506763458,0.017453
1758472911.607606173,0.016406
1758472911.707424164,0.014137
1758472911.805224419,0.012043
1758472911.905125141,0.010996
1758472912.005355120,0.010996
1758472912.106461525,0.010996
1758472912.206785202,0.009774
1758472912.307429790,0.008727
1758472912.405753613,0.007679
1758472912.506408215,0.006632
1758472912.606624603,0.005410
1758472912.708336353,0.004363
1758472912.806278706,0.003316
1758472912.906157494,0.002269
1758472913.006669044,0.002269
1758472913.105822563,0.000000
1758472913.206824541,-0.001047
1758472913.305508614,-0.003316
1758472913.404390574,-0.004363
1758472913.506419182,-0.005411
1758472913.604417324,-0.006458
1758472913.703788042,-0.008727
1758472913.804211855,-0.010821
1758472913.906116009,-0.015359
1758472914.005027771,-0.017453
1758472914.105328083,-0.020769
1758472914.204036951,-0.021817
1758472914.304178238,-0.023911
1758472914.404241562,-0.023911
1758472914.504361391,-0.023911
1758472914.603193521,-0.025133
1758472914.703706264,-0.026180
1758472914.804251671,-0.027227
1758472914.904200554,-0.027227
1758472915.003320217,-0.028274
1758472915.103612900,-0.029496
1758472915.203151941,-0.030543
1758472915.303570032,-0.033859
1758472915.404627562,-0.037001
1758472915.503323793,-0.039270
1758472915.605253696,-0.040317
1758472915.703326941,-0.042586
1758472915.804632425,-0.044680
1758472915.903107882,-0.046949
1758472916.004271269,-0.049044
1758472916.104043961,-0.050091
1758472916.204652786,-0.052360
1758472916.304111242,-0.055676
1758472916.403059244,-0.057770
1758472916.502786636,-0.060039
1758472916.602863550,-0.063181
1758472916.704356432,-0.064403
1758472916.806293249,-0.065450
1758472916.902709484,-0.066497
1758472917.003106833,-0.067544
1758472917.106012821,-0.069813
1758472917.202883005,-0.070860
1758472917.304155588,-0.071908
1758472917.403707504,-0.073129
1758472917.502887011,-0.075224
1758472917.602849007,-0.077493
1758472917.702209234,-0.078540
1758472917.803438902,-0.079587
1758472917.902801514,-0.081856
1758472918.005792141,-0.083950
1758472918.104368448,-0.086219
1758472918.202870846,-0.089361
1758472918.302450895,-0.091630
1758472918.403150558,-0.093724
1758472918.502533913,-0.095993
1758472918.603290796,-0.097040
1758472918.702536106,-0.100356
1758472918.803535461,-0.101404
1758472918.902333975,-0.104720
1758472919.003576756,-0.108036
1758472919.104307413,-0.112399
1758472919.202645302,-0.116763
1758472919.304712296,-0.121126
1758472919.402465343,-0.124267
1758472919.503396273,-0.126536
1758472919.602899790,-0.129852
1758472919.705339193,-0.131947
1758472919.804235697,-0.136310
1758472919.903228998,-0.139626
1758472920.004624605,-0.142942
1758472920.102183104,-0.146259
1758472920.202674389,-0.147306
1758472920.301960230,-0.148353
1758472920.402716875,-0.151669
1758472920.502655983,-0.153764
1758472920.603770733,-0.159349
1758472920.702661037,-0.162490
1758472920.804644585,-0.165806
1758472920.902937412,-0.168075
1758472921.002387524,-0.170170
1758472921.102761984,-0.173486
1758472921.204142570,-0.176802
1758472921.301696062,-0.178896
1758472921.403217077,-0.169122
1758472921.502821922,-0.158127
1758472921.600548267,-0.158127
1758472921.702309608,-0.161443
1758472921.802338362,-0.164759
1758472921.902661800,-0.163712
1758472922.001029491,-0.164759
1758472922.103654146,-0.168075
1758472922.202279329,-0.170170
1758472922.302500010,-0.172439
1758472922.403428316,-0.174533
1758472922.502809048,-0.175580
1758472922.600816727,-0.177849
1758472922.701261282,-0.165806
1758472922.800864697,-0.153764
1758472922.901457310,-0.153764
1758472923.000526428,-0.156032
1758472923.102139473,-0.158127
1758472923.202967882,-0.160396
1758472923.302033186,-0.161443
1758472923.401515007,-0.162490
1758472923.501454353,-0.163712
1758472923.602723837,-0.166853
1758472923.702038288,-0.168075
1758472923.802724361,-0.169122
1758472923.901623726,-0.171217
1758472924.001356840,-0.174533
1758472924.100842237,-0.176802
1758472924.202189207,-0.178896
1758472924.302204609,-0.169122
1758472924.401827335,-0.161443
1758472924.500653982,-0.162490
1758472924.600667238,-0.164759
1758472924.700819492,-0.165806
1758472924.801407814,-0.164759
1758472924.901769638,-0.165806
1758472925.001172066,-0.166853
1758472925.101128817,-0.169122
1758472925.201287508,-0.172439
1758472925.300968409,-0.175580
1758472925.401447058,-0.174533
1758472925.501193762,-0.166853
1758472925.601297855,-0.165806
1758472925.701264381,-0.166853
1758472925.801399231,-0.168075
1758472925.900740623,-0.168075
1758472926.002175331,-0.169122
1758472926.101460218,-0.170170
1758472926.201522350,-0.171217
1758472926.301357985,-0.171217
1758472926.401839256,-0.172439
1758472926.500569344,-0.172439
1758472926.602362156,-0.174533
1758472926.701941967,-0.177849
1758472926.801384687,-0.181165
1758472926.901672125,-0.171217
1758472927.000832558,-0.163712
1758472927.102194071,-0.164759
1758472927.201695681,-0.165806
1758472927.301662445,-0.169122
1758472927.402120590,-0.170170
1758472927.501757860,-0.171217
1758472927.601675510,-0.172439
1758472927.702765942,-0.173486
1758472927.801486492,-0.174533
1758472927.902091026,-0.174533
1758472928.001097441,-0.175580
1758472928.102236986,-0.175580
1758472928.201873779,-0.164759
1758472928.301821232,-0.153764
1758472928.402519464,-0.154985
1758472928.502984524,-0.159349
1758472928.602951050,-0.162490
1758472928.702124834,-0.166853
1758472928.802505732,-0.170170
1758472928.901810884,-0.170170
1758472929.002411127,-0.172439
1758472929.102008581,-0.172439
1758472929.202426434,-0.173486
1758472929.303290367,-0.174533
1758472929.401988029,-0.175580
1758472929.502503633,-0.174533
1758472929.604006052,-0.162490
1758472929.702269793,-0.161443
1758472929.804805994,-0.162490
1758472929.901536942,-0.163712
1758472930.004928112,-0.165806
1758472930.103513002,-0.168075
1758472930.203161240,-0.172439
1758472930.302258253,-0.174533
1758472930.403144121,-0.176802
1758472930.502616167,-0.176802
1758472930.603395700,-0.169122
1758472930.706490278,-0.154985
1758472930.803539038,-0.156032
1758472930.904060125,-0.157080
1758472931.002530575,-0.158127
1758472931.104281425,-0.160396
1758472931.204380751,-0.162490
1758472931.305522442,-0.163712
1758472931.404875994,-0.164759
1758472931.504855394,-0.165806
1758472931.603959560,-0.166853
1758472931.702849388,-0.168075
1758472931.803405046,-0.168075
1758472931.904158115,-0.169122
1758472932.002835274,-0.171217
1758472932.104121923,-0.172439
1758472932.205037594,-0.172439
1758472932.304272652,-0.173486
1758472932.404747486,-0.175580
1758472932.504950762,-0.177849
1758472932.603957653,-0.171217
1758472932.703462839,-0.159349
1758472932.803426266,-0.152716
1758472932.903358459,-0.157080
1758472933.003118753,-0.159349
1758472933.105525255,-0.161443
1758472933.204472303,-0.162490
1758472933.304391146,-0.163712
1758472933.403050900,-0.163712
1758472933.503193855,-0.166853
1758472933.604836941,-0.168075
1758472933.704685926,-0.170170
1758472933.804256201,-0.164759
1758472933.905969381,-0.162490
1758472934.003923655,-0.162490
1758472934.104944468,-0.163712
1758472934.205379248,-0.164759
1758472934.305123568,-0.166853
1758472934.405256271,-0.170170
1758472934.504419804,-0.171217
1758472934.603941441,-0.172439
1758472934.705354452,-0.174533
1758472934.805461407,-0.175580
1758472934.904163599,-0.177849
1758472935.003940344,-0.169122
1758472935.104561567,-0.158127
1758472935.204711676,-0.149400
1758472935.304480314,-0.148353
1758472935.405989408,-0.150622
1758472935.504530907,-0.150622
1758472935.606866121,-0.153764
1758472935.705400229,-0.148353
1758472935.805492163,-0.140674
1758472935.905291319,-0.132994
1758472936.006020308,-0.127584
1758472936.105265856,-0.121126
1758472936.205324173,-0.113446
1758472936.305800200,-0.105767
1758472936.407247066,-0.099309
1758472936.505517006,-0.091630
1758472936.606925249,-0.083950
1758472936.708044052,-0.077493
1758472936.807951212,-0.069813
1758472936.904515028,-0.062134
1758472937.004666328,-0.055676
1758472937.107889891,-0.049044
1758472937.206471205,-0.041364
1758472937.304642200,-0.032638
1758472937.403992653,-0.025133
1758472937.505343437,-0.017453
1758472937.606397152,-0.009774
1758472937.704403162,-0.001047
1758472937.805794477,0.006632
1758472937.907347202,0.015359
1758472938.004869461,0.021817
1758472938.106456280,0.029496
1758472938.207600594,0.035954
1758472938.307844639,0.041539
1758472938.406687260,0.047997
1758472938.506497383,0.053407
1758472938.605513573,0.058992
1758472938.705879927,0.064403
1758472938.806306601,0.069813
1758472938.906590462,0.074176
1758472939.006429672,0.078540
1758472939.104733229,0.083950
1758472939.205061197,0.089535
1758472939.305029631,0.093899
1758472939.406202078,0.099309
1758472939.506672621,0.102625
1758472939.606484652,0.104720
1758472939.706531048,0.114494
1758472939.805212021,0.118857
1758472939.905813217,0.122173
1758472940.006547928,0.125489
1758472940.206914902,0.133169
1758472940.307668686,0.136310
1758472940.406316519,0.140673
1758472940.506048203,0.145037
1758472940.607100487,0.150622
1758472940.804728508,0.158127
1758472940.906764746,0.162490
1758472941.106246710,0.172439
1758472941.206339836,0.177849
1758472941.306205273,0.185529
1758472941.405669928,0.181165
1758472941.506269932,0.179943
1758472941.606439114,0.176802
1758472941.705557346,0.168075
1758472941.806235075,0.171217
1758472941.907775164,0.177849
1758472942.006857157,0.173486
1758472942.107832909,0.163712
1758472942.206693172,0.169122
1758472942.305790663,0.175580
1758472942.406195641,0.181165
1758472942.505055904,0.176802
1758472942.608350039,0.166853
1758472942.706535101,0.171217
1758472942.806899786,0.176802
1758472942.906300068,0.183260
1758472943.004260778,0.177849
1758472943.105575085,0.168075
1758472943.207293749,0.172439
1758472943.302843571,0.179943
1758472943.407485008,0.176802
1758472943.605730057,0.170170
1758472943.705577135,0.178896
1758472943.806123018,0.175580
1758472944.005914211,0.170170
1758472944.106228590,0.176802
1758472944.206463337,0.185529
1758472944.305573940,0.181165
1758472944.407828569,0.173486
1758472944.506397724,0.163712
1758472944.605472326,0.164759
1758472944.707139492,0.172439
1758472944.806179285,0.178896
1758472944.907520294,0.186576
1758472945.006567478,0.182212
1758472945.107487440,0.172439
1758472945.206439257,0.165806
1758472945.307736397,0.169122
1758472945.406661034,0.175580
1758472945.505963802,0.183260
1758472945.606366158,0.177849
1758472945.706514597,0.170170
1758472945.807374239,0.159349
1758472945.906311274,0.163712
1758472946.006153107,0.169122
1758472946.105560780,0.174533
1758472946.207520962,0.179943
1758472946.308137894,0.184307
1758472946.406390429,0.176802
1758472946.505310297,0.166853
1758472946.606375933,0.170170
1758472946.706168413,0.175580
1758472946.806165218,0.181165
1758472946.906470060,0.174533
1758472947.005335569,0.165806
1758472947.105637550,0.170170
1758472947.206613064,0.175580
1758472947.305806398,0.182212
1758472947.406208992,0.176802
1758472947.506037712,0.166853
1758472947.605713606,0.157080
1758472947.707182169,0.162490
1758472947.805989027,0.168075
1758472947.908062935,0.174533
1758472948.007461786,0.181165
1758472948.107897520,0.186576
1758472948.205170393,0.185529
1758472948.305202007,0.175580
1758472948.406167746,0.165806
1758472948.507540464,0.158127
1758472948.605265856,0.160396
1758472948.706618547,0.168075
1758472948.806337118,0.174533
1758472948.906212568,0.181165
1758472949.007490873,0.187623
1758472949.106582880,0.183260
1758472949.206234694,0.175580
1758472949.307982922,0.166853
1758472949.405726194,0.159349
1758472949.506911755,0.162490
1758472949.604504347,0.169122
1758472949.706242561,0.174533
1758472949.806950331,0.181165
1758472949.907516003,0.176802
1758472950.006053925,0.169122
1758472950.105788708,0.165806
1758472950.207640171,0.163712
1758472950.306560993,0.161443
1758472950.406960726,0.159349
1758472950.505182266,0.166853
1758472950.606007099,0.171217
1758472950.706503630,0.178896
1758472950.806345701,0.188670
1758472950.907327175,0.183260
1758472951.006817102,0.173486
1758472951.104990244,0.162490
1758472951.205157042,0.166853
1758472951.306895018,0.174533
1758472951.406173229,0.182212
1758472951.506129980,0.189892
1758472951.605101109,0.184307
1758472951.705702543,0.173486
1758472951.805898905,0.162490
1758472951.905637741,0.168075
1758472952.006128073,0.174533
1758472952.105783701,0.183260
1758472952.205602646,0.190939
1758472952.306286812,0.187623
1758472952.406371355,0.175580
1758472952.506465435,0.163712
1758472952.607343674,0.149400
1758472952.706309795,0.150622
1758472952.806052446,0.157080
1758472952.906005621,0.164759
1758472953.006408215,0.170170
1758472953.106023788,0.175580
1758472953.206925869,0.182212
1758472953.307281256,0.175580
1758472953.406145334,0.163712
1758472953.506020784,0.151669
1758472953.604392290,0.157080
1758472953.707147121,0.163712
1758472953.805051327,0.171217
1758472953.907384634,0.177849
1758472954.004480839,0.184307
1758472954.104998350,0.177849
1758472954.206737041,0.168075
1758472954.305633307,0.158127
1758472954.406363726,0.163712
1758472954.505060911,0.163712
1758472954.604693651,0.170170
1758472954.704537153,0.177849
1758472954.806672812,0.184307
1758472954.905676603,0.177849
1758472955.005702257,0.171217
1758472955.106011152,0.166853
1758472955.205227613,0.172439
1758472955.305726051,0.178896
1758472955.405689001,0.176802
1758472955.505131245,0.171217
1758472955.606293201,0.165806
1758472955.703060627,0.169122
1758472955.806011200,0.175580
1758472955.903037786,0.179943
1758472956.007224083,0.174533
1758472956.103484154,0.168075
1758472956.205045462,0.173486
1758472956.305356979,0.178896
1758472956.405756474,0.175580
1758472956.504832029,0.168075
1758472956.606264591,0.162490
1758472956.705998421,0.163712
1758472956.805351734,0.170170
1758472956.904509068,0.176802
1758472957.004856110,0.183260
1758472957.103245974,0.177849
1758472957.205377340,0.169122
1758472957.306411982,0.173486
1758472957.402817249,0.179943
1758472957.503009558,0.185529
1758472957.605228662,0.178896
1758472957.702787161,0.170170
1758472957.803270102,0.166853
1758472957.903845787,0.165806
1758472958.004111767,0.172439
1758472958.107817411,0.178896
1758472958.206224203,0.185529
1758472958.305914640,0.182212
1758472958.407345057,0.171217
1758472958.505042791,0.160396
1758472958.606139421,0.164759
1758472958.703695297,0.170170
1758472958.805336475,0.175580
1758472958.906111717,0.174533
1758472959.003986359,0.170170
1758472959.103670120,0.175580
1758472959.203222036,0.182212
1758472959.303297281,0.176802
1758472959.403490782,0.165806
1758472959.503768921,0.169122
1758472959.607182503,0.176802
1758472959.706457138,0.183260
1758472959.802504778,0.178896
1758472959.903284073,0.168075
1758472960.004378557,0.158127
1758472960.103499413,0.162490
1758472960.204837084,0.170170
1758472960.303043365,0.176802
1758472960.405894756,0.182212
1758472960.505783796,0.177849
1758472960.603480101,0.166853
1758472960.701662302,0.172439
1758472960.802620649,0.178896
1758472960.905038595,0.173486
1758472961.002717733,0.162490
1758472961.105800152,0.166853
1758472961.203347683,0.175580
1758472961.305939674,0.181165
1758472961.403316021,0.174533
1758472961.503248692,0.164759
1758472961.604930401,0.171217
1758472961.705278397,0.177849
1758472961.803162813,0.184307
1758472961.902091503,0.175580
1758472962.003227711,0.163712
1758472962.105011940,0.152716
1758472962.203845739,0.160396
1758472962.304491043,0.168075
1758472962.402529716,0.173486
1758472962.502582312,0.179943
1758472962.603281498,0.186576
1758472962.704873562,0.176802
1758472962.803693056,0.164759
1758472962.904184580,0.153763
1758472963.001099110,0.160396
1758472963.103366137,0.161443
1758472963.203751087,0.170170
1758472963.302723408,0.175580
1758472963.401327133,0.181165
1758472963.501152992,0.170170
1758472963.603880405,0.158127
1758472963.704124451,0.162490
1758472963.801334858,0.170170
1758472963.902927876,0.175580
1758472964.002876043,0.182212
1758472964.102459908,0.174533
1758472964.203660965,0.166853
1758472964.302531481,0.174533
1758472964.403450012,0.181165
1758472964.502801657,0.188670
1758472964.602835417,0.182212
1758472964.703393459,0.169122
1758472964.803750753,0.158127
1758472964.902915001,0.164759
1758472965.001144409,0.172439
1758472965.102236509,0.178896
1758472965.201818943,0.186576
1758472965.302589417,0.179943
1758472965.403238297,0.168075
1758472965.502259016,0.159349
1758472965.600547314,0.166853
1758472965.702763319,0.174533
1758472965.802554131,0.181165
1758472965.901463032,0.186576
1758472966.003412724,0.176802
1758472966.102402210,0.166853
1758472966.201462030,0.166853
1758472966.303776264,0.166853
1758472966.401955605,0.166853
1758472966.500490189,0.166853
1758472966.607883930,0.166853
1758472966.703381062,0.166853
1758472966.806228161,0.166853
1758472966.907244444,0.166853
1758472967.005625963,0.166853
1758472967.105856657,0.166853
1758472967.206454277,0.166853
1758472967.304273605,0.166853
1758472967.506164312,0.166853
1758472967.606428623,0.166853
1758472967.805563211,0.166853
1758472967.905107260,0.166853
