ros_time_s,omega_2
1757275141.398450375,0.000000
1757275141.448929310,0.000000
1757275141.498473406,0.000000
1757275141.549137592,0.000000
1757275141.598272562,0.000000
1757275141.649173021,0.000000
1757275141.698679447,0.000000
1757275141.748230696,0.000000
1757275141.798884392,0.000000
1757275141.849918365,0.000000
1757275141.899325371,0.000000
1757275141.950201273,0.000000
1757275141.999989748,0.000000
1757275142.049768209,0.000000
1757275142.099845648,0.000000
1757275142.149436235,0.000000
1757275142.200646639,0.000000
1757275142.249738932,0.000000
1757275142.299891710,0.000000
1757275142.349748373,0.000000
1757275142.400656700,0.000000
1757275142.451192856,0.000000
1757275142.501092672,0.000000
1757275142.551109552,0.000000
1757275142.601120472,0.000000
1757275142.650226831,0.000000
1757275142.700191975,0.000000
1757275142.751010656,0.000000
1757275142.800328732,0.000000
1757275142.850699425,0.000000
1757275142.904906750,0.000000
1757275142.950631857,0.000000
1757275143.000812531,0.000000
1757275143.050410032,0.000000
1757275143.100739002,0.000000
1757275143.150964737,0.000000
1757275143.200578451,0.000000
1757275143.250765085,0.000000
1757275143.300730228,0.000000
1757275143.350701332,0.000000
1757275143.400443792,0.000000
1757275143.450778961,0.000000
1757275143.500818729,0.000000
1757275143.551007509,0.000000
1757275143.601315022,0.000000
1757275143.651540279,0.000000
1757275143.701276064,0.000000
1757275143.751424313,0.000000
1757275143.801270962,0.000000
1757275143.852134705,0.000000
1757275143.901588917,0.000000
1757275143.951693058,0.000000
1757275144.001416683,0.000000
1757275144.051491261,0.000000
1757275144.101370335,0.000000
1757275144.151832104,0.000000
1757275144.203311682,0.000000
1757275144.254317760,0.000000
1757275144.302522659,0.000000
1757275144.353879690,0.000000
1757275144.403035402,0.000000
1757275144.454145432,0.000000
1757275144.501959085,0.000000
1757275144.552065372,0.000000
1757275144.601972818,0.000000
1757275144.652147293,0.000000
1757275144.701996565,0.000000
1757275144.751878262,0.000000
1757275144.801370382,0.000000
1757275144.851260185,0.000000
1757275144.902022123,0.000000
1757275144.952448606,0.000000
1757275145.002225876,0.000000
1757275145.056288719,0.000000
1757275145.104710579,0.000000
1757275145.153449535,0.000000
1757275145.204547644,0.000000
1757275145.257152557,0.000000
1757275145.306239605,0.000000
1757275145.355800629,0.000000
1757275145.407158613,0.000000
1757275145.455513000,0.000000
1757275145.507221222,0.000000
1757275145.555812359,0.000000
1757275145.605561972,0.000000
1757275145.655712605,0.000000
1757275145.706647396,0.000000
1757275145.754700899,0.000000
1757275145.806645393,0.000000
1757275145.855095625,0.000000
1757275145.905179739,0.000000
1757275145.955859184,0.000000
1757275146.005148649,0.000000
1757275146.055685997,0.000000
1757275146.103625536,0.000000
1757275146.155943155,0.000000
1757275146.208385944,0.000000
1757275146.253401041,0.196000
1757275146.304187298,1.861000
1757275146.357658148,2.066000
1757275146.405817747,1.828000
1757275146.456855774,1.814000
1757275146.505519867,1.123000
1757275146.553688049,0.824000
1757275146.604002714,1.322000
1757275146.653530598,1.085000
1757275146.707183361,1.763000
1757275146.754324436,1.851000
1757275146.808057070,1.715000
1757275146.857119560,1.815000
1757275146.907552958,1.914000
1757275146.954381227,1.907000
1757275147.007193804,1.476000
1757275147.054383516,1.279000
1757275147.107227564,0.625000
1757275147.153568983,0.523000
1757275147.207488775,1.747000
1757275147.254754066,1.854000
1757275147.308097601,1.332000
1757275147.355497122,1.239000
1757275147.409544230,1.862000
1757275147.454989910,1.779000
1757275147.507730961,1.709000
1757275147.555522203,1.744000
1757275147.609230518,1.586000
1757275147.655149937,1.564000
1757275147.708145857,2.037000
1757275147.755411625,2.010000
1757275147.808831215,2.037000
1757275147.856366158,1.912000
1757275147.908814669,1.927000
1757275147.956015825,1.955000
1757275148.007787228,1.718000
1757275148.055820942,1.833000
1757275148.108489752,1.922000
1757275148.155989647,1.991000
1757275148.209567070,1.787000
1757275148.256943941,1.719000
1757275148.309727192,1.889000
1757275148.355821371,1.895000
1757275148.409701824,1.939000
1757275148.456029892,1.941000
1757275148.509566307,1.912000
1757275148.556384802,1.992000
1757275148.608788252,1.553000
1757275148.656952620,1.682000
1757275148.710041046,1.903000
1757275148.756664515,1.942000
1757275148.809380293,2.004000
1757275148.856084824,1.928000
1757275148.910133362,1.894000
1757275148.956260443,1.937000
1757275149.010300398,1.913000
1757275149.055658817,1.974000
1757275149.109305382,2.138000
1757275149.156625748,2.219000
1757275149.209934950,1.885000
1757275149.257392168,1.993000
1757275149.310062885,1.894000
1757275149.357378244,1.909000
1757275149.409213781,1.965000
1757275149.458230734,1.977000
1757275149.510446310,1.927000
1757275149.557444811,1.959000
1757275149.610070229,1.991000
1757275149.657343626,1.940000
1757275149.710768938,1.959000
1757275149.757231474,1.936000
1757275149.809960127,1.835000
1757275149.857700109,1.948000
1757275149.910529137,1.915000
1757275149.958753586,1.937000
1757275150.011064053,2.111000
1757275150.058375597,2.148000
1757275150.111442089,1.933000
1757275150.158553362,1.938000
1757275150.211518288,1.990000
1757275150.258565664,1.983000
1757275150.311419487,1.896000
1757275150.358427763,1.971000
1757275150.411954165,1.997000
1757275150.459305286,1.998000
1757275150.510360241,2.065000
1757275150.559354067,1.503000
1757275150.611372471,0.382000
1757275150.659245729,0.773000
1757275150.711921930,2.094000
1757275150.759172440,1.993000
1757275150.811994076,1.954000
1757275150.858966589,1.897000
1757275150.911792278,2.031000
1757275150.959628105,2.016000
1757275151.011354446,2.106000
1757275151.060241461,2.136000
1757275151.111498833,2.217000
1757275151.159397840,2.149000
1757275151.212066650,1.943000
1757275151.259444714,2.009000
1757275151.311515331,1.996000
1757275151.359513044,2.008000
1757275151.410794497,0.302000
1757275151.459155798,0.000000
1757275151.512209892,0.000000
1757275151.558987617,0.000000
1757275151.612277746,0.000000
1757275151.659643650,0.000000
1757275151.713038445,1.890000
1757275151.760253906,1.964000
1757275151.813055038,2.034000
1757275151.859716415,2.071000
1757275151.911801100,1.962000
1757275151.960279465,1.997000
1757275152.012843370,2.001000
1757275152.060472250,1.959000
1757275152.112199068,1.982000
1757275152.160548449,1.967000
1757275152.213153124,2.006000
1757275152.260444164,1.929000
1757275152.313660622,1.948000
1757275152.359917879,1.956000
1757275152.412748814,1.914000
1757275152.460706234,1.939000
1757275152.513455868,0.326000
1757275152.561694860,0.109000
1757275152.613867044,0.000000
1757275152.661239624,0.000000
1757275152.714218378,1.814000
1757275152.760959387,1.933000
1757275152.815096140,1.901000
1757275152.861497879,1.834000
1757275152.914541721,1.721000
1757275152.961289167,1.501000
1757275153.014363050,2.115000
1757275153.061815977,1.994000
1757275153.113240242,1.750000
1757275153.161197424,1.846000
1757275153.213560820,2.003000
1757275153.261478901,1.997000
1757275153.314326286,1.961000
1757275153.361705303,1.973000
1757275153.414031029,1.624000
1757275153.460946083,1.568000
1757275153.514315844,1.896000
1757275153.561124086,1.864000
1757275153.614034414,1.737000
1757275153.662365437,1.635000
1757275153.713592052,0.385000
1757275153.761494637,0.653000
1757275153.813638210,0.591000
1757275153.861034870,0.829000
1757275153.914522886,0.307000
1757275153.963231564,0.849000
1757275154.015549660,0.297000
1757275154.063200235,0.855000
1757275154.113093376,0.610000
1757275154.164101124,0.581000
1757275154.214851856,0.649000
1757275154.263392448,0.436000
1757275154.315270424,0.874000
1757275154.363530397,0.369000
1757275154.415313959,0.944000
1757275154.462568045,0.346000
1757275154.515827417,0.927000
1757275154.561685801,0.314000
1757275154.629939556,0.703000
1757275154.662117004,0.350000
1757275154.713924885,0.556000
1757275154.762086630,0.851000
1757275154.814462662,1.979000
1757275154.862081528,2.052000
1757275154.916292429,2.012000
1757275154.963246346,2.040000
1757275155.013752460,2.004000
1757275155.063564777,2.003000
1757275155.116105318,1.844000
1757275155.162877798,1.835000
1757275155.215392113,1.651000
1757275155.263423443,1.555000
1757275155.316825151,1.805000
1757275155.363176107,1.819000
1757275155.415880919,1.924000
1757275155.463327169,1.935000
1757275155.516499996,1.943000
1757275155.563295603,2.004000
1757275155.616308451,1.927000
1757275155.663152456,1.905000
1757275155.716330528,1.918000
1757275155.763228655,1.996000
1757275155.816814899,1.927000
1757275155.862910748,1.994000
1757275155.916919708,1.929000
1757275155.963402033,2.005000
1757275156.015586376,1.946000
1757275156.063123941,1.919000
1757275156.116061687,1.914000
1757275156.162743330,1.990000
1757275156.216380358,1.869000
1757275156.264937878,1.954000
1757275156.318019390,1.924000
1757275156.364861965,2.003000
1757275156.417956829,2.155000
1757275156.465624809,2.210000
1757275156.515042305,2.181000
1757275156.567033529,2.151000
1757275156.617747307,2.106000
1757275156.666742086,2.148000
1757275156.716839790,2.116000
1757275156.766020775,2.199000
1757275156.818070412,2.231000
1757275156.865983248,2.256000
1757275156.918342352,2.334000
1757275156.965756893,2.167000
1757275157.018932819,2.246000
1757275157.065878630,2.205000
1757275157.118118048,2.219000
1757275157.166508198,2.240000
1757275157.217072010,2.209000
1757275157.267805099,2.153000
1757275157.320006371,2.089000
1757275157.366323948,2.105000
1757275157.419028044,2.151000
1757275157.467121840,1.452000
1757275157.519499779,0.093000
1757275157.566740274,0.011000
1757275157.619628906,0.000000
1757275157.666482925,0.000000
1757275157.719032526,0.000000
1757275157.766143084,0.059000
1757275157.818406105,2.012000
1757275157.866228342,2.009000
1757275157.919326067,2.036000
1757275157.966979027,1.477000
1757275158.019451141,0.372000
1757275158.067312241,1.002000
1757275158.119547844,2.135000
1757275158.167460442,2.003000
1757275158.218888521,2.045000
1757275158.266252279,2.048000
1757275158.319072247,1.949000
1757275158.367386818,1.928000
1757275158.418665886,2.086000
1757275158.466904879,2.143000
1757275158.520336390,2.148000
1757275158.567522287,1.543000
1757275158.620350361,0.140000
1757275158.667769194,0.091000
1757275158.719361067,0.001000
1757275158.767818451,0.000000
1757275158.820315123,0.000000
1757275158.867714643,0.000000
1757275158.920718431,0.000000
1757275158.967929125,0.236000
1757275159.020035028,2.012000
1757275159.069447756,2.310000
1757275159.120819807,2.291000
1757275159.169310093,2.214000
1757275159.220901012,2.165000
1757275159.269544601,2.148000
1757275159.321779013,2.248000
1757275159.368822813,2.219000
1757275159.421057463,2.148000
1757275159.469197750,2.104000
1757275159.521719694,2.090000
1757275159.568070412,2.087000
1757275159.621232986,0.408000
1757275159.668020964,-0.259000
1757275159.721565008,0.004000
1757275159.768088579,0.000000
1757275159.821570158,0.000000
1757275159.867511272,0.000000
1757275159.921341419,0.000000
1757275159.967852592,0.059000
1757275160.022141695,1.952000
1757275160.068583727,1.993000
1757275160.122137070,1.992000
1757275160.168450356,2.006000
1757275160.221646547,2.005000
1757275160.268328428,2.029000
1757275160.321301222,1.917000
1757275160.368687153,1.882000
1757275160.422486305,1.901000
1757275160.468823195,1.929000
1757275160.522479534,1.935000
1757275160.569588900,2.003000
1757275160.622524738,1.981000
1757275160.669467688,2.008000
1757275160.722509861,1.949000
1757275160.769205570,1.973000
1757275160.823168755,1.961000
1757275160.869539261,1.926000
1757275160.923027039,1.890000
1757275160.969003916,1.862000
1757275161.022133350,1.930000
1757275161.069396973,1.927000
1757275161.122632980,1.895000
1757275161.169741154,1.888000
1757275161.221129894,1.976000
1757275161.269671679,1.860000
1757275161.322229385,1.776000
1757275161.369357347,1.611000
1757275161.422104836,1.806000
1757275161.469298601,1.862000
1757275161.521709681,1.893000
1757275161.569508314,1.939000
1757275161.622309208,1.953000
1757275161.669142485,1.886000
1757275161.722503424,1.783000
1757275161.769856453,1.651000
1757275161.823689222,1.547000
1757275161.870585203,1.610000
1757275161.924814224,1.854000
1757275161.971981287,1.952000
1757275162.024198771,1.948000
1757275162.071927547,1.932000
1757275162.124930382,1.933000
1757275162.170894384,1.895000
1757275162.224824667,1.838000
1757275162.270717621,1.694000
1757275162.324738264,1.210000
1757275162.372301579,0.658000
1757275162.425803661,0.639000
1757275162.471969128,0.452000
1757275162.522650003,0.891000
1757275162.571953058,0.284000
1757275162.624101877,0.855000
1757275162.672431946,0.394000
1757275162.724622011,0.870000
1757275162.773905754,0.404000
1757275162.824197531,0.614000
1757275162.872323513,0.717000
1757275162.924502611,0.513000
1757275162.972364902,0.744000
1757275163.024772167,0.338000
1757275163.072467566,0.606000
1757275163.124525785,0.639000
1757275163.175488710,0.394000
1757275163.225400925,0.654000
1757275163.274742365,0.559000
1757275163.323359728,0.812000
1757275163.373543501,0.298000
1757275163.421982288,0.935000
1757275163.474791765,1.601000
1757275163.524922132,2.245000
1757275163.574736118,2.216000
1757275163.624580383,2.151000
1757275163.674434662,1.075000
1757275163.724918365,0.371000
1757275163.774846315,0.803000
1757275163.826868773,0.616000
1757275163.874320984,0.616000
1757275163.924951553,0.508000
1757275163.975005865,0.878000
1757275164.026154280,0.459000
1757275164.075947523,0.723000
1757275164.124784470,0.568000
1757275164.176036835,0.821000
1757275164.226228476,0.526000
1757275164.273160219,1.213000
1757275164.325637579,2.133000
1757275164.373750925,2.130000
1757275164.426170349,1.999000
1757275164.474205256,1.994000
1757275164.526103973,2.002000
1757275164.574562788,2.022000
1757275164.626792908,1.995000
1757275164.675071955,1.892000
1757275164.727652550,1.811000
1757275164.774067879,1.810000
1757275164.825271130,1.843000
1757275164.874800205,1.378000
1757275164.926493883,0.315000
1757275164.975064278,0.728000
1757275165.025754929,0.596000
1757275165.077037096,0.566000
1757275165.127145290,0.466000
1757275165.174966812,0.637000
1757275165.227571726,2.078000
1757275165.275788784,1.980000
1757275165.328515530,2.021000
1757275165.376131535,2.049000
1757275165.427201033,1.951000
1757275165.476880550,0.935000
1757275165.527569056,0.369000
1757275165.578223944,0.819000
1757275165.626567364,0.355000
1757275165.677488565,1.067000
1757275165.727992296,1.511000
1757275165.775206804,0.540000
1757275165.827229738,0.451000
1757275165.878015757,1.249000
1757275165.926515818,2.027000
1757275165.976940870,2.034000
1757275166.028265715,1.992000
1757275166.077138901,0.861000
1757275166.127120733,0.355000
1757275166.176310539,0.788000
1757275166.227921009,0.503000
1757275166.278219938,1.256000
1757275166.328049421,1.618000
1757275166.376914501,1.710000
1757275166.428839445,2.037000
1757275166.476269245,2.008000
1757275166.529523373,1.967000
1757275166.578038931,1.999000
1757275166.628912687,2.046000
1757275166.677609444,2.014000
1757275166.728580713,1.895000
1757275166.777908564,1.963000
1757275166.827459097,1.793000
1757275166.876801252,1.974000
1757275166.928963423,1.996000
1757275166.978367090,1.959000
1757275167.028159142,1.987000
1757275167.079343319,1.916000
1757275167.128523111,1.974000
1757275167.179020643,1.930000
1757275167.229706764,1.995000
1757275167.278984547,1.924000
1757275167.329393387,1.854000
1757275167.379143715,1.934000
1757275167.429261684,1.870000
1757275167.479933500,2.015000
1757275167.528794527,2.199000
1757275167.579629421,1.740000
1757275167.628197908,1.989000
1757275167.679658175,2.017000
1757275167.728645325,2.241000
1757275167.779026270,1.589000
1757275167.828587294,1.900000
1757275167.877743006,1.893000
1757275167.927750826,1.891000
1757275167.978965282,1.906000
1757275168.029581547,1.775000
1757275168.077936888,1.786000
1757275168.128972054,1.719000
1757275168.178870678,1.599000
1757275168.229171991,1.710000
1757275168.279406786,0.692000
1757275168.328644276,0.869000
1757275168.380181313,1.329000
1757275168.428799629,1.942000
1757275168.481894493,1.927000
1757275168.528983355,2.005000
1757275168.580536127,1.994000
1757275168.629165888,1.954000
1757275168.680726290,1.971000
1757275168.730176210,1.898000
1757275168.779766560,1.837000
1757275168.833099604,1.844000
1757275168.878463268,1.780000
1757275168.931309462,1.691000
1757275168.978858709,1.736000
1757275169.029945612,1.829000
1757275169.080553532,1.227000
1757275169.130454540,1.285000
1757275169.180192709,1.533000
1757275169.231245756,1.765000
1757275169.280200243,1.820000
1757275169.330821991,1.826000
1757275169.381111860,1.775000
1757275169.430139542,1.747000
1757275169.481074095,1.687000
1757275169.531193495,1.852000
1757275169.579913616,0.934000
1757275169.629475117,1.081000
1757275169.681102037,1.439000
1757275169.730459929,1.839000
1757275169.781245947,2.006000
1757275169.830219030,2.271000
1757275169.880727530,1.508000
1757275169.931773186,1.961000
1757275169.980079412,1.926000
1757275170.030991077,1.906000
1757275170.080506563,1.996000
1757275170.129815817,1.910000
1757275170.181379795,1.992000
1757275170.231325865,1.920000
1757275170.281038284,1.953000
1757275170.330066442,1.964000
1757275170.380227566,1.926000
1757275170.430621386,1.877000
1757275170.481665134,1.605000
1757275170.531750917,1.624000
1757275170.581476688,1.861000
1757275170.631206036,1.952000
1757275170.681171417,1.989000
1757275170.731842041,2.037000
1757275170.782882929,0.373000
1757275170.830522299,0.504000
1757275170.882297754,0.876000
1757275170.932095528,0.256000
1757275170.982469559,0.878000
1757275171.030772209,0.943000
1757275171.081899405,1.005000
1757275171.130174875,1.534000
1757275171.182761431,0.776000
1757275171.230484247,1.273000
1757275171.282498598,1.752000
1757275171.331913471,1.842000
1757275171.381108999,1.892000
1757275171.431464434,1.878000
1757275171.482291222,2.068000
1757275171.530841827,2.271000
1757275171.582395315,2.056000
1757275171.631096363,2.230000
1757275171.682722330,1.189000
1757275171.730572462,1.665000
1757275171.782336950,1.973000
1757275171.831549406,2.272000
1757275171.882385731,2.198000
1757275171.930479527,2.244000
1757275171.983429432,1.739000
1757275172.030405283,1.970000
1757275172.083435297,1.999000
1757275172.132754803,2.243000
1757275172.183911085,1.720000
1757275172.231446981,1.898000
1757275172.283635139,2.008000
1757275172.333854198,2.000000
1757275172.386676788,1.933000
1757275172.433540821,1.946000
1757275172.484212637,1.934000
1757275172.533421993,1.910000
1757275172.586440563,1.891000
1757275172.633208990,1.892000
1757275172.685194016,1.977000
1757275172.733178377,1.988000
1757275172.786242485,1.946000
1757275172.834221363,1.924000
1757275172.886116505,2.008000
1757275172.933801174,2.073000
1757275172.985947371,0.399000
1757275173.033504486,0.536000
1757275173.085678339,1.093000
1757275173.133925676,1.921000
1757275173.186285973,1.987000
1757275173.233816147,2.006000
1757275173.287555695,1.977000
1757275173.334247589,1.985000
1757275173.386447430,1.993000
1757275173.434893131,1.924000
1757275173.485955238,1.954000
1757275173.533799887,1.992000
1757275173.585063457,1.912000
1757275173.633992672,1.922000
1757275173.686787605,1.860000
1757275173.734710455,1.920000
1757275173.786563158,1.973000
1757275173.835396528,1.982000
1757275173.887450218,1.913000
1757275173.935484886,1.966000
1757275173.987908840,1.956000
1757275174.035524130,1.792000
1757275174.087847471,1.911000
1757275174.134506941,1.988000
1757275174.187924147,1.960000
1757275174.235123396,1.947000
1757275174.286190033,1.968000
1757275174.334578514,1.931000
1757275174.387563229,1.916000
1757275174.435175419,2.004000
1757275174.487749100,2.118000
1757275174.535368681,2.339000
1757275174.587460279,1.682000
1757275174.635195732,1.949000
1757275174.687619686,1.940000
1757275174.735226154,2.011000
1757275174.788191080,1.971000
1757275174.834935904,1.919000
1757275174.887102127,1.852000
1757275174.934518099,1.834000
1757275174.989390850,1.999000
1757275175.034909248,2.207000
1757275175.088543653,1.271000
1757275175.136115551,2.062000
1757275175.189490080,0.379000
1757275175.235994339,-0.219000
1757275175.290024757,0.072000
1757275175.336392164,0.003000
1757275175.390015125,0.496000
1757275175.437114954,2.091000
1757275175.489284515,2.126000
1757275175.536607742,2.095000
1757275175.590103149,1.995000
1757275175.636712074,2.018000
1757275175.690327644,2.036000
1757275175.736788034,2.017000
1757275175.790012836,1.870000
1757275175.837270021,1.835000
1757275175.888319492,1.891000
1757275175.937012911,1.817000
1757275175.990233183,2.016000
1757275176.037220240,2.068000
1757275176.089181900,0.975000
1757275176.137503862,1.470000
1757275176.190009832,1.857000
1757275176.236857414,1.922000
1757275176.289365530,1.768000
1757275176.337066889,1.769000
1757275176.389168978,0.258000
1757275176.437043667,0.786000
1757275176.490296841,1.378000
1757275176.537824154,1.711000
1757275176.590449810,0.225000
1757275176.637716770,0.548000
1757275176.690826654,0.898000
1757275176.737334967,0.378000
1757275176.790615082,0.784000
1757275176.837280989,0.603000
1757275176.890115499,1.456000
1757275176.938858509,1.741000
1757275176.990257502,1.917000
1757275177.037838221,1.818000
1757275177.091779470,1.986000
1757275177.137860537,1.955000
1757275177.190773487,1.759000
1757275177.238075733,1.794000
1757275177.291851044,1.906000
1757275177.337411642,1.826000
1757275177.391906738,2.001000
1757275177.438298941,1.965000
1757275177.491269827,1.575000
1757275177.537521124,1.663000
1757275177.590998411,1.710000
1757275177.637837648,1.682000
1757275177.691260576,1.850000
1757275177.739145279,1.822000
1757275177.792548656,2.034000
1757275177.839088202,2.218000
1757275177.891671896,1.649000
1757275177.939069986,1.962000
1757275177.992943048,1.695000
1757275178.040100098,1.750000
1757275178.093316078,1.862000
1757275178.140048981,1.823000
1757275178.192858219,1.634000
1757275178.239649534,1.702000
1757275178.292118073,1.882000
1757275178.339843750,1.845000
1757275178.392658949,1.998000
1757275178.440096617,1.983000
1757275178.492879868,1.010000
1757275178.540219545,1.547000
1757275178.593928814,0.228000
1757275178.639576435,0.883000
1757275178.693156242,1.508000
1757275178.739342690,1.710000
1757275178.793453455,1.390000
1757275178.839339495,1.583000
1757275178.893418550,1.889000
1757275178.939404964,1.948000
1757275178.990732193,0.058000
1757275179.039969206,0.750000
1757275179.093424320,1.534000
1757275179.140259743,1.736000
1757275179.193937302,0.794000
1757275179.240784883,1.315000
1757275179.293584585,1.713000
1757275179.340525866,1.952000
1757275179.394241571,1.946000
1757275179.440828562,1.943000
1757275179.494790316,1.741000
1757275179.541868448,1.807000
1757275179.594633818,2.194000
1757275179.641831636,2.368000
1757275179.694880962,1.586000
1757275179.741746664,1.892000
1757275179.794446230,1.830000
1757275179.841546774,1.835000
1757275179.895197153,1.827000
1757275179.941671610,1.875000
1757275179.995640039,1.993000
1757275180.041769505,1.983000
1757275180.094642162,1.952000
1757275180.141514063,1.949000
1757275180.195050478,1.873000
1757275180.241215229,1.957000
1757275180.294824123,1.920000
1757275180.341761351,2.017000
1757275180.397253990,1.687000
1757275180.441751480,1.899000
1757275180.496377945,1.798000
1757275180.542976856,1.780000
1757275180.595993519,1.710000
1757275180.642457008,1.646000
1757275180.695986986,1.939000
1757275180.742550373,1.909000
1757275180.795988321,1.979000
1757275180.842424393,1.975000
1757275180.896371365,0.574000
1757275180.942715883,0.913000
1757275180.996257544,1.909000
1757275181.043000460,1.918000
1757275181.096302748,1.954000
1757275181.142547607,1.961000
1757275181.196202993,2.216000
1757275181.242797613,2.182000
1757275181.296392202,2.181000
1757275181.343365431,2.255000
1757275181.396517277,2.154000
1757275181.444020510,2.216000
1757275181.497004747,0.693000
1757275181.544031382,1.053000
1757275181.597298145,1.457000
1757275181.643568993,1.927000
1757275181.697026253,1.910000
1757275181.743583202,1.968000
1757275181.796113014,1.978000
1757275181.843863010,1.955000
1757275181.897738934,0.285000
1757275181.943910360,0.663000
1757275181.996729612,0.580000
1757275182.043542862,0.561000
1757275182.098026276,0.565000
1757275182.143816948,0.662000
1757275182.197293043,0.529000
1757275182.244843960,0.575000
1757275182.297966242,1.226000
1757275182.346243143,1.229000
1757275182.398506641,1.509000
1757275182.444550037,1.394000
1757275182.497276068,0.474000
1757275182.544399261,0.567000
1757275182.597154617,1.507000
1757275182.644830942,1.973000
1757275182.697098732,0.107000
1757275182.744971037,0.858000
1757275182.797221422,1.488000
1757275182.844913960,2.044000
1757275182.898183823,1.166000
1757275182.945342302,1.507000
1757275182.998484850,1.584000
1757275183.044524908,1.557000
1757275183.098088980,1.334000
1757275183.145943642,1.521000
1757275183.199714422,1.898000
1757275183.246065617,1.860000
1757275183.297630548,1.889000
1757275183.345477819,1.832000
1757275183.399873018,1.828000
1757275183.445728064,1.750000
1757275183.499160051,2.020000
1757275183.545965195,1.994000
1757275183.598645449,1.965000
1757275183.645844221,1.982000
1757275183.698367596,1.921000
1757275183.745506287,1.946000
1757275183.798111677,1.926000
1757275183.845382690,1.967000
1757275183.898757935,1.922000
1757275183.946207523,1.934000
1757275184.000285625,2.011000
1757275184.046531439,1.947000
1757275184.100074291,1.930000
1757275184.146680355,1.943000
1757275184.200670004,1.697000
1757275184.247103691,1.653000
1757275184.299450159,1.666000
1757275184.346850872,1.644000
1757275184.399939060,2.032000
1757275184.447084427,1.967000
1757275184.499790430,1.953000
1757275184.546792507,1.913000
1757275184.599944592,1.989000
1757275184.646193504,1.912000
1757275184.700052738,1.850000
1757275184.747110367,1.746000
1757275184.799542189,1.937000
1757275184.846925259,1.925000
1757275184.900267124,1.961000
1757275184.947503567,1.868000
1757275185.001415014,1.908000
1757275185.048004627,1.891000
1757275185.101078749,1.847000
1757275185.148092508,1.959000
1757275185.201791763,1.894000
1757275185.247313261,1.895000
1757275185.301353931,1.821000
1757275185.347638369,1.882000
1757275185.401064873,2.000000
1757275185.448164701,1.981000
1757275185.501977921,1.975000
1757275185.548269272,1.903000
1757275185.601310968,1.950000
1757275185.649013281,1.971000
1757275185.701729774,0.761000
1757275185.748424768,1.215000
1757275185.801050425,1.721000
1757275185.848449230,1.871000
1757275185.902542353,1.832000
1757275185.948974848,1.849000
1757275186.002164841,1.821000
1757275186.049046516,1.844000
1757275186.101827383,1.820000
1757275186.149018526,1.770000
1757275186.202043533,1.743000
1757275186.249212503,1.779000
1757275186.303047180,1.708000
1757275186.350025892,1.832000
1757275186.402713537,1.955000
1757275186.449855328,1.882000
1757275186.504253149,1.958000
1757275186.549750805,1.949000
1757275186.603066921,1.915000
1757275186.649534225,1.894000
1757275186.702236891,1.991000
1757275186.749657393,1.903000
1757275186.803544283,1.828000
1757275186.849955320,1.884000
1757275186.902978420,2.140000
1757275186.949996710,2.168000
1757275187.002387047,1.272000
1757275187.050067425,1.670000
1757275187.102316856,1.767000
1757275187.149538517,1.652000
1757275187.203495026,1.839000
1757275187.251558542,1.871000
1757275187.303379536,1.259000
1757275187.349780798,0.962000
1757275187.402455091,1.742000
1757275187.450095415,1.677000
1757275187.500391722,1.955000
1757275187.550278187,1.777000
1757275187.604421616,1.949000
1757275187.650743723,2.014000
1757275187.704518557,1.969000
1757275187.751425982,1.909000
1757275187.804543257,1.985000
1757275187.855811119,1.853000
1757275187.902525187,1.907000
1757275187.951028824,1.974000
1757275188.003834963,2.012000
1757275188.055748940,1.912000
1757275188.105152607,1.939000
1757275188.155996561,1.940000
1757275188.204750061,1.601000
1757275188.256281137,1.641000
1757275188.304880619,1.528000
1757275188.356106758,1.543000
1757275188.404791594,1.430000
1757275188.455140352,1.491000
1757275188.504456997,1.527000
1757275188.555014610,1.468000
1757275188.604741573,1.892000
1757275188.651772976,1.869000
1757275188.704399347,1.860000
1757275188.755135298,1.860000
1757275188.803977966,1.726000
1757275188.852330923,1.755000
1757275188.905708313,1.738000
1757275188.956288338,1.701000
1757275189.005155325,1.947000
1757275189.054437637,1.910000
1757275189.105865002,1.960000
1757275189.156929255,1.945000
1757275189.205292225,1.576000
1757275189.255313873,1.463000
1757275189.305638313,2.039000
1757275189.356517315,1.998000
1757275189.405049324,1.900000
1757275189.458082914,1.904000
1757275189.505766630,1.816000
1757275189.557455540,1.788000
1757275189.606996775,1.940000
1757275189.658046246,1.883000
1757275189.707114935,1.796000
1757275189.753927469,1.910000
1757275189.807787895,1.880000
1757275189.859919310,1.772000
1757275189.906664610,2.008000
1757275189.955037117,1.954000
1757275190.006943226,1.926000
1757275190.055551529,1.990000
1757275190.107461214,1.929000
1757275190.153047800,1.958000
1757275190.207039595,1.799000
1757275190.253823996,1.699000
1757275190.306508780,0.821000
1757275190.353167057,0.431000
1757275190.406444550,0.891000
1757275190.455910206,0.564000
1757275190.507240772,1.808000
1757275190.555146456,1.805000
1757275190.608044386,1.861000
1757275190.654891014,1.806000
1757275190.707412004,1.382000
1757275190.755030632,1.521000
1757275190.808167219,1.722000
1757275190.854697227,1.527000
1757275190.907371521,0.595000
1757275190.954171658,0.429000
1757275191.005082130,0.686000
1757275191.055909157,0.355000
1757275191.107907772,0.952000
1757275191.154583693,0.320000
1757275191.208337069,0.932000
1757275191.254781008,0.280000
1757275191.307406187,0.852000
1757275191.355240107,0.337000
1757275191.407433748,0.919000
1757275191.454965353,0.588000
1757275191.508165121,0.562000
1757275191.556186914,0.813000
1757275191.608635902,0.367000
1757275191.655968189,0.903000
1757275191.708934069,0.338000
1757275191.755605221,0.817000
1757275191.808347225,0.402000
1757275191.855969429,0.867000
1757275191.908922911,0.292000
1757275191.956228256,0.999000
1757275192.008438587,0.240000
1757275192.057064533,0.857000
1757275192.107615709,0.421000
1757275192.155894041,0.826000
1757275192.209493876,0.373000
1757275192.255290985,0.847000
1757275192.307556152,0.275000
1757275192.356069803,0.834000
1757275192.408288956,0.370000
1757275192.457350969,0.799000
1757275192.508821964,0.463000
1757275192.557490826,0.591000
1757275192.609651804,0.444000
1757275192.656504631,0.658000
1757275192.709748507,0.593000
1757275192.757208824,0.397000
1757275192.809952259,0.811000
1757275192.857050180,0.560000
1757275192.910311460,0.595000
1757275192.956951618,0.739000
1757275193.010252237,0.618000
1757275193.057764769,0.337000
1757275193.110670090,0.855000
1757275193.157891512,0.472000
1757275193.210744381,0.636000
1757275193.257674932,0.426000
1757275193.310359955,0.971000
1757275193.358614206,0.573000
1757275193.411310911,1.961000
1757275193.458211422,2.095000
1757275193.510962963,2.043000
1757275193.557793140,2.039000
1757275193.610836983,2.022000
1757275193.657446623,2.053000
1757275193.710407257,2.010000
1757275193.757782459,2.005000
1757275193.810729980,1.919000
1757275193.858263493,1.925000
1757275193.911581755,1.936000
1757275193.958706379,1.687000
1757275194.011970758,0.837000
1757275194.058425903,0.380000
1757275194.111720085,0.837000
1757275194.158856630,0.354000
1757275194.211544037,0.755000
1757275194.258818626,0.740000
1757275194.311457872,0.328000
1757275194.358914852,0.854000
1757275194.411515713,0.306000
1757275194.458869457,0.654000
1757275194.511738539,0.719000
1757275194.558974981,0.557000
1757275194.612359524,2.045000
1757275194.658575535,2.045000
1757275194.711572886,2.041000
1757275194.759435415,1.941000
1757275194.812314510,1.938000
1757275194.860289574,1.978000
1757275194.912428141,1.984000
1757275194.961236000,1.786000
1757275195.013218880,0.734000
1757275195.060059071,0.484000
1757275195.110576153,0.854000
1757275195.160150766,0.428000
1757275195.212643623,0.808000
1757275195.260084152,0.630000
1757275195.313440084,0.631000
1757275195.359740734,0.753000
1757275195.413828135,2.078000
1757275195.459429741,2.041000
1757275195.512511492,1.992000
1757275195.560672045,1.961000
1757275195.613031626,1.911000
1757275195.660446167,1.862000
1757275195.712011576,0.714000
1757275195.759854317,0.434000
1757275195.812251568,0.783000
1757275195.860096455,0.499000
1757275195.911894321,0.570000
1757275195.960569143,0.722000
1757275196.013819456,0.428000
1757275196.061081409,0.759000
1757275196.111714840,0.664000
1757275196.160439491,0.793000
1757275196.213677883,2.050000
1757275196.262365580,2.064000
1757275196.313923836,2.025000
1757275196.362742186,1.932000
1757275196.414422989,1.861000
1757275196.462527037,2.007000
1757275196.515485764,2.104000
1757275196.561108828,2.022000
1757275196.615041018,1.623000
1757275196.661368608,1.075000
1757275196.714682341,1.750000
1757275196.761055231,1.651000
1757275196.813681364,1.799000
1757275196.862257719,1.723000
1757275196.913874865,1.554000
1757275196.961956024,1.655000
1757275197.014412403,1.739000
1757275197.061079979,1.838000
1757275197.114849329,1.613000
1757275197.162927628,1.667000
1757275197.215154886,1.915000
1757275197.263379097,1.670000
1757275197.315134764,1.726000
1757275197.362970591,1.644000
1757275197.415493965,1.662000
1757275197.462265968,1.671000
1757275197.516001463,1.882000
1757275197.562548637,1.941000
1757275197.614626646,1.919000
1757275197.662338734,1.946000
1757275197.715333462,1.935000
1757275197.762443542,1.910000
1757275197.814953566,1.902000
1757275197.863364458,1.954000
1757275197.916122437,1.895000
1757275197.963983059,1.998000
1757275198.017145157,2.054000
1757275198.064255714,2.126000
1757275198.116972685,1.981000
1757275198.164274931,1.974000
1757275198.217084646,1.989000
1757275198.264758110,1.962000
1757275198.315793514,2.026000
1757275198.364744186,2.022000
1757275198.417266130,2.045000
1757275198.463427305,2.047000
1757275198.515253305,1.954000
1757275198.565291882,1.988000
1757275198.618236780,1.913000
1757275198.663421154,1.844000
1757275198.715883255,1.926000
1757275198.764029264,1.899000
1757275198.815357924,1.887000
1757275198.864481211,1.897000
1757275198.917134285,1.904000
1757275198.964877605,1.897000
1757275199.016654253,1.806000
1757275199.064768314,1.827000
1757275199.115884542,1.901000
1757275199.164298058,1.855000
1757275199.218038321,1.960000
1757275199.265964985,1.940000
1757275199.317045689,1.796000
1757275199.367039442,1.828000
1757275199.418655396,1.929000
1757275199.468124628,1.785000
1757275199.519874573,1.857000
1757275199.567903757,1.859000
1757275199.618513584,1.816000
1757275199.665781498,1.804000
1757275199.717854261,1.889000
1757275199.767245770,1.933000
1757275199.817338705,1.948000
1757275199.868569136,1.929000
1757275199.918623209,1.818000
1757275199.966577768,1.732000
1757275200.017884016,1.735000
1757275200.067659855,1.947000
1757275200.118418694,1.854000
1757275200.165924788,1.879000
1757275200.217903614,1.818000
1757275200.266233206,1.902000
1757275200.319174051,1.703000
1757275200.366472721,1.760000
1757275200.418683290,1.880000
1757275200.465045929,1.761000
1757275200.518213034,1.744000
1757275200.565925360,1.869000
1757275200.618486166,1.913000
1757275200.667057514,1.929000
1757275200.719535828,1.831000
1757275200.767426968,1.826000
1757275200.820310593,1.889000
1757275200.866900682,1.952000
1757275200.920380116,1.906000
1757275200.967080593,2.014000
1757275201.020488024,2.008000
1757275201.067862749,2.000000
1757275201.118981600,1.891000
1757275201.168349266,2.010000
1757275201.219852686,1.953000
1757275201.267403126,1.913000
1757275201.320019484,2.010000
1757275201.368764162,2.016000
1757275201.421224117,1.957000
1757275201.467680454,1.876000
1757275201.521916389,1.918000
1757275201.568463326,1.896000
1757275201.623963833,1.974000
1757275201.667897701,2.010000
1757275201.719503403,1.831000
1757275201.768212795,1.804000
1757275201.820932865,0.264000
1757275201.867251635,-0.061000
1757275201.922031403,-0.109000
1757275201.967019320,-0.001000
1757275202.020854235,-0.000000
1757275202.068098307,0.059000
1757275202.122931957,1.941000
1757275202.168814421,1.967000
1757275202.221002102,2.004000
1757275202.268914938,1.947000
1757275202.322367191,1.975000
1757275202.367993832,1.954000
1757275202.422521114,1.982000
1757275202.468667984,2.019000
1757275202.522286415,1.996000
1757275202.568947315,1.886000
1757275202.622167587,1.654000
1757275202.670119286,1.362000
1757275202.721534729,2.062000
1757275202.769701958,1.956000
1757275202.823129177,1.970000
1757275202.870112181,2.005000
1757275202.924478292,1.980000
1757275202.968863964,1.942000
1757275203.023924828,1.911000
1757275203.070133209,1.917000
1757275203.124272346,1.943000
1757275203.170511007,1.931000
1757275203.223338842,1.947000
1757275203.271354437,1.982000
1757275203.323193550,1.656000
1757275203.369088173,1.602000
1757275203.422644377,1.929000
1757275203.470828056,1.854000
1757275203.523971558,1.896000
1757275203.570345879,1.908000
1757275203.623363018,1.806000
1757275203.671665668,1.882000
1757275203.722076893,1.982000
1757275203.771223307,1.814000
1757275203.823350430,1.865000
1757275203.872209311,1.609000
1757275203.922006845,1.679000
1757275203.972244740,1.148000
1757275204.022897959,0.355000
1757275204.070947647,0.827000
1757275204.123280287,1.236000
1757275204.171443462,1.370000
1757275204.224975348,0.450000
1757275204.271720409,0.917000
1757275204.325734854,0.267000
1757275204.371277094,0.852000
1757275204.428350449,1.143000
1757275204.471752644,0.893000
1757275204.522589922,1.109000
1757275204.575444698,1.487000
1757275204.625202417,1.765000
1757275204.672133684,1.569000
1757275204.724972248,1.540000
1757275204.770970106,1.422000
1757275204.825037241,1.094000
1757275204.871997833,1.276000
1757275204.925299168,1.390000
1757275204.972711563,1.496000
1757275205.023632526,1.475000
1757275205.075366259,1.599000
1757275205.126362085,2.158000
1757275205.172734022,1.561000
1757275205.225041628,1.739000
1757275205.272751331,1.708000
1757275205.324703455,1.949000
1757275205.371733427,1.940000
1757275205.425912619,1.938000
1757275205.473364592,0.840000
1757275205.524727345,0.260000
1757275205.572938681,0.806000
1757275205.624555588,0.395000
1757275205.672837257,0.843000
1757275205.724215508,0.372000
1757275205.772662640,0.864000
1757275205.823938370,0.595000
1757275205.872571468,1.290000
1757275205.924299002,1.567000
1757275205.972477436,1.210000
1757275206.024226189,0.352000
1757275206.073089838,0.680000
1757275206.124518394,1.760000
1757275206.172509670,1.803000
1757275206.223798275,1.682000
1757275206.271109581,1.690000
1757275206.324701548,1.815000
1757275206.375446558,1.829000
1757275206.425058126,2.085000
1757275206.472556829,2.075000
1757275206.523907661,1.885000
1757275206.572076797,1.892000
1757275206.624246597,1.938000
1757275206.671489716,1.968000
1757275206.724987030,1.882000
1757275206.774619341,0.844000
1757275206.825209856,0.317000
1757275206.873020887,0.846000
1757275206.925139904,2.080000
1757275206.972507238,2.009000
1757275207.023573160,1.935000
1757275207.072170019,1.987000
1757275207.124550581,1.930000
1757275207.172163010,1.964000
1757275207.224240780,1.923000
1757275207.273366928,2.015000
1757275207.326963902,1.936000
1757275207.372163534,1.963000
1757275207.426506758,1.935000
1757275207.472361565,1.958000
1757275207.524151802,1.967000
1757275207.573180437,1.901000
1757275207.624705791,1.954000
1757275207.674520731,0.917000
1757275207.725014687,0.293000
1757275207.772005081,1.070000
1757275207.824687243,1.864000
1757275207.871406794,1.928000
1757275207.925738096,1.917000
1757275207.971001625,1.924000
1757275208.025249958,1.949000
1757275208.072126627,1.995000
1757275208.124321222,2.006000
1757275208.173472166,1.935000
1757275208.225798130,2.090000
1757275208.274445295,2.106000
1757275208.324768066,2.028000
1757275208.374018192,1.960000
1757275208.425392628,2.053000
1757275208.472976685,1.916000
1757275208.524545908,2.017000
1757275208.572338104,1.925000
1757275208.624702692,1.943000
1757275208.672988415,1.837000
1757275208.723913193,1.799000
1757275208.773072720,1.777000
1757275208.824899673,1.915000
1757275208.873224974,1.802000
1757275208.925058126,1.985000
1757275208.972074032,1.908000
1757275209.024782419,1.859000
1757275209.073059797,1.736000
1757275209.123026848,1.839000
1757275209.173454285,1.209000
1757275209.223085403,1.550000
1757275209.272590160,1.035000
1757275209.324223757,0.701000
1757275209.373060942,0.465000
1757275209.425531149,1.656000
1757275209.473870993,1.221000
1757275209.529243708,0.348000
1757275209.574978828,0.776000
1757275209.626315117,0.461000
1757275209.677543163,1.143000
1757275209.728236914,2.126000
1757275209.775933743,2.037000
1757275209.828319311,1.385000
1757275209.875216246,1.602000
1757275209.926814318,1.480000
1757275209.976310253,0.332000
1757275210.028345108,0.682000
1757275210.078085423,0.826000
1757275210.129890442,0.396000
1757275210.178512812,0.816000
1757275210.228051662,2.112000
1757275210.275572777,1.743000
1757275210.330271482,2.063000
1757275210.375805855,2.018000
1757275210.428474188,1.961000
1757275210.476335526,1.954000
1757275210.526724339,1.939000
1757275210.578022242,1.973000
1757275210.627925396,2.123000
1757275210.678137302,1.955000
1757275210.728573799,1.915000
1757275210.778386116,2.012000
1757275210.828659058,1.935000
1757275210.878696680,2.018000
1757275210.930233240,2.086000
1757275210.980370998,2.067000
1757275211.029641151,2.103000
1757275211.080544472,2.025000
1757275211.129988909,1.939000
1757275211.181661367,1.973000
1757275211.230543852,1.847000
1757275211.282551289,1.727000
1757275211.330906630,1.817000
1757275211.382564783,1.881000
1757275211.430783510,1.876000
1757275211.482687235,1.896000
1757275211.530263186,1.814000
1757275211.580410719,1.736000
1757275211.631055117,1.928000
1757275211.682414532,1.956000
1757275211.731524706,1.900000
1757275211.782233000,1.757000
1757275211.830664158,1.820000
1757275211.880292416,1.889000
1757275211.931367159,1.937000
1757275211.982218027,1.952000
1757275212.032371283,1.859000
1757275212.088469982,1.809000
1757275212.131970644,1.694000
1757275212.184488297,1.832000
1757275212.231562853,1.810000
1757275212.282448053,1.809000
1757275212.332030296,1.998000
1757275212.382002115,1.968000
1757275212.430866003,1.903000
1757275212.482240677,1.840000
1757275212.531956434,1.915000
1757275212.583518267,1.975000
1757275212.631987572,1.955000
1757275212.683392525,1.913000
1757275212.731768370,1.976000
1757275212.784666061,1.363000
1757275212.831527948,1.677000
1757275212.882002115,1.703000
1757275212.931321621,1.731000
1757275212.983891726,1.858000
1757275213.031157017,2.041000
1757275213.082485914,1.928000
1757275213.131113291,1.963000
1757275213.181708813,1.970000
1757275213.231331110,1.952000
1757275213.283738136,1.935000
1757275213.332143068,1.932000
1757275213.384574175,2.062000
1757275213.432076216,1.941000
1757275213.484109163,1.991000
1757275213.532129526,1.947000
1757275213.582953691,1.928000
1757275213.632577419,1.897000
1757275213.686260462,1.904000
1757275213.732971191,1.978000
1757275213.785766840,1.948000
1757275213.833072901,1.907000
1757275213.884660244,1.976000
1757275213.932863474,1.971000
1757275213.984586000,0.328000
1757275214.032373190,-0.155000
1757275214.084960938,0.549000
1757275214.132803679,1.897000
1757275214.184563637,2.019000
1757275214.232434034,1.996000
1757275214.285531998,2.015000
1757275214.333211660,2.022000
1757275214.384269476,1.899000
1757275214.433713913,1.894000
1757275214.485893965,1.977000
1757275214.534015179,1.929000
1757275214.586116076,1.966000
1757275214.634016991,1.969000
1757275214.686336517,1.897000
1757275214.734625101,1.987000
1757275214.786178350,0.903000
1757275214.833673716,-0.126000
1757275214.886409521,0.838000
1757275214.933453321,1.365000
1757275214.985977173,1.712000
1757275215.033987045,1.681000
1757275215.086103916,1.692000
1757275215.133690357,1.763000
1757275215.186815500,1.409000
1757275215.234832525,1.500000
1757275215.287279367,1.472000
1757275215.337549925,1.413000
1757275215.387313604,1.339000
1757275215.435744524,1.370000
1757275215.487690687,1.625000
1757275215.534078121,1.789000
1757275215.586631060,0.124000
1757275215.634721518,0.757000
1757275215.687704325,1.367000
1757275215.734979868,1.817000
1757275215.787344933,1.565000
1757275215.835242271,1.764000
1757275215.888201475,1.846000
1757275215.935411453,1.953000
1757275215.988807440,1.966000
1757275216.036113262,1.843000
1757275216.087921858,0.029000
1757275216.135749102,0.644000
1757275216.188277960,0.498000
1757275216.235813379,0.790000
1757275216.288239717,0.386000
1757275216.335700035,0.840000
1757275216.389247417,1.677000
1757275216.435624599,1.677000
1757275216.489312172,1.889000
1757275216.535880089,1.851000
1757275216.589953899,1.973000
1757275216.636475563,1.984000
1757275216.689518690,0.124000
1757275216.736243010,0.547000
1757275216.788977146,1.311000
1757275216.836684942,2.189000
1757275216.889578581,1.950000
1757275216.935829401,1.984000
1757275216.989736080,1.048000
1757275217.036939383,1.521000
1757275217.089063168,0.194000
1757275217.136718273,0.820000
1757275217.190328598,0.341000
1757275217.236105442,0.926000
1757275217.290137291,0.268000
1757275217.336786509,0.879000
1757275217.389209032,0.234000
1757275217.436573267,0.888000
1757275217.488789797,1.576000
1757275217.537137747,1.804000
1757275217.591090441,0.212000
1757275217.637159348,0.684000
1757275217.690832853,1.520000
1757275217.737382174,1.967000
1757275217.791565657,1.981000
1757275217.837736368,1.909000
1757275217.890691519,1.975000
1757275217.937605858,1.924000
1757275217.990647793,2.005000
1757275218.037076712,1.928000
1757275218.091246367,0.864000
1757275218.137508869,1.107000
1757275218.190650940,1.682000
1757275218.237435341,2.025000
1757275218.289920568,1.931000
1757275218.337618113,1.950000
1757275218.391585350,1.973000
1757275218.438130140,1.924000
1757275218.492067337,1.934000
1757275218.538495302,1.966000
1757275218.592125416,1.114000
1757275218.638388634,1.430000
1757275218.690782547,1.867000
1757275218.738321781,1.941000
1757275218.791260719,1.896000
1757275218.838706255,1.988000
1757275218.892305374,2.003000
1757275218.938644171,2.015000
1757275218.992438793,2.008000
1757275219.038340092,1.921000
1757275219.090746164,1.793000
1757275219.138150454,1.907000
1757275219.191454411,1.958000
1757275219.239565611,1.922000
1757275219.292013884,1.964000
1757275219.339770555,1.935000
1757275219.392532587,1.901000
1757275219.439415693,1.959000
1757275219.493108988,1.971000
1757275219.539463520,1.897000
1757275219.592169762,1.887000
1757275219.639384747,1.928000
1757275219.691952467,1.897000
1757275219.739367723,1.869000
1757275219.792413712,1.887000
1757275219.839621782,1.821000
1757275219.892820835,1.975000
1757275219.939535379,1.904000
1757275219.991829157,1.832000
1757275220.039363384,1.895000
1757275220.091883421,0.250000
1757275220.138800621,0.828000
1757275220.190725565,0.382000
1757275220.241145611,0.844000
1757275220.291359901,1.296000
1757275220.347289562,2.001000
1757275220.397075415,1.837000
1757275220.439374447,0.978000
1757275220.492897749,1.648000
1757275220.538947582,1.926000
1757275220.593390942,1.995000
1757275220.638853788,1.972000
1757275220.693004131,0.840000
1757275220.739278555,1.279000
1757275220.792628765,1.666000
1757275220.839447737,1.890000
1757275220.892143250,1.922000
1757275220.939622164,1.921000
1757275220.996652365,2.015000
1757275221.043230057,2.071000
1757275221.090295076,1.612000
1757275221.142042160,1.726000
1757275221.190410137,1.813000
1757275221.241958618,1.944000
1757275221.290839911,1.976000
1757275221.339795351,1.962000
1757275221.391840458,1.921000
1757275221.439753771,1.995000
1757275221.493018627,1.975000
1757275221.539171934,1.996000
1757275221.591630220,1.919000
1757275221.638837814,1.918000
1757275221.692290783,1.952000
1757275221.739074469,2.012000
1757275221.792435884,1.922000
1757275221.839218855,1.986000
1757275221.890698195,2.008000
1757275221.939252853,2.128000
1757275221.991784811,1.888000
1757275222.039290905,1.982000
1757275222.091891766,1.938000
1757275222.139478683,1.973000
1757275222.192514420,2.012000
1757275222.239202261,2.088000
1757275222.293450594,1.910000
1757275222.339100361,1.901000
1757275222.392387867,1.936000
1757275222.438938379,1.908000
1757275222.492006540,1.901000
1757275222.538926125,1.947000
1757275222.593555689,1.690000
1757275222.640590429,1.756000
1757275222.692708015,1.744000
1757275222.739947557,1.803000
1757275222.793538570,1.936000
1757275222.840393305,1.939000
1757275222.894947052,1.920000
1757275222.941551924,1.954000
1757275222.994357109,2.052000
1757275223.041704893,1.931000
1757275223.095219851,1.898000
1757275223.141010284,1.915000
1757275223.194470644,1.913000
1757275223.241166115,1.972000
1757275223.295377493,1.942000
1757275223.340871096,1.970000
1757275223.394926310,1.914000
1757275223.441368818,1.972000
1757275223.494459152,1.906000
1757275223.541137218,1.936000
1757275223.594385624,2.001000
1757275223.640969992,1.895000
1757275223.693752050,1.940000
1757275223.741319656,1.967000
1757275223.793781996,1.727000
1757275223.841712236,1.700000
1757275223.894474983,1.871000
1757275223.940845490,1.857000
1757275223.994473457,1.616000
1757275224.041087389,1.692000
1757275224.095468998,1.555000
1757275224.142373085,1.634000
1757275224.194924355,1.786000
1757275224.242325783,1.730000
1757275224.295090437,1.675000
1757275224.342142582,1.713000
1757275224.396155119,1.586000
1757275224.443108082,1.722000
1757275224.497254610,0.432000
1757275224.543972015,0.763000
1757275224.597767353,0.465000
1757275224.644636393,0.789000
1757275224.698229313,0.283000
1757275224.744239807,0.736000
1757275224.797062874,0.391000
1757275224.843727112,0.726000
1757275224.897398949,0.683000
1757275224.944201469,0.719000
1757275224.994282246,1.400000
1757275225.044181824,2.044000
1757275225.096868515,0.383000
1757275225.144288540,0.962000
1757275225.197149992,0.342000
1757275225.244215488,0.840000
1757275225.297199726,0.392000
1757275225.344155312,0.770000
1757275225.398434877,1.345000
1757275225.447779417,2.227000
1757275225.498497725,0.805000
1757275225.545636415,0.320000
1757275225.598243952,0.757000
1757275225.644714355,0.469000
1757275225.698371649,1.323000
1757275225.744807959,1.327000
1757275225.798036337,1.790000
1757275225.845449924,1.791000
1757275225.898363352,1.080000
1757275225.945153952,1.478000
1757275225.998477459,1.757000
1757275226.045191050,1.607000
1757275226.098543167,0.866000
1757275226.146244526,0.369000
1757275226.199474573,0.654000
1757275226.245839596,0.628000
1757275226.299670696,1.955000
1757275226.346590996,1.971000
1757275226.401065111,1.832000
1757275226.452043056,1.832000
1757275226.500437260,0.892000
1757275226.552182674,0.361000
1757275226.600301504,0.894000
1757275226.647215128,0.542000
1757275226.699952364,1.798000
1757275226.747044325,1.746000
1757275226.800123930,1.752000
1757275226.847211361,1.684000
1757275226.900040388,2.035000
1757275226.948740244,1.996000
1757275226.998301268,0.811000
1757275227.047612190,0.374000
1757275227.100439310,1.921000
1757275227.150336981,1.928000
1757275227.200590372,2.259000
1757275227.248353958,2.358000
1757275227.301828861,1.585000
1757275227.348485708,1.899000
1757275227.401424408,1.845000
1757275227.450934887,1.861000
1757275227.500700474,0.826000
1757275227.548040867,0.367000
1757275227.601452351,1.883000
1757275227.648877382,1.820000
1757275227.702222109,1.713000
1757275227.749390364,1.739000
1757275227.800311565,1.714000
1757275227.849354267,1.663000
1757275227.899670601,1.085000
1757275227.949131727,1.972000
1757275228.001954079,1.942000
1757275228.051126242,1.976000
1757275228.103447437,1.801000
1757275228.151059628,1.734000
1757275228.202993870,0.816000
1757275228.255723953,0.354000
1757275228.302747965,0.838000
1757275228.349908829,0.328000
1757275228.402664900,1.944000
1757275228.451146841,1.979000
1757275228.503002882,1.949000
1757275228.549868345,1.968000
1757275228.603123426,2.031000
1757275228.650506973,1.944000
1757275228.702654839,1.940000
1757275228.750784874,1.942000
1757275228.804523230,1.959000
1757275228.855817795,2.004000
1757275228.904361010,2.017000
1757275228.954712629,1.944000
1757275229.004415512,1.797000
1757275229.054576874,1.735000
1757275229.104131222,1.908000
1757275229.155507088,1.950000
1757275229.203809023,1.013000
1757275229.252467394,0.497000
1757275229.305506468,0.718000
1757275229.351394653,0.635000
1757275229.404432535,1.010000
1757275229.455590725,1.096000
1757275229.503843069,1.057000
1757275229.551342487,0.625000
1757275229.605323076,0.495000
1757275229.650732040,0.810000
1757275229.705396175,1.883000
1757275229.754437447,2.079000
1757275229.803985596,0.880000
1757275229.852622271,0.377000
1757275229.904927254,1.810000
1757275229.952287197,2.106000
1757275230.005995989,2.118000
1757275230.051713705,2.148000
1757275230.105345488,1.994000
1757275230.153720856,1.989000
1757275230.204868317,2.026000
1757275230.256076097,2.047000
1757275230.307083845,1.905000
1757275230.358350515,1.809000
1757275230.406989098,1.979000
1757275230.453817368,1.949000
1757275230.506207943,1.965000
1757275230.554527044,1.937000
1757275230.606657743,1.898000
1757275230.656081676,1.892000
1757275230.706324816,1.955000
1757275230.754458427,1.989000
1757275230.806155205,1.796000
1757275230.854038000,1.730000
1757275230.906922340,1.995000
1757275230.953391552,1.892000
1757275231.006295919,1.925000
1757275231.053583860,1.921000
1757275231.106167078,1.907000
1757275231.153185129,1.720000
1757275231.207048178,1.859000
1757275231.253295422,1.957000
1757275231.306363583,2.023000
1757275231.353319168,1.954000
1757275231.406587124,1.963000
1757275231.453811407,1.978000
1757275231.507364750,1.903000
1757275231.554800272,2.034000
1757275231.607490301,2.074000
1757275231.654486895,2.075000
1757275231.706810951,1.994000
1757275231.754121065,2.037000
1757275231.808297396,2.066000
1757275231.854382992,2.023000
1757275231.907357931,2.010000
1757275231.953982353,1.989000
1757275232.007491112,2.086000
1757275232.054060221,2.022000
1757275232.107696056,1.999000
1757275232.156313658,2.028000
1757275232.208495617,2.121000
1757275232.256223440,2.032000
1757275232.309215069,1.973000
1757275232.355805635,2.012000
1757275232.407858610,2.022000
1757275232.455460072,1.776000
1757275232.509072542,0.243000
1757275232.556270838,-0.322000
1757275232.608709097,-0.223000
1757275232.655375242,0.002000
1757275232.708477736,-0.001000
1757275232.755169630,-0.000000
1757275232.808373690,-0.000000
1757275232.856044292,-0.000000
1757275232.909180403,-0.000000
1757275232.958247185,-0.000000
1757275233.006315947,-0.000000
1757275233.055998802,0.059000
1757275233.109154463,1.874000
1757275233.156477213,2.252000
1757275233.209250212,2.315000
1757275233.256090641,2.227000
1757275233.308581591,2.225000
1757275233.357076168,2.242000
1757275233.409077406,2.107000
1757275233.457478046,2.022000
1757275233.508866310,2.022000
1757275233.556933165,2.089000
1757275233.609029531,2.079000
1757275233.657658339,1.829000
1757275233.708928585,0.299000
1757275233.756392717,-0.322000
1757275233.809055328,-0.024000
1757275233.855796814,0.060000
1757275233.910094023,0.000000
1757275233.957449436,0.000000
1757275234.009940386,0.000000
1757275234.058139086,0.059000
1757275234.110152483,1.840000
1757275234.157768726,2.228000
1757275234.208958864,2.219000
1757275234.257727385,2.149000
1757275234.309664726,2.072000
1757275234.358206749,2.025000
1757275234.409152746,2.122000
1757275234.457472563,2.139000
1757275234.508457184,2.029000
1757275234.557592154,1.727000
1757275234.610670328,0.316000
1757275234.657617807,-0.241000
1757275234.710971117,0.181000
1757275234.758549690,-0.047000
1757275234.811357737,-0.077000
1757275234.858178616,0.256000
1757275234.912312746,-0.331000
1757275234.958202839,-0.112000
1757275235.009584188,1.837000
1757275235.058570147,1.820000
1757275235.111106157,0.671000
1757275235.158754587,0.501000
1757275235.211216211,1.951000
1757275235.258913517,2.052000
1757275235.311395168,2.099000
1757275235.359087706,2.060000
1757275235.411295652,2.113000
1757275235.459664106,2.027000
1757275235.510528326,2.022000
1757275235.558753014,1.946000
1757275235.612286568,1.932000
1757275235.660339117,1.938000
1757275235.711277008,1.980000
1757275235.760076761,1.932000
1757275235.811811447,2.100000
1757275235.860186100,2.027000
1757275235.912986994,2.005000
1757275235.959671259,1.960000
1757275236.013104439,1.944000
1757275236.060321569,1.584000
1757275236.112954855,0.211000
1757275236.159502506,0.073000
1757275236.211937189,0.000000
1757275236.261343241,0.000000
1757275236.313346148,0.000000
1757275236.361072540,0.000000
1757275236.412712812,0.000000
1757275236.462301016,0.000000
1757275236.510346413,0.000000
1757275236.560930967,0.000000
1757275236.613161325,0.000000
1757275236.660768270,0.000000
1757275236.713390350,0.000000
1757275236.761721849,0.236000
1757275236.812691927,1.960000
1757275236.861091137,2.270000
1757275236.912957668,2.316000
1757275236.960579395,2.319000
1757275237.009832144,2.219000
1757275237.060281754,2.168000
1757275237.113660812,2.117000
1757275237.160783529,2.129000
1757275237.214490414,2.095000
1757275237.262148619,2.063000
1757275237.314013243,1.894000
1757275237.361314535,1.988000
1757275237.415023088,2.107000
1757275237.461199045,1.883000
1757275237.514492989,1.794000
1757275237.561303616,1.776000
1757275237.614418507,0.313000
1757275237.661123514,-0.004000
1757275237.713962078,-0.000000
1757275237.761071205,-0.000000
1757275237.814922333,-0.000000
1757275237.861680746,-0.000000
1757275237.914727926,-0.000000
1757275237.963761568,0.059000
1757275238.015323400,1.844000
1757275238.062570333,2.247000
1757275238.115004301,1.860000
1757275238.162008762,1.789000
1757275238.214869976,2.005000
1757275238.262210131,1.928000
1757275238.315536022,1.946000
1757275238.362411976,1.994000
1757275238.414442778,1.624000
1757275238.462200165,1.638000
1757275238.514957905,1.957000
1757275238.562201262,2.002000
1757275238.615711927,1.974000
1757275238.662428379,2.014000
1757275238.714906216,1.934000
1757275238.762720823,1.951000
1757275238.815799952,0.299000
1757275238.863013983,0.040000
1757275238.916140556,0.000000
1757275238.965162992,0.118000
1757275239.016236305,1.879000
1757275239.063125134,2.099000
1757275239.116464853,2.032000
1757275239.163056850,2.025000
1757275239.216809034,1.977000
1757275239.262650967,1.985000
1757275239.316894054,1.807000
1757275239.363158464,1.845000
1757275239.415807247,1.804000
1757275239.463075399,1.814000
1757275239.516526937,1.792000
1757275239.562833548,1.808000
1757275239.617269278,0.713000
1757275239.663638592,1.057000
1757275239.714487791,2.040000
1757275239.764025688,2.066000
1757275239.817818165,1.895000
1757275239.863783121,1.843000
1757275239.916171551,1.959000
1757275239.963876724,1.851000
1757275240.017390251,1.776000
1757275240.064057112,1.812000
1757275240.117028952,1.965000
1757275240.163754463,2.048000
1757275240.217547178,1.988000
1757275240.264356375,1.838000
1757275240.317920923,1.645000
1757275240.363993645,1.715000
1757275240.417110205,1.848000
1757275240.464404106,1.912000
1757275240.516131401,1.922000
1757275240.565788269,1.789000
1757275240.618774414,1.542000
1757275240.665009499,1.497000
1757275240.719021320,2.016000
1757275240.764524221,1.934000
1757275240.818304539,1.904000
1757275240.865776539,1.914000
1757275240.917155266,1.954000
1757275240.965954304,1.904000
1757275241.018185139,2.046000
1757275241.064820051,1.995000
1757275241.119243622,1.993000
1757275241.164887190,1.808000
1757275241.216025591,0.365000
1757275241.265508413,-0.129000
1757275241.319747210,-0.061000
1757275241.365888357,-0.001000
1757275241.418135881,-0.000000
1757275241.466228962,-0.000000
1757275241.518748760,1.776000
1757275241.566142559,2.039000
1757275241.620088816,2.029000
1757275241.670582771,1.963000
1757275241.716854572,1.275000
1757275241.767506599,1.651000
1757275241.818822622,2.051000
1757275241.867456198,2.165000
1757275241.918189764,2.117000
1757275241.966588259,1.939000
1757275242.020173311,1.608000
1757275242.066303253,1.589000
1757275242.119168282,2.070000
1757275242.166392803,2.012000
1757275242.219758034,1.750000
1757275242.265862703,1.655000
1757275242.319834471,0.864000
1757275242.366813183,1.231000
1757275242.418701887,1.449000
1757275242.466428518,1.515000
1757275242.519453526,0.579000
1757275242.566411495,0.515000
1757275242.620305300,2.022000
1757275242.666663885,1.981000
1757275242.720494270,1.968000
1757275242.767390013,2.016000
1757275242.820723057,1.923000
1757275242.867764950,1.865000
1757275242.921293497,1.976000
1757275242.967616558,1.964000
1757275243.020145178,1.717000
1757275243.068680525,1.760000
1757275243.120284319,2.038000
1757275243.167484999,1.962000
1757275243.221987247,1.919000
1757275243.267185450,1.948000
1757275243.319964170,1.750000
1757275243.368202448,1.761000
1757275243.421382666,2.000000
1757275243.468278885,1.966000
1757275243.521628618,1.972000
1757275243.568788052,1.930000
1757275243.621755362,2.003000
1757275243.668935776,1.725000
1757275243.721786737,0.496000
1757275243.769886732,0.674000
1757275243.822661400,0.421000
1757275243.872207880,0.718000
1757275243.922128916,1.891000
1757275243.969987392,1.321000
1757275244.023058653,0.467000
1757275244.069989920,0.825000
1757275244.121856689,1.465000
1757275244.168848991,1.580000
1757275244.222714186,1.549000
1757275244.270675421,1.045000
1757275244.323085070,0.309000
1757275244.369865179,0.854000
1757275244.422238350,1.408000
1757275244.469947100,1.521000
1757275244.523993492,1.528000
1757275244.571016073,1.574000
1757275244.623179674,1.660000
1757275244.671393394,1.610000
1757275244.723177195,1.566000
1757275244.771780491,1.067000
1757275244.822627544,0.347000
1757275244.872789621,0.859000
1757275244.923240185,0.320000
1757275244.971081734,0.872000
1757275245.022216558,0.367000
1757275245.071481943,0.939000
1757275245.123512745,0.371000
1757275245.171198368,0.929000
1757275245.223712444,0.414000
1757275245.272641420,0.911000
1757275245.324146032,1.848000
1757275245.373268127,1.835000
1757275245.423427343,1.205000
1757275245.472258329,0.819000
1757275245.524064779,0.556000
1757275245.570972443,0.943000
1757275245.624283075,1.942000
1757275245.673355103,1.957000
1757275245.724100828,1.859000
1757275245.771709681,1.712000
1757275245.823419809,0.624000
1757275245.872871637,0.408000
1757275245.924335718,1.598000
1757275245.971634388,1.589000
1757275246.024153948,0.888000
1757275246.073579073,0.361000
1757275246.121992588,1.919000
1757275246.173385382,0.867000
1757275246.223717451,0.317000
1757275246.272614479,0.866000
1757275246.324419498,0.369000
1757275246.372887373,0.556000
1757275246.424392700,0.385000
1757275246.472538471,0.831000
1757275246.522304773,2.030000
1757275246.573340893,1.997000
1757275246.625437260,1.966000
1757275246.672294140,1.986000
1757275246.724978447,1.917000
1757275246.773136377,1.913000
1757275246.824759245,1.827000
1757275246.873245239,1.819000
1757275246.924854040,1.943000
1757275246.971807718,2.007000
1757275247.025478363,1.829000
1757275247.073625088,0.248000
1757275247.124195814,0.453000
1757275247.173744440,1.258000
1757275247.225202322,1.374000
1757275247.275038719,0.117000
1757275247.325772524,0.655000
1757275247.375488997,1.165000
1757275247.426964998,1.865000
1757275247.475321054,1.988000
1757275247.526506186,1.839000
1757275247.575339556,1.962000
1757275247.625858068,1.982000
1757275247.674458265,2.008000
1757275247.725591183,1.995000
1757275247.774318218,1.545000
1757275247.825964451,1.795000
1757275247.873442888,1.723000
1757275247.925438404,1.992000
1757275247.974309444,1.998000
1757275248.025776148,1.953000
1757275248.074478865,1.951000
1757275248.125734091,1.960000
1757275248.174410820,1.976000
1757275248.227813959,1.945000
1757275248.274255276,1.992000
1757275248.326402187,1.927000
1757275248.375724554,1.902000
1757275248.426849604,2.037000
1757275248.475992918,1.998000
1757275248.526347637,1.973000
1757275248.575391293,1.234000
1757275248.627582312,0.313000
1757275248.677722454,0.710000
1757275248.727144241,1.927000
1757275248.777234077,2.022000
1757275248.826004744,1.935000
1757275248.875301123,1.970000
1757275248.925951242,2.102000
1757275248.974562407,2.035000
1757275249.026937246,2.016000
1757275249.077294588,1.988000
1757275249.127207518,1.896000
1757275249.177398682,2.050000
1757275249.227098227,1.940000
1757275249.278028727,1.929000
1757275249.327228785,1.999000
1757275249.378369093,2.011000
1757275249.426533937,1.946000
1757275249.476913929,1.934000
1757275249.526394129,1.928000
1757275249.577130079,2.011000
1757275249.628702164,1.989000
1757275249.678694963,1.933000
1757275249.729129076,2.018000
1757275249.778675318,2.025000
1757275249.830333471,1.979000
1757275249.878340244,1.958000
1757275249.927910328,1.948000
1757275249.979080677,0.885000
1757275250.027780771,-0.138000
1757275250.078171968,-0.172000
1757275250.128125191,-0.196000
1757275250.178126335,0.006000
1757275250.227877378,0.002000
1757275250.277402163,0.000000
1757275250.327629566,0.000000
1757275250.377017498,0.541000
1757275250.427878141,2.028000
1757275250.477988005,2.022000
1757275250.529772282,2.101000
1757275250.578365803,2.085000
1757275250.628285646,2.060000
1757275250.679391384,2.104000
1757275250.729305744,2.079000
1757275250.780044794,1.941000
1757275250.828171015,2.009000
1757275250.878137827,2.009000
1757275250.929024220,1.905000
1757275250.978943348,1.936000
1757275251.027868509,1.964000
1757275251.078150988,1.973000
1757275251.129216909,1.942000
1757275251.177908421,1.950000
1757275251.229730368,1.917000
1757275251.277192116,0.863000
1757275251.329830885,-0.179000
1757275251.380415440,-0.060000
1757275251.429275274,-0.000000
1757275251.479755163,-0.000000
1757275251.528523684,-0.000000
1757275251.579540730,0.496000
1757275251.628485441,1.966000
1757275251.679183722,1.915000
