ros_time_s,imu_heading
1757275141.399805784,0.000000
1757275141.450450897,0.000000
1757275141.499837399,0.000000
1757275141.550475597,0.000000
1757275141.599688053,0.000000
1757275141.650565386,0.000000
1757275141.699935913,0.000000
1757275141.749519825,0.000000
1757275141.800210714,0.000000
1757275141.851212263,0.000000
1757275141.900626421,0.000000
1757275141.951994419,0.000000
1757275142.001207352,0.000000
1757275142.051135302,0.000000
1757275142.101143599,0.000000
1757275142.150871754,0.000000
1757275142.202038050,0.000000
1757275142.251137733,0.000000
1757275142.301286697,0.000000
1757275142.351151943,0.000000
1757275142.402465105,0.000000
1757275142.453088045,0.000000
1757275142.502392054,0.000000
1757275142.552407503,0.000000
1757275142.602474213,0.000000
1757275142.651475430,0.000000
1757275142.701492310,0.000000
1757275142.752274275,0.000000
1757275142.801583052,0.000000
1757275142.852005005,0.000000
1757275142.907397985,0.000000
1757275142.951891422,0.000000
1757275143.002310991,0.000000
1757275143.051725149,0.000000
1757275143.102044106,0.000000
1757275143.152317524,0.000000
1757275143.201895952,0.000000
1757275143.252033234,0.000000
1757275143.301995277,0.000000
1757275143.351927996,0.000000
1757275143.401705265,0.000000
1757275143.452090263,0.000000
1757275143.502163410,0.000000
1757275143.552249670,0.000000
1757275143.602616072,0.000000
1757275143.652813196,0.000000
1757275143.702541828,0.000000
1757275143.752741575,0.000000
1757275143.802521706,0.000000
1757275143.853885174,0.000000
1757275143.902834177,0.000000
1757275143.952925920,0.000000
1757275144.002665758,0.000000
1757275144.052733898,0.000000
1757275144.102625608,0.000000
1757275144.153072834,0.000000
1757275144.205713749,0.000000
1757275144.257051706,0.000000
1757275144.304732561,0.000000
1757275144.356590748,0.000000
1757275144.405388832,0.000000
1757275144.457534552,0.000000
1757275144.503479719,0.000000
1757275144.553387880,0.000000
1757275144.603233099,0.000000
1757275144.653744459,0.000000
1757275144.703272104,0.000000
1757275144.753134012,0.000000
1757275144.802520275,0.000000
1757275144.852426291,0.000000
1757275144.903172970,0.000000
1757275144.953710079,0.000000
1757275145.003518581,0.000000
1757275145.059449196,0.000000
1757275145.107468128,0.000000
1757275145.155106783,0.000000
1757275145.207078218,0.000000
1757275145.259534121,0.000000
1757275145.308363438,0.000000
1757275145.358621597,0.000000
1757275145.410470486,0.000000
1757275145.458070517,0.000000
1757275145.510399580,0.000000
1757275145.561564922,0.000000
1757275145.607875586,0.000000
1757275145.658421278,0.000000
1757275145.709234715,0.000000
1757275145.756370544,0.000000
1757275145.809746981,0.000000
1757275145.858242750,0.000000
1757275145.907677412,0.000000
1757275145.958445072,0.000000
1757275146.007840395,0.000000
1757275146.058227539,0.000000
1757275146.104904652,0.000000
1757275146.158514261,0.000000
1757275146.209702969,0.000000
1757275146.254664660,0.000000
1757275146.305976629,0.000000
1757275146.358838081,0.000000
1757275146.408505678,0.000000
1757275146.458025694,0.310000
1757275146.508238316,0.370000
1757275146.555467606,0.560000
1757275146.605629683,0.620000
1757275146.654829025,0.750000
1757275146.710558176,0.810000
1757275146.755614758,0.810000
1757275146.811383724,0.880000
1757275146.858217955,0.810000
1757275146.910966635,0.810000
1757275146.955901623,0.880000
1757275147.009956360,0.940000
1757275147.056368828,1.000000
1757275147.110023260,1.370000
1757275147.154780388,1.870000
1757275147.210380316,2.000000
1757275147.255963087,2.120000
1757275147.310832977,2.120000
1757275147.356788397,2.190000
1757275147.411825418,2.250000
1757275147.456139088,2.250000
1757275147.510589838,2.250000
1757275147.556587696,2.500000
1757275147.612937689,2.690000
1757275147.656679630,2.690000
1757275147.710853815,2.690000
1757275147.756890774,2.620000
1757275147.811960936,2.750000
1757275147.858033419,2.750000
1757275147.912226915,2.690000
1757275147.957465887,2.560000
1757275148.010537386,2.370000
1757275148.057129145,2.440000
1757275148.110935211,2.370000
1757275148.157322168,2.310000
1757275148.212394714,2.370000
1757275148.258220911,2.370000
1757275148.312509537,2.370000
1757275148.356946230,2.310000
1757275148.412976742,2.370000
1757275148.457248211,2.250000
1757275148.511872053,2.250000
1757275148.557437181,2.190000
1757275148.611142874,2.120000
1757275148.658576012,2.190000
1757275148.713347435,2.250000
1757275148.757909775,2.000000
1757275148.812043428,1.810000
1757275148.857738018,1.620000
1757275148.913399696,1.620000
1757275148.957684755,1.560000
1757275149.013586521,1.500000
1757275149.056778669,1.500000
1757275149.112371683,1.370000
1757275149.157740831,1.060000
1757275149.212780476,1.000000
1757275149.258838892,0.880000
1757275149.312850952,0.810000
1757275149.358494043,0.750000
1757275149.411672354,0.690000
1757275149.459652901,0.560000
1757275149.513632059,0.560000
1757275149.558724403,0.560000
1757275149.612476349,0.440000
1757275149.658473969,0.440000
1757275149.713964462,0.370000
1757275149.758794546,0.370000
1757275149.812904119,0.310000
1757275149.859009504,0.250000
1757275149.913315296,0.130000
1757275149.960800886,0.130000
1757275150.013941288,0.000000
1757275150.059564352,359.810000
1757275150.114421129,359.750000
1757275150.160095215,359.690000
1757275150.214388371,359.560000
1757275150.260432482,359.500000
1757275150.313889027,359.440000
1757275150.359630108,359.190000
1757275150.414377928,358.750000
1757275150.461227417,358.370000
1757275150.513230085,358.060000
1757275150.562228680,357.560000
1757275150.614402294,357.500000
1757275150.660965443,357.690000
1757275150.714894772,357.750000
1757275150.760521173,357.500000
1757275150.814653873,357.310000
1757275150.860302687,357.120000
1757275150.913343191,356.870000
1757275150.961052895,356.870000
1757275151.014407873,356.690000
1757275151.061884880,356.370000
1757275151.114489079,356.060000
1757275151.160714149,355.560000
1757275151.215246439,355.060000
1757275151.261255026,354.620000
1757275151.314676523,354.560000
1757275151.361685753,354.310000
1757275151.413319826,353.940000
1757275151.461009979,353.870000
1757275151.515125990,354.060000
1757275151.560312033,354.620000
1757275151.615356922,355.190000
1757275151.661363125,355.560000
1757275151.716062069,356.060000
1757275151.762362957,356.120000
1757275151.816127777,356.060000
1757275151.861032963,355.940000
1757275151.914007187,355.750000
1757275151.961451054,355.750000
1757275152.015944719,355.690000
1757275152.062244177,355.500000
1757275152.114967108,355.500000
1757275152.161957026,355.500000
1757275152.215499878,355.370000
1757275152.261795044,355.310000
1757275152.316724300,355.120000
1757275152.361714363,355.060000
1757275152.415807486,354.870000
1757275152.461956978,354.620000
1757275152.516633034,354.690000
1757275152.563394547,355.060000
1757275152.616640806,355.310000
1757275152.662544012,355.690000
1757275152.716874599,356.310000
1757275152.762242317,356.500000
1757275152.817569494,356.500000
1757275152.862886190,356.500000
1757275152.917680025,356.500000
1757275152.962474346,356.620000
1757275153.017057419,356.620000
1757275153.063470840,356.690000
1757275153.116195679,356.750000
1757275153.162340641,356.810000
1757275153.216124773,356.810000
1757275153.262932301,356.870000
1757275153.317416668,356.870000
1757275153.363548517,356.810000
1757275153.417057753,356.940000
1757275153.462875605,356.940000
1757275153.516941547,357.060000
1757275153.562516689,357.120000
1757275153.617249966,357.120000
1757275153.664211988,357.120000
1757275153.716889858,357.190000
1757275153.763536930,357.810000
1757275153.816725492,358.190000
1757275153.863350630,358.440000
1757275153.917804956,359.000000
1757275153.965227842,359.120000
1757275154.018940210,359.250000
1757275154.065165043,359.750000
1757275154.115008831,0.130000
1757275154.166559219,0.750000
1757275154.217680931,1.190000
1757275154.265214682,1.620000
1757275154.318294048,2.000000
1757275154.365461111,2.250000
1757275154.418679714,2.690000
1757275154.465039968,3.060000
1757275154.518253088,3.250000
1757275154.563741446,3.750000
1757275154.631526947,4.190000
1757275154.663254261,4.440000
1757275154.716911793,4.750000
1757275154.763203144,5.120000
1757275154.817141056,5.250000
1757275154.863480806,5.310000
1757275154.918699265,5.310000
1757275154.964480877,5.190000
1757275155.015554905,4.810000
1757275155.065145254,4.370000
1757275155.118623257,3.750000
1757275155.164149523,3.440000
1757275155.217643261,3.560000
1757275155.264769554,3.620000
1757275155.319823980,3.690000
1757275155.364370584,3.620000
1757275155.418846369,3.620000
1757275155.464474678,3.620000
1757275155.519090414,3.500000
1757275155.565236807,3.500000
1757275155.618934155,3.500000
1757275155.664946079,3.310000
1757275155.719355106,3.370000
1757275155.764374733,3.370000
1757275155.819799662,3.250000
1757275155.864174843,3.190000
1757275155.919770718,3.190000
1757275155.964772940,3.060000
1757275156.018548489,2.810000
1757275156.064353228,2.810000
1757275156.118688345,2.750000
1757275156.164332628,2.620000
1757275156.218791485,2.690000
1757275156.266565561,2.440000
1757275156.321649551,2.120000
1757275156.366502047,1.870000
1757275156.421045303,1.440000
1757275156.467716455,1.120000
1757275156.516518593,0.810000
1757275156.569921494,0.500000
1757275156.620815039,0.060000
1757275156.669801950,359.560000
1757275156.719494820,359.310000
1757275156.767801762,358.870000
1757275156.821351051,358.560000
1757275156.868376732,358.120000
1757275156.922493935,357.750000
1757275156.967752218,357.560000
1757275157.022298336,357.120000
1757275157.067858696,356.750000
1757275157.121371031,356.440000
1757275157.168630123,356.000000
1757275157.219513178,355.690000
1757275157.270459890,355.370000
1757275157.323402166,355.120000
1757275157.368113518,355.000000
1757275157.422069788,354.750000
1757275157.468839407,354.620000
1757275157.522908688,354.620000
1757275157.569000244,354.620000
1757275157.622930527,354.750000
1757275157.668298483,355.000000
1757275157.721966505,355.120000
1757275157.767747402,355.250000
1757275157.821336508,355.310000
1757275157.868846416,355.560000
1757275157.922712803,355.690000
1757275157.968952894,355.620000
1757275158.022919893,355.690000
1757275158.069699526,355.870000
1757275158.122944832,356.060000
1757275158.169555426,355.940000
1757275158.221537113,355.810000
1757275158.267665386,355.690000
1757275158.322457790,355.690000
1757275158.369562864,355.500000
1757275158.422004461,355.250000
1757275158.468527079,355.060000
1757275158.523193598,354.940000
1757275158.569492579,354.810000
1757275158.623638153,354.690000
1757275158.670103312,354.750000
1757275158.721764803,354.870000
1757275158.770075798,355.000000
1757275158.823647261,354.940000
1757275158.869948387,355.060000
1757275158.926081181,355.250000
1757275158.969711542,355.500000
1757275159.023450613,355.810000
1757275159.072017908,355.750000
1757275159.123514652,355.750000
1757275159.171182871,355.690000
1757275159.223898649,355.560000
1757275159.271693468,355.500000
1757275159.325563431,355.310000
1757275159.370660782,355.310000
1757275159.424414635,355.190000
1757275159.471343756,355.000000
1757275159.525091887,354.750000
1757275159.570808172,354.690000
1757275159.624767065,354.750000
1757275159.669365406,354.810000
1757275159.724441528,354.750000
1757275159.770008802,354.750000
1757275159.824872017,354.810000
1757275159.869263649,355.120000
1757275159.923865795,355.120000
1757275159.969787359,355.310000
1757275160.025702000,355.690000
1757275160.070188284,355.810000
1757275160.124792099,355.810000
1757275160.170010567,355.810000
1757275160.225003242,355.810000
1757275160.270233870,355.870000
1757275160.324273348,355.870000
1757275160.370583534,355.870000
1757275160.425969124,355.810000
1757275160.470909834,355.810000
1757275160.524877548,355.940000
1757275160.572747707,355.870000
1757275160.625062227,355.940000
1757275160.671377659,356.060000
1757275160.725857258,356.060000
1757275160.771339893,356.000000
1757275160.826649189,356.060000
1757275160.872106314,356.000000
1757275160.926408291,355.940000
1757275160.970777035,355.940000
1757275161.024026871,356.000000
1757275161.070954084,355.940000
1757275161.125970364,355.940000
1757275161.172169685,355.940000
1757275161.223670244,355.870000
1757275161.272058010,355.870000
1757275161.324909925,355.870000
1757275161.371278048,355.940000
1757275161.425026655,355.940000
1757275161.471954584,355.940000
1757275161.525058508,355.940000
1757275161.572149038,355.870000
1757275161.625569820,355.870000
1757275161.671366215,355.810000
1757275161.726580143,355.810000
1757275161.772095919,355.870000
1757275161.825749874,355.870000
1757275161.871989965,355.870000
1757275161.927075624,355.940000
1757275161.973915815,355.940000
1757275162.026925802,355.940000
1757275162.074010134,355.940000
1757275162.129683971,355.940000
1757275162.172996521,355.870000
1757275162.229917526,355.870000
1757275162.272917509,355.870000
1757275162.328710079,355.810000
1757275162.375223875,355.870000
1757275162.428669691,356.060000
1757275162.473735571,356.120000
1757275162.525109768,356.190000
1757275162.574947357,356.310000
1757275162.627848864,356.310000
1757275162.675640821,356.500000
1757275162.728172302,356.870000
1757275162.776942730,357.060000
1757275162.826802969,357.500000
1757275162.874281645,357.690000
1757275162.926680326,358.060000
1757275162.974938154,358.500000
1757275163.027575016,359.000000
1757275163.074202538,359.620000
1757275163.126258373,0.130000
1757275163.178383112,0.620000
1757275163.227589369,1.000000
1757275163.277507782,1.560000
1757275163.325589180,2.120000
1757275163.376349926,2.620000
1757275163.423533916,3.250000
1757275163.477553606,3.500000
1757275163.526800871,3.810000
1757275163.577534199,3.620000
1757275163.627115011,3.500000
1757275163.677316666,3.370000
1757275163.729101896,3.370000
1757275163.777632713,3.440000
1757275163.830121994,3.810000
1757275163.876566172,3.940000
1757275163.927561045,4.000000
1757275163.977884054,4.060000
1757275164.027737141,4.250000
1757275164.078586578,4.750000
1757275164.126994610,5.000000
1757275164.178854704,5.500000
1757275164.229352474,5.690000
1757275164.275624275,6.120000
1757275164.327824831,6.500000
1757275164.375538349,6.370000
1757275164.428755522,6.370000
1757275164.476182699,6.060000
1757275164.528115034,5.620000
1757275164.576208830,5.190000
1757275164.628362179,4.620000
1757275164.676987886,4.120000
1757275164.730822563,3.870000
1757275164.776044369,3.810000
1757275164.826569557,3.940000
1757275164.877017021,3.870000
1757275164.929270983,3.940000
1757275164.977707863,4.310000
1757275165.027489424,4.500000
1757275165.079529047,4.810000
1757275165.129482746,5.190000
1757275165.176929235,5.810000
1757275165.229101896,6.060000
1757275165.277287722,5.690000
1757275165.330058575,5.370000
1757275165.377855778,5.120000
1757275165.428936481,5.000000
1757275165.479145288,4.810000
1757275165.530074596,4.750000
1757275165.581180334,4.690000
1757275165.628992319,4.690000
1757275165.680345535,4.810000
1757275165.729979277,4.940000
1757275165.778573275,4.940000
1757275165.829670906,5.190000
1757275165.880837917,5.440000
1757275165.928667068,5.560000
1757275165.979792833,5.310000
1757275166.030135393,4.810000
1757275166.080066204,4.370000
1757275166.128893375,4.060000
1757275166.178319931,4.310000
1757275166.229850054,4.440000
1757275166.281512976,4.810000
1757275166.329878807,5.120000
1757275166.378747463,5.250000
1757275166.430583239,5.190000
1757275166.477785349,4.940000
1757275166.531658411,4.690000
1757275166.581024170,4.120000
1757275166.630358458,3.690000
1757275166.679494619,3.500000
1757275166.730085373,3.440000
1757275166.780586481,3.370000
1757275166.829759598,3.370000
1757275166.879067183,3.310000
1757275166.930466413,3.120000
1757275166.980714560,3.000000
1757275167.029904604,2.940000
1757275167.082367420,2.870000
1757275167.130618811,2.690000
1757275167.181852818,2.750000
1757275167.231029272,2.750000
1757275167.281283379,2.690000
1757275167.330865860,2.560000
1757275167.381581068,2.500000
1757275167.430819273,2.440000
1757275167.482892990,2.440000
1757275167.531503439,2.190000
1757275167.582414150,1.690000
1757275167.629889727,1.370000
1757275167.682461500,1.560000
1757275167.730744362,1.440000
1757275167.781989336,1.250000
1757275167.830241203,0.750000
1757275167.880450010,0.750000
1757275167.929315090,0.880000
1757275167.981704950,0.750000
1757275168.031409979,0.810000
1757275168.079845667,0.880000
1757275168.130897045,0.940000
1757275168.181693077,0.940000
1757275168.230547428,1.000000
1757275168.281657696,1.000000
1757275168.330097675,1.120000
1757275168.382992029,1.370000
1757275168.430575848,1.500000
1757275168.485572815,1.370000
1757275168.530512094,1.370000
1757275168.583006382,1.190000
1757275168.631131887,1.000000
1757275168.683968067,0.880000
1757275168.731523037,0.880000
1757275168.782235622,0.690000
1757275168.834732294,0.250000
1757275168.880162001,359.870000
1757275168.932717562,0.060000
1757275168.980652571,0.000000
1757275169.032434702,0.130000
1757275169.082954168,0.190000
1757275169.131860256,0.190000
1757275169.182530403,0.310000
1757275169.232774496,0.440000
1757275169.282358646,0.440000
1757275169.332743645,0.440000
1757275169.383496761,0.440000
1757275169.432304382,0.620000
1757275169.483641624,0.620000
1757275169.533622026,0.690000
1757275169.583176374,0.560000
1757275169.631211281,0.620000
1757275169.684414625,0.880000
1757275169.732284069,0.880000
1757275169.784050465,0.880000
1757275169.831764460,1.000000
1757275169.883214474,0.690000
1757275169.933170080,0.440000
1757275169.983088970,0.440000
1757275170.032837629,0.370000
1757275170.083309174,0.250000
1757275170.131379366,0.130000
1757275170.184100389,0.060000
1757275170.232744932,0.000000
1757275170.283485174,0.000000
1757275170.331459045,359.940000
1757275170.382916451,359.870000
1757275170.433032751,359.810000
1757275170.485648155,359.750000
1757275170.533241749,359.750000
1757275170.584519863,359.750000
1757275170.632758617,359.750000
1757275170.683650970,359.750000
1757275170.733252287,359.690000
1757275170.785516024,359.750000
1757275170.832136631,359.810000
1757275170.883649588,0.250000
1757275170.933450937,0.370000
1757275170.985895157,0.690000
1757275171.032344341,0.940000
1757275171.085210562,1.060000
1757275171.131431580,1.560000
1757275171.185559273,1.810000
1757275171.232115030,1.940000
1757275171.285661459,2.190000
1757275171.333223343,2.500000
1757275171.383206606,2.500000
1757275171.433430195,2.560000
1757275171.485171795,2.560000
1757275171.532201290,2.440000
1757275171.585206747,2.250000
1757275171.632978201,1.810000
1757275171.685498714,1.500000
1757275171.732259512,1.440000
1757275171.785144806,1.440000
1757275171.832945108,1.500000
1757275171.885219812,1.250000
1757275171.931887388,0.810000
1757275171.986975431,0.310000
1757275172.032069445,0.000000
1757275172.085943460,0.060000
1757275172.134329319,359.870000
1757275172.187444925,359.500000
1757275172.232967854,359.000000
1757275172.287046194,359.000000
1757275172.335402966,358.940000
1757275172.390177727,358.810000
1757275172.434930086,358.810000
1757275172.487848997,358.750000
1757275172.534934521,358.750000
1757275172.589256287,358.690000
1757275172.634996891,358.620000
1757275172.688186884,358.620000
1757275172.734551668,358.560000
1757275172.789872885,358.500000
1757275172.836258650,358.500000
1757275172.889296055,358.500000
1757275172.935286760,358.370000
1757275172.989005566,358.370000
1757275173.034910202,358.440000
1757275173.088849068,358.370000
1757275173.135365009,358.310000
1757275173.189343452,358.250000
1757275173.235226870,358.250000
1757275173.291229010,358.000000
1757275173.336421490,357.810000
1757275173.389367580,357.810000
1757275173.436249495,357.810000
1757275173.488668680,357.690000
1757275173.535176516,357.560000
1757275173.588087082,357.500000
1757275173.635449886,357.440000
1757275173.689795017,357.440000
1757275173.735906601,357.370000
1757275173.789591551,357.250000
1757275173.836626530,357.190000
1757275173.890941858,357.190000
1757275173.936741590,357.250000
1757275173.990510702,357.190000
1757275174.036785603,357.120000
1757275174.090372324,357.120000
1757275174.135763645,357.000000
1757275174.191078186,356.940000
1757275174.236457825,356.870000
1757275174.289199591,356.940000
1757275174.336009979,356.870000
1757275174.390940905,356.620000
1757275174.436369419,356.620000
1757275174.490962505,356.500000
1757275174.536607981,356.250000
1757275174.590662241,355.810000
1757275174.636488914,355.440000
1757275174.691143513,355.500000
1757275174.736579418,355.440000
1757275174.791702747,355.370000
1757275174.836148024,355.370000
1757275174.890087843,355.370000
1757275174.935876131,355.370000
1757275174.993364811,355.370000
1757275175.036298513,355.190000
1757275175.091920137,354.870000
1757275175.137308598,354.560000
1757275175.193257809,354.560000
1757275175.237366676,354.620000
1757275175.293456793,354.940000
1757275175.337565899,355.310000
1757275175.393482208,355.690000
1757275175.438295126,355.870000
1757275175.492243767,355.870000
1757275175.537804842,355.870000
1757275175.593422413,356.000000
1757275175.637885332,356.120000
1757275175.693839073,356.120000
1757275175.737960815,356.120000
1757275175.793526173,356.120000
1757275175.838680983,356.120000
1757275175.891716719,356.120000
1757275175.938226223,356.190000
1757275175.993636847,356.310000
1757275176.038483858,356.310000
1757275176.091993332,356.250000
1757275176.138754368,356.500000
1757275176.193036556,356.620000
1757275176.238084078,356.560000
1757275176.292043447,356.690000
1757275176.338320732,356.750000
1757275176.392318964,356.870000
1757275176.438274384,357.060000
1757275176.493375301,357.370000
1757275176.539054394,357.560000
1757275176.593680382,357.560000
1757275176.638929367,357.440000
1757275176.693888187,357.690000
1757275176.738543987,358.190000
1757275176.793672800,358.750000
1757275176.838459492,358.940000
1757275176.892474174,359.060000
1757275176.940119505,359.190000
1757275176.993142843,359.560000
1757275177.039111376,359.810000
1757275177.095161200,359.690000
1757275177.139111280,359.750000
1757275177.193475246,359.690000
1757275177.239311457,359.690000
1757275177.295267105,359.690000
1757275177.338619947,359.690000
1757275177.395312548,359.810000
1757275177.439642906,359.810000
1757275177.494818449,359.810000
1757275177.538784981,359.810000
1757275177.594357252,359.870000
1757275177.639122963,359.870000
1757275177.693885803,359.810000
1757275177.740388870,359.810000
1757275177.795548439,359.750000
1757275177.840272188,359.560000
1757275177.894524813,359.190000
1757275177.940240383,359.000000
1757275177.996438503,358.940000
1757275178.041356087,359.000000
1757275178.096194029,358.940000
1757275178.141271114,359.060000
1757275178.196017981,358.940000
1757275178.240891457,358.940000
1757275178.295016527,358.870000
1757275178.341049433,358.870000
1757275178.395536900,358.810000
1757275178.441371679,358.750000
1757275178.495865822,358.810000
1757275178.541666269,358.810000
1757275178.597485065,358.810000
1757275178.640814781,358.750000
1757275178.695665598,358.810000
1757275178.740758181,358.870000
1757275178.797105551,358.810000
1757275178.840495110,358.810000
1757275178.896891594,358.940000
1757275178.940558672,359.000000
1757275178.992654800,358.940000
1757275179.041328192,358.940000
1757275179.096741199,359.000000
1757275179.141446352,359.060000
1757275179.196079969,359.060000
1757275179.242028475,359.060000
1757275179.296638966,359.120000
1757275179.341806412,359.000000
1757275179.397297144,359.000000
1757275179.442475319,359.060000
1757275179.497520447,359.060000
1757275179.543144464,359.060000
1757275179.597257137,359.000000
1757275179.643101931,358.870000
1757275179.697866917,358.750000
1757275179.743065357,358.620000
1757275179.797402143,358.620000
1757275179.842933178,358.750000
1757275179.898481846,358.690000
1757275179.943027735,358.750000
1757275179.997955322,358.810000
1757275180.043007374,358.690000
1757275180.097230673,358.750000
1757275180.142935038,358.690000
1757275180.198049068,358.560000
1757275180.242381573,358.560000
1757275180.297792912,358.500000
1757275180.343044758,358.370000
1757275180.399738789,358.370000
1757275180.443030119,358.370000
1757275180.500124216,358.500000
1757275180.544276714,358.370000
1757275180.598368883,358.440000
1757275180.643685818,358.500000
1757275180.698873758,358.500000
1757275180.743758678,358.500000
1757275180.799510956,358.500000
1757275180.843805075,358.560000
1757275180.900003910,358.500000
1757275180.943892479,358.620000
1757275180.998863697,358.750000
1757275181.044482231,358.690000
1757275181.099968910,358.440000
1757275181.143860579,358.370000
1757275181.199364185,358.120000
1757275181.244150877,358.000000
1757275181.299349546,357.620000
1757275181.344708204,357.120000
1757275181.399489164,356.940000
1757275181.445418358,356.500000
1757275181.500514746,356.190000
1757275181.545287848,356.310000
1757275181.600999117,356.560000
1757275181.644778967,356.620000
1757275181.700183868,356.560000
1757275181.744846582,356.370000
1757275181.799122095,356.190000
1757275181.845083475,355.940000
1757275181.901189089,355.810000
1757275181.945535660,355.810000
1757275181.999727964,356.000000
1757275182.044790268,356.190000
1757275182.100651503,356.500000
1757275182.144977570,356.750000
1757275182.200336933,357.440000
1757275182.246044874,357.810000
1757275182.300438881,358.000000
1757275182.348338842,358.120000
1757275182.401855469,358.120000
1757275182.445812464,358.370000
1757275182.499539614,358.500000
1757275182.545612097,358.500000
1757275182.600098848,358.690000
1757275182.646057844,358.810000
1757275182.699445486,358.810000
1757275182.746204615,359.060000
1757275182.800161123,359.500000
1757275182.846063137,359.440000
1757275182.900560379,359.440000
1757275182.946787834,359.690000
1757275183.001957655,359.620000
1757275183.045700550,359.750000
1757275183.101043224,359.940000
1757275183.147331476,0.190000
1757275183.201902866,0.190000
1757275183.247128010,0.440000
1757275183.299982786,0.560000
1757275183.346620560,0.620000
1757275183.403045177,1.000000
1757275183.446798086,1.250000
1757275183.501315594,1.310000
1757275183.547088385,1.250000
1757275183.601324558,1.060000
1757275183.647030830,0.940000
1757275183.700854301,1.000000
1757275183.746613979,0.810000
1757275183.800325632,0.560000
1757275183.846502304,0.440000
1757275183.901460171,0.370000
1757275183.947346687,0.310000
1757275184.003432512,0.370000
1757275184.047738552,0.310000
1757275184.102900505,0.190000
1757275184.147851706,0.060000
1757275184.203694820,0.060000
1757275184.248254299,0.130000
1757275184.302152395,0.000000
1757275184.348031521,359.940000
1757275184.402861834,359.870000
1757275184.448432684,359.810000
1757275184.502764225,359.810000
1757275184.548081875,359.620000
1757275184.602815151,359.560000
1757275184.647381544,359.560000
1757275184.703551054,359.500000
1757275184.748322248,359.370000
1757275184.802500725,359.440000
1757275184.848218203,359.440000
1757275184.902902365,359.370000
1757275184.948726416,359.310000
1757275185.004065275,359.310000
1757275185.049261093,359.250000
1757275185.104494333,359.250000
1757275185.149445295,359.250000
1757275185.205265760,359.120000
1757275185.248517275,359.060000
1757275185.304352999,359.000000
1757275185.348796606,359.000000
1757275185.403922081,358.940000
1757275185.449429989,358.940000
1757275185.504888296,358.870000
1757275185.549628258,358.810000
1757275185.605119705,358.750000
1757275185.650333405,358.690000
1757275185.704082966,358.620000
1757275185.749613285,358.620000
1757275185.803984880,358.620000
1757275185.849729061,358.560000
1757275185.905034781,358.560000
1757275185.950174570,358.440000
1757275186.004688740,358.440000
1757275186.050387383,358.370000
1757275186.104699135,358.250000
1757275186.152155876,358.310000
1757275186.205207348,358.250000
1757275186.250513315,358.000000
1757275186.306448936,357.940000
1757275186.353261471,357.870000
1757275186.405787230,357.870000
1757275186.453875780,357.870000
1757275186.506545782,357.810000
1757275186.551122665,357.810000
1757275186.606034756,357.750000
1757275186.650864124,357.690000
1757275186.704551935,357.620000
1757275186.750909805,357.560000
1757275186.807178736,357.500000
1757275186.851235390,357.500000
1757275186.905956745,357.500000
1757275186.951346636,357.370000
1757275187.005346060,357.190000
1757275187.056077719,357.190000
1757275187.104910135,357.250000
1757275187.150863409,357.120000
1757275187.206562042,357.120000
1757275187.255789042,357.120000
1757275187.306469917,357.120000
1757275187.353113651,357.060000
1757275187.405343056,357.000000
1757275187.451364517,357.000000
1757275187.503572702,357.000000
1757275187.551709890,357.000000
1757275187.607413530,356.940000
1757275187.651978970,356.940000
1757275187.707627296,356.870000
1757275187.756934166,356.690000
1757275187.807790518,356.560000
1757275187.857412815,356.560000
1757275187.904398680,356.500000
1757275187.952287436,356.370000
1757275188.006895781,356.370000
1757275188.057041407,356.310000
1757275188.107779026,356.250000
1757275188.157267094,356.190000
1757275188.207302332,356.190000
1757275188.257535934,356.120000
1757275188.307240009,356.120000
1757275188.357436895,356.190000
1757275188.407789469,356.060000
1757275188.456399918,356.120000
1757275188.506769896,356.190000
1757275188.558219433,356.190000
1757275188.607094049,356.190000
1757275188.654488564,356.190000
1757275188.707359314,356.190000
1757275188.756386280,356.060000
1757275188.807102203,356.060000
1757275188.855224609,356.120000
1757275188.908133984,356.120000
1757275188.957620621,356.120000
1757275189.008266926,356.190000
1757275189.055640936,356.120000
1757275189.108224630,356.000000
1757275189.158174276,356.060000
1757275189.208236694,355.940000
1757275189.256897449,355.940000
1757275189.307933807,356.000000
1757275189.358908176,356.060000
1757275189.407916784,356.000000
1757275189.459367275,356.000000
1757275189.508242607,356.000000
1757275189.559071541,355.940000
1757275189.609591722,356.000000
1757275189.659414530,355.940000
1757275189.710116625,355.870000
1757275189.755269051,355.940000
1757275189.810334444,355.870000
1757275189.861163378,355.810000
1757275189.909851789,355.810000
1757275189.956439972,355.750000
1757275190.009907961,355.750000
1757275190.056974173,355.690000
1757275190.110452175,355.690000
1757275190.154170990,355.620000
1757275190.210121393,355.500000
1757275190.255072832,355.500000
1757275190.309001923,355.500000
1757275190.354336977,355.500000
1757275190.409521341,355.560000
1757275190.457082510,355.620000
1757275190.510125637,355.620000
1757275190.556510687,355.620000
1757275190.612204313,355.690000
1757275190.656275511,355.620000
1757275190.710488796,355.690000
1757275190.756477356,355.750000
1757275190.811070442,355.690000
1757275190.855958939,355.690000
1757275190.909955740,355.750000
1757275190.955363989,355.750000
1757275191.006482840,355.870000
1757275191.057504654,356.120000
1757275191.111016512,356.250000
1757275191.156019449,356.440000
1757275191.211580515,356.690000
1757275191.256135225,356.940000
1757275191.309865713,357.060000
1757275191.356606007,357.250000
1757275191.409980774,357.440000
1757275191.456324816,357.560000
1757275191.510854721,357.750000
1757275191.558171511,357.940000
1757275191.611628294,358.120000
1757275191.657471895,358.310000
1757275191.711999178,358.370000
1757275191.757349014,358.500000
1757275191.811393976,358.690000
1757275191.858011723,358.870000
1757275191.912040234,359.060000
1757275191.957647562,359.310000
1757275192.011076450,359.440000
1757275192.058566570,359.690000
1757275192.109404087,359.870000
1757275192.157262802,359.940000
1757275192.212395668,0.130000
1757275192.256682634,0.250000
1757275192.310026169,0.500000
1757275192.357428312,0.810000
1757275192.411152363,0.940000
1757275192.459249735,1.250000
1757275192.510356188,1.440000
1757275192.559231043,1.620000
1757275192.612414360,1.940000
1757275192.659073830,2.120000
1757275192.713108540,2.370000
1757275192.759020805,2.620000
1757275192.813082695,2.870000
1757275192.858935833,3.120000
1757275192.913137197,3.310000
1757275192.958206654,3.560000
1757275193.012820959,3.750000
1757275193.059892178,4.060000
1757275193.113708019,4.250000
1757275193.159741640,4.500000
1757275193.213496685,4.750000
1757275193.259950399,4.940000
1757275193.313279390,5.190000
1757275193.360247135,5.560000
1757275193.414649010,5.560000
1757275193.459693670,5.500000
1757275193.514255285,5.500000
1757275193.558980703,5.500000
1757275193.614083529,5.310000
1757275193.658921242,5.310000
1757275193.712649584,5.310000
1757275193.759170055,5.250000
1757275193.814058065,5.190000
1757275193.859589577,5.120000
1757275193.914420128,4.870000
1757275193.960013628,4.810000
1757275194.015408278,4.690000
1757275194.059735775,4.870000
1757275194.115015507,4.870000
1757275194.160069227,4.810000
1757275194.214444876,4.810000
1757275194.260746717,4.810000
1757275194.314490557,4.940000
1757275194.360134125,5.000000
1757275194.414310217,4.940000
1757275194.460788012,5.000000
1757275194.514570713,5.120000
1757275194.560398579,5.310000
1757275194.615665674,5.440000
1757275194.659810781,5.310000
1757275194.714466572,5.310000
1757275194.760784626,5.250000
1757275194.814621210,5.120000
1757275194.861550808,5.060000
1757275194.915273905,5.000000
1757275194.963004589,5.000000
1757275195.016402960,5.000000
1757275195.061383724,5.060000
1757275195.112303734,5.000000
1757275195.161823988,5.000000
1757275195.216021538,5.000000
1757275195.261406660,5.060000
1757275195.316786289,5.120000
1757275195.361046076,5.120000
1757275195.417160749,5.120000
1757275195.461195469,5.060000
1757275195.515256643,5.060000
1757275195.562336445,4.870000
1757275195.616936445,4.810000
1757275195.661986113,4.810000
1757275195.714778662,4.870000
1757275195.761285543,4.810000
1757275195.814738750,4.810000
1757275195.861930847,4.810000
1757275195.914825439,4.870000
1757275195.961807728,4.870000
1757275196.017130136,4.940000
1757275196.062294483,5.000000
1757275196.114517689,5.120000
1757275196.161730289,5.060000
1757275196.216211319,5.060000
1757275196.264366150,5.060000
1757275196.316869736,5.060000
1757275196.364371300,4.940000
1757275196.417273283,4.810000
1757275196.465874910,4.810000
1757275196.518433809,4.750000
1757275196.562360048,4.690000
1757275196.618318558,4.750000
1757275196.662529707,4.690000
1757275196.718095064,4.620000
1757275196.762425661,4.500000
1757275196.816419363,4.500000
1757275196.863455296,4.500000
1757275196.916727066,4.500000
1757275196.963371038,4.370000
1757275197.017809391,4.370000
1757275197.062558889,4.500000
1757275197.118125916,4.440000
1757275197.164577007,4.440000
1757275197.218105078,4.560000
1757275197.265068531,4.500000
1757275197.317656040,4.560000
1757275197.364099741,4.620000
1757275197.418307543,4.620000
1757275197.463442802,4.620000
1757275197.518839836,4.750000
1757275197.563646555,4.690000
1757275197.617499828,4.750000
1757275197.663513660,4.750000
1757275197.718835831,4.750000
1757275197.763538599,4.690000
1757275197.817454576,4.690000
1757275197.865110159,4.750000
1757275197.919091225,4.620000
1757275197.966167450,4.560000
1757275198.020669460,4.310000
1757275198.065641165,4.370000
1757275198.119970798,4.250000
1757275198.166074038,4.190000
1757275198.220114470,3.810000
1757275198.267300844,3.620000
1757275198.318213701,3.500000
1757275198.366543055,3.310000
1757275198.420789003,2.940000
1757275198.465677261,2.500000
1757275198.517328024,2.310000
1757275198.567481756,2.060000
1757275198.622045279,1.870000
1757275198.665962219,1.750000
1757275198.718192101,1.620000
1757275198.766008377,1.440000
1757275198.817967653,1.310000
1757275198.867001534,1.060000
1757275198.920651674,0.940000
1757275198.966436863,0.750000
1757275199.020073652,0.620000
1757275199.068128347,0.500000
1757275199.119365454,0.130000
1757275199.166148663,359.940000
1757275199.221847534,359.810000
1757275199.268081903,359.750000
1757275199.319754124,359.690000
1757275199.370055914,359.500000
1757275199.422010183,359.310000
1757275199.470874310,359.250000
1757275199.522356987,359.060000
1757275199.570736647,358.810000
1757275199.621863127,358.750000
1757275199.668416500,358.690000
1757275199.720741749,358.620000
1757275199.769873381,358.440000
1757275199.820012569,358.370000
1757275199.871665001,358.250000
1757275199.922019005,358.120000
1757275199.968965769,358.060000
1757275200.020776749,357.870000
1757275200.070770502,357.560000
1757275200.121797085,357.440000
1757275200.167705536,357.370000
1757275200.220341921,357.190000
1757275200.267823219,357.190000
1757275200.322786808,357.120000
1757275200.368103981,356.810000
1757275200.422007322,356.690000
1757275200.466503859,356.560000
1757275200.521640778,356.560000
1757275200.568062782,356.500000
1757275200.621352673,356.560000
1757275200.669111252,356.500000
1757275200.722882271,356.370000
1757275200.770105362,356.310000
1757275200.824188709,356.310000
1757275200.868260860,356.120000
1757275200.924285650,355.940000
1757275200.968331337,356.060000
1757275201.023992777,356.000000
1757275201.069856167,355.940000
1757275201.121246576,355.870000
1757275201.171363831,355.870000
1757275201.222306013,355.810000
1757275201.268612146,355.690000
1757275201.323194981,355.690000
1757275201.370491982,355.560000
1757275201.425128937,355.500000
1757275201.469067574,355.500000
1757275201.524447203,355.250000
1757275201.570226908,354.940000
1757275201.626097202,355.000000
1757275201.669365406,354.940000
1757275201.722188234,354.750000
1757275201.769710779,354.690000
1757275201.823987246,354.690000
1757275201.868646145,354.750000
1757275201.925866604,354.750000
1757275201.968242884,354.810000
1757275202.024168015,355.190000
1757275202.069950581,355.250000
1757275202.127423048,355.250000
1757275202.170746565,355.190000
1757275202.224128485,355.120000
1757275202.270658731,355.000000
1757275202.326383591,355.120000
1757275202.369269848,355.190000
1757275202.426300049,355.190000
1757275202.470018387,355.250000
1757275202.526287079,355.190000
1757275202.570810318,355.190000
1757275202.624862671,355.310000
1757275202.671929598,355.310000
1757275202.724155426,355.190000
1757275202.771524429,355.190000
1757275202.827018976,355.190000
1757275202.872239113,355.250000
1757275202.928356886,355.190000
1757275202.970126867,355.190000
1757275203.028954268,355.120000
1757275203.072133780,355.190000
1757275203.126629829,355.120000
1757275203.172253847,355.120000
1757275203.226279736,355.190000
1757275203.273566723,355.120000
1757275203.326724291,355.190000
1757275203.371219635,355.310000
1757275203.425981998,355.370000
1757275203.472837448,355.370000
1757275203.527967691,355.440000
1757275203.572369337,355.440000
1757275203.626282692,355.370000
1757275203.673444748,355.500000
1757275203.724514961,355.440000
1757275203.774235249,355.500000
1757275203.826588631,355.500000
1757275203.874866962,355.500000
1757275203.924570322,355.440000
1757275203.974726200,355.620000
1757275204.025282383,355.620000
1757275204.073126554,355.870000
1757275204.127777338,356.060000
1757275204.174782991,356.120000
1757275204.229012728,356.120000
1757275204.274013042,356.120000
1757275204.329936743,356.250000
1757275204.373387575,356.440000
1757275204.431708813,356.810000
1757275204.473904133,356.870000
1757275204.524630070,357.000000
1757275204.579137564,357.250000
1757275204.628102064,357.310000
1757275204.674470663,357.370000
1757275204.727536678,357.560000
1757275204.773153305,357.750000
1757275204.827245712,357.810000
1757275204.874181747,357.870000
1757275204.927207947,358.190000
1757275204.974628925,358.440000
1757275205.025856256,358.940000
1757275205.078739643,359.190000
1757275205.128784418,359.000000
1757275205.174493074,358.870000
1757275205.228828192,358.750000
1757275205.274779558,358.810000
1757275205.328350782,358.810000
1757275205.373828888,358.810000
1757275205.429273605,358.870000
1757275205.476514578,358.870000
1757275205.528121710,358.870000
1757275205.574975252,359.250000
1757275205.628447294,359.440000
1757275205.675089359,359.500000
1757275205.727247000,359.620000
1757275205.775379419,359.750000
1757275205.826043367,0.060000
1757275205.874666929,0.250000
1757275205.927364826,0.370000
1757275205.974266768,0.310000
1757275206.027106047,0.560000
1757275206.075326681,1.060000
1757275206.126690865,1.560000
1757275206.174257994,1.870000
1757275206.226062775,2.310000
1757275206.273373842,2.560000
1757275206.327202797,2.870000
1757275206.378496170,2.750000
1757275206.428179264,2.810000
1757275206.474414349,2.310000
1757275206.526859283,2.120000
1757275206.574059963,2.120000
1757275206.627416611,2.000000
1757275206.672894001,2.000000
1757275206.728268862,2.000000
1757275206.777509212,2.000000
1757275206.828471899,2.060000
1757275206.875831842,2.370000
1757275206.928284407,2.620000
1757275206.974240541,2.500000
1757275207.026367903,2.310000
1757275207.074763775,2.370000
1757275207.128357649,2.370000
1757275207.173941851,2.310000
1757275207.227391481,2.440000
1757275207.278061152,2.440000
1757275207.331401110,2.370000
1757275207.374189377,2.120000
1757275207.429768085,1.750000
1757275207.474739790,1.810000
1757275207.527427673,1.750000
1757275207.575545311,1.690000
1757275207.626955032,1.620000
1757275207.677449942,1.560000
1757275207.727291822,1.500000
1757275207.773931980,2.000000
1757275207.826765060,2.560000
1757275207.873527050,2.370000
1757275207.927645445,2.310000
1757275207.972972870,2.060000
1757275208.027386904,2.120000
1757275208.073666096,2.000000
1757275208.126727343,1.870000
1757275208.175652266,1.810000
1757275208.227679491,1.310000
1757275208.277288914,1.000000
1757275208.326762915,0.810000
1757275208.376428843,0.690000
1757275208.427153587,0.620000
1757275208.475258827,0.690000
1757275208.527852297,0.560000
1757275208.574270725,0.440000
1757275208.626671314,0.310000
1757275208.674782515,0.130000
1757275208.726329088,0.060000
1757275208.775351763,0.000000
1757275208.826738596,359.940000
1757275208.875624180,359.810000
1757275208.929263115,359.750000
1757275208.975127459,359.690000
1757275209.027779341,359.560000
1757275209.075176001,359.440000
1757275209.125527859,359.310000
1757275209.176485777,359.370000
1757275209.225456238,359.370000
1757275209.274517059,359.370000
1757275209.326941252,359.370000
1757275209.374388933,359.310000
1757275209.427267075,359.310000
1757275209.476087332,359.250000
1757275209.531485796,359.310000
1757275209.577319145,359.370000
1757275209.628275871,359.370000
1757275209.680293560,359.440000
1757275209.729974508,359.370000
1757275209.777899981,359.370000
1757275209.831758261,359.250000
1757275209.877773046,359.310000
1757275209.928749800,359.310000
1757275209.978789568,359.250000
1757275210.030005932,359.250000
1757275210.081171513,359.190000
1757275210.131330729,359.310000
1757275210.181581736,359.250000
1757275210.230736494,359.190000
1757275210.278221130,359.120000
1757275210.332798719,359.120000
1757275210.377516270,359.370000
1757275210.430181265,359.500000
1757275210.478141785,359.620000
1757275210.528332949,359.620000
1757275210.580558538,359.500000
1757275210.630674839,359.500000
1757275210.681768894,359.500000
1757275210.730996132,359.440000
1757275210.781373501,359.440000
1757275210.830630541,359.370000
1757275210.882290840,359.250000
1757275210.932197571,359.250000
1757275210.983351707,359.120000
1757275211.031405449,358.940000
1757275211.083859921,358.810000
1757275211.131987572,358.750000
1757275211.184709549,358.690000
1757275211.232563496,358.560000
1757275211.286201954,358.440000
1757275211.332893848,358.250000
1757275211.385543823,358.060000
1757275211.432349920,357.870000
1757275211.485726118,357.750000
1757275211.531897545,357.690000
1757275211.582494736,357.560000
1757275211.632434607,357.500000
1757275211.685529947,357.370000
1757275211.732945204,357.310000
1757275211.786137819,357.190000
1757275211.832343817,357.190000
1757275211.883074760,357.120000
1757275211.934181452,357.060000
1757275211.983872175,357.060000
1757275212.033982515,357.060000
1757275212.091533661,357.000000
1757275212.133733273,356.940000
1757275212.188201189,356.940000
1757275212.233402252,356.870000
1757275212.286569357,356.870000
1757275212.333970785,356.870000
1757275212.385821342,356.810000
1757275212.432578564,356.690000
1757275212.485932589,356.500000
1757275212.533588886,356.500000
1757275212.586541414,356.500000
1757275212.633418322,356.370000
1757275212.685889482,356.190000
1757275212.733582020,356.060000
1757275212.788478374,355.940000
1757275212.833289385,356.000000
1757275212.885012388,356.000000
1757275212.933163166,356.000000
1757275212.986925125,356.060000
1757275213.033226967,356.120000
1757275213.085113287,355.940000
1757275213.132489681,355.940000
1757275213.184699059,355.940000
1757275213.233168602,355.870000
1757275213.288005829,355.940000
1757275213.333617687,355.810000
1757275213.388003349,355.810000
1757275213.433440924,355.750000
1757275213.487030745,355.750000
1757275213.533936024,355.690000
1757275213.585955620,355.690000
1757275213.634089947,355.620000
1757275213.690012932,355.560000
1757275213.734477043,355.370000
1757275213.789247036,355.370000
1757275213.834415674,355.250000
1757275213.888144493,355.060000
1757275213.934585333,354.940000
1757275213.988212109,355.000000
1757275214.033838511,355.120000
1757275214.088637352,355.120000
1757275214.134329319,355.190000
1757275214.187977552,355.190000
1757275214.233866215,355.250000
1757275214.288113356,355.190000
1757275214.334766626,355.060000
1757275214.387784958,355.000000
1757275214.434950113,355.000000
1757275214.488433123,355.000000
1757275214.535422802,355.060000
1757275214.588399887,354.940000
1757275214.635433674,355.000000
1757275214.689293146,355.000000
1757275214.736104012,354.940000
1757275214.789135695,354.870000
1757275214.834850073,355.000000
1757275214.889389038,355.190000
1757275214.934888124,355.440000
1757275214.988532782,355.560000
1757275215.035165071,355.690000
1757275215.088649988,355.750000
1757275215.135094881,355.870000
1757275215.189763546,355.870000
1757275215.236211777,355.810000
1757275215.290301800,355.810000
1757275215.339470387,355.870000
1757275215.390248299,355.810000
1757275215.436957836,355.810000
1757275215.490245819,355.810000
1757275215.535411358,355.940000
1757275215.589665651,355.940000
1757275215.636047602,356.120000
1757275215.690833807,356.370000
1757275215.736308336,356.810000
1757275215.790350199,357.310000
1757275215.836525202,357.370000
1757275215.891800404,357.370000
1757275215.936707020,357.250000
1757275215.992151022,357.440000
1757275216.037417412,357.370000
1757275216.090584993,357.500000
1757275216.136924267,357.690000
1757275216.190873146,357.870000
1757275216.237099171,357.750000
1757275216.291198730,357.870000
1757275216.337027311,358.250000
1757275216.392138481,358.560000
1757275216.436810017,358.560000
1757275216.492911339,358.690000
1757275216.537061930,358.620000
1757275216.592940807,358.620000
1757275216.637804747,358.560000
1757275216.692517042,358.690000
1757275216.737834454,358.870000
1757275216.791947126,359.060000
1757275216.838028193,359.060000
1757275216.893107653,359.120000
1757275216.937085152,359.060000
1757275216.992763281,359.000000
1757275217.038228989,359.060000
1757275217.092557669,358.940000
1757275217.137947559,358.870000
1757275217.193096161,358.870000
1757275217.237404585,358.940000
1757275217.295559645,359.190000
1757275217.338036776,359.250000
1757275217.392179728,359.440000
1757275217.437862396,359.620000
1757275217.491393089,0.060000
1757275217.538263559,0.560000
1757275217.594079971,0.750000
1757275217.638248205,0.940000
1757275217.694130659,1.250000
1757275217.738517284,1.190000
1757275217.795179844,1.250000
1757275217.838975668,1.120000
1757275217.893485308,1.120000
1757275217.938710213,1.120000
1757275217.993487597,1.120000
1757275218.038238525,1.120000
1757275218.094545603,1.190000
1757275218.138667583,1.250000
1757275218.193747997,1.190000
1757275218.238547802,1.190000
1757275218.292958498,1.190000
1757275218.338765144,1.250000
1757275218.394723177,1.250000
1757275218.439232111,1.370000
1757275218.495379925,1.440000
1757275218.539572954,1.440000
1757275218.595389366,1.370000
1757275218.639511108,1.370000
1757275218.693518162,1.310000
1757275218.739451408,1.250000
1757275218.794081688,1.250000
1757275218.839798927,1.250000
1757275218.895557880,1.190000
1757275218.940145254,1.120000
1757275218.995569706,1.060000
1757275219.039459467,1.060000
1757275219.094029903,1.060000
1757275219.139228344,1.000000
1757275219.194281816,0.940000
1757275219.240711451,0.880000
1757275219.294318676,0.810000
1757275219.340920210,0.690000
1757275219.394953012,0.690000
1757275219.440524340,0.560000
1757275219.496269464,0.620000
1757275219.540583849,0.620000
1757275219.594980955,0.560000
1757275219.640540123,0.560000
1757275219.694779158,0.500000
1757275219.740582228,0.370000
1757275219.795367956,0.130000
1757275219.840802670,0.060000
1757275219.895700216,0.190000
1757275219.940712929,0.130000
1757275219.994310141,0.000000
1757275220.040560722,359.940000
1757275220.094335556,0.060000
1757275220.139957190,0.250000
1757275220.192215443,0.250000
1757275220.243243694,0.250000
1757275220.293029547,0.310000
1757275220.351365805,0.310000
1757275220.402312994,0.250000
1757275220.440711498,0.250000
1757275220.495768785,0.370000
1757275220.540068150,0.440000
1757275220.596540689,0.370000
1757275220.640009880,0.440000
1757275220.696396112,0.500000
1757275220.740447283,0.440000
1757275220.795961380,0.560000
1757275220.840623617,0.500000
1757275220.894917488,0.500000
1757275220.940860748,0.310000
1757275221.001181602,0.440000
1757275221.044767857,0.500000
1757275221.092506647,0.370000
1757275221.143671513,0.130000
1757275221.193470716,0.130000
1757275221.244927168,0.250000
1757275221.293666601,0.250000
1757275221.341029406,0.130000
1757275221.394654989,0.130000
1757275221.440851927,0.250000
1757275221.496271133,0.310000
1757275221.540249586,0.130000
1757275221.594647408,359.940000
1757275221.640033245,359.870000
1757275221.695376635,359.620000
1757275221.740235806,359.560000
1757275221.795443058,359.500000
1757275221.840570927,359.500000
1757275221.892789364,359.560000
1757275221.940482855,359.440000
1757275221.994781971,359.120000
1757275222.040451765,358.870000
1757275222.094900131,358.810000
1757275222.140897989,358.940000
1757275222.194989681,358.620000
1757275222.240446806,358.500000
1757275222.297189951,358.440000
1757275222.340322733,358.370000
1757275222.395350218,358.370000
1757275222.440127134,358.370000
1757275222.495625019,358.060000
1757275222.540172338,357.690000
1757275222.596577883,357.870000
1757275222.641899347,357.690000
1757275222.695683479,357.690000
1757275222.741108656,357.870000
1757275222.797127247,357.750000
1757275222.841810226,357.750000
1757275222.897965193,357.750000
1757275222.943095207,357.560000
1757275222.997921467,357.440000
1757275223.042953253,357.500000
1757275223.097898960,357.310000
1757275223.142271757,357.120000
1757275223.198005676,356.620000
1757275223.242586136,356.690000
1757275223.298968792,356.500000
1757275223.342128992,356.440000
1757275223.398573875,356.310000
1757275223.442816734,356.060000
1757275223.497730494,355.500000
1757275223.542345047,355.250000
1757275223.597450018,355.310000
1757275223.642168283,355.370000
1757275223.696422577,355.500000
1757275223.742906094,355.440000
1757275223.796766281,355.440000
1757275223.843150377,355.370000
1757275223.897371531,355.310000
1757275223.942046404,355.190000
1757275223.998030901,355.120000
1757275224.042365551,355.190000
1757275224.099036694,355.190000
1757275224.143537521,355.250000
1757275224.197861671,355.190000
1757275224.243637323,355.120000
1757275224.298562050,355.250000
1757275224.343410254,355.190000
1757275224.399229527,355.310000
1757275224.444258928,355.250000
1757275224.500874996,355.250000
1757275224.545247793,355.250000
1757275224.601224661,355.250000
1757275224.645957708,355.250000
1757275224.701787472,355.250000
1757275224.745544910,355.370000
1757275224.800631285,355.500000
1757275224.844928026,355.690000
1757275224.899738312,355.940000
1757275224.945501089,356.060000
1757275224.995475769,356.250000
1757275225.045386076,356.370000
1757275225.099879980,356.310000
1757275225.145709276,356.620000
1757275225.200150728,356.750000
1757275225.245561600,357.000000
1757275225.300734997,357.250000
1757275225.345463753,357.440000
1757275225.401943207,357.560000
1757275225.449098825,357.440000
1757275225.502119064,357.310000
1757275225.547094107,357.440000
1757275225.600739241,357.560000
1757275225.645934105,357.750000
1757275225.700824976,357.940000
1757275225.746010065,357.940000
1757275225.800624609,358.000000
1757275225.846625566,358.000000
1757275225.901509523,358.060000
1757275225.946441412,358.120000
1757275226.002193928,358.190000
1757275226.047464848,358.370000
1757275226.101661682,358.370000
1757275226.147549152,358.620000
1757275226.202825308,358.810000
1757275226.247048140,359.000000
1757275226.302549362,359.060000
1757275226.347783327,359.060000
1757275226.404557467,359.060000
1757275226.453338861,359.120000
1757275226.503527641,359.120000
1757275226.553473234,359.310000
1757275226.603377104,359.690000
1757275226.648483753,0.060000
1757275226.702212334,0.500000
1757275226.748122215,0.500000
1757275226.802900076,0.560000
1757275226.848325491,0.560000
1757275226.902309179,0.500000
1757275226.953463793,0.440000
1757275226.999825954,0.500000
1757275227.048802376,0.690000
1757275227.103554487,0.810000
1757275227.151557922,0.880000
1757275227.203906775,0.940000
1757275227.249490976,0.810000
1757275227.304255009,0.810000
1757275227.349685907,0.880000
1757275227.403684378,0.880000
1757275227.452106476,0.880000
1757275227.503002644,0.810000
1757275227.549247980,1.060000
1757275227.604250193,1.440000
1757275227.652654648,1.560000
1757275227.704480410,1.620000
1757275227.751198292,1.690000
1757275227.802016258,1.810000
1757275227.850458622,1.810000
1757275227.900878191,1.870000
1757275227.950290203,2.000000
1757275228.005178213,2.190000
1757275228.056527376,2.120000
1757275228.106161594,2.120000
1757275228.152177572,2.120000
1757275228.205965519,2.060000
1757275228.257290125,2.190000
1757275228.305574179,2.250000
1757275228.353892326,2.500000
1757275228.405410051,2.560000
1757275228.452665806,2.500000
1757275228.505197048,2.500000
1757275228.551081896,2.500000
1757275228.605247498,2.560000
1757275228.651905060,2.500000
1757275228.705080748,2.560000
1757275228.754667521,2.560000
1757275228.807193279,2.560000
1757275228.856970549,2.500000
1757275228.907518864,2.620000
1757275228.955881119,2.560000
1757275229.006713152,2.370000
1757275229.055752993,2.690000
1757275229.106917381,2.750000
1757275229.156705856,2.810000
1757275229.206325769,2.750000
1757275229.253774881,2.810000
1757275229.308823109,2.750000
1757275229.355175018,2.620000
1757275229.406675816,2.690000
1757275229.456906796,2.870000
1757275229.506893873,2.870000
1757275229.552436113,2.940000
1757275229.608756542,3.060000
1757275229.656724930,3.440000
1757275229.709068775,3.620000
1757275229.755586147,3.620000
1757275229.806979656,3.750000
1757275229.853739977,3.870000
1757275229.907707214,4.060000
1757275229.953392267,3.940000
1757275230.009231329,3.940000
1757275230.052947044,3.870000
1757275230.108127117,3.870000
1757275230.154963255,3.750000
1757275230.207635164,3.690000
1757275230.257253647,3.750000
1757275230.310219288,3.620000
1757275230.359547615,3.440000
1757275230.409877062,3.440000
1757275230.455064535,3.500000
1757275230.509043455,3.500000
1757275230.555847406,3.500000
1757275230.609427452,3.440000
1757275230.657291889,3.440000
1757275230.709157467,3.370000
1757275230.755635500,3.370000
1757275230.808840752,3.310000
1757275230.855280638,3.060000
1757275230.909990311,2.750000
1757275230.954502583,2.440000
1757275231.009117842,2.250000
1757275231.054843187,1.810000
1757275231.108672619,1.500000
1757275231.154498816,1.440000
1757275231.210397720,1.370000
1757275231.254528046,1.440000
1757275231.309307337,1.250000
1757275231.355084181,0.880000
1757275231.409557104,0.560000
1757275231.455023527,359.870000
1757275231.510343075,359.370000
1757275231.556274652,359.000000
1757275231.611148596,358.560000
1757275231.655868769,358.250000
1757275231.709761858,358.000000
1757275231.755642653,357.940000
1757275231.810707808,357.940000
1757275231.855897903,357.810000
1757275231.910735130,357.690000
1757275231.955782413,357.560000
1757275232.010474920,357.370000
1757275232.056024313,356.940000
1757275232.110676050,356.810000
1757275232.158165455,356.440000
1757275232.212008953,356.060000
1757275232.258261442,355.750000
1757275232.313032150,355.440000
1757275232.357333422,354.940000
1757275232.411225557,354.690000
1757275232.457581282,354.250000
1757275232.512563705,354.000000
1757275232.558079958,354.060000
1757275232.611720800,354.060000
1757275232.656624317,354.060000
1757275232.711404324,354.190000
1757275232.757063866,354.310000
1757275232.811252117,354.250000
1757275232.858195782,354.440000
1757275232.912048340,354.750000
1757275232.959698677,355.250000
1757275233.007803202,355.750000
1757275233.057878017,355.940000
1757275233.112186909,356.310000
1757275233.158179998,356.250000
1757275233.212252617,356.370000
1757275233.257435799,356.370000
1757275233.311566830,356.190000
1757275233.360152483,356.000000
1757275233.412165880,355.620000
1757275233.459300518,355.370000
1757275233.512005329,355.190000
1757275233.558536053,354.810000
1757275233.612164497,354.370000
1757275233.659686565,353.940000
1757275233.712058544,353.500000
1757275233.758179665,354.000000
1757275233.811932564,354.190000
1757275233.857369423,354.370000
1757275233.913550138,354.810000
1757275233.959164143,355.500000
1757275234.012964010,356.000000
1757275234.059890509,356.370000
1757275234.113158703,356.620000
1757275234.159706831,356.560000
1757275234.211034060,356.560000
1757275234.260123253,356.310000
1757275234.312629461,356.120000
1757275234.359943390,355.750000
1757275234.411771536,355.120000
1757275234.458775759,354.620000
1757275234.510665417,354.500000
1757275234.559573174,354.060000
1757275234.613863945,353.690000
1757275234.659241199,354.120000
1757275234.713375807,354.440000
1757275234.760419130,354.750000
1757275234.814261436,354.870000
1757275234.859425545,355.250000
1757275234.914722204,355.560000
1757275234.959529638,355.870000
1757275235.011253834,356.310000
1757275235.060140371,356.620000
1757275235.114202976,356.560000
1757275235.160650015,357.310000
1757275235.213888884,357.690000
1757275235.260776758,357.500000
1757275235.314392328,357.190000
1757275235.362061262,357.190000
1757275235.414280415,357.060000
1757275235.461548328,357.000000
1757275235.512993097,356.750000
1757275235.560843468,356.370000
1757275235.615350246,356.370000
1757275235.663323641,356.310000
1757275235.713190556,356.310000
1757275235.761871576,356.190000
1757275235.814887285,355.560000
1757275235.861932278,355.250000
1757275235.916479349,355.060000
1757275235.961546421,354.870000
1757275236.016566753,354.500000
1757275236.062119484,354.310000
1757275236.116694689,353.810000
1757275236.161200285,354.060000
1757275236.214888096,354.000000
1757275236.263591051,354.000000
1757275236.315699100,354.060000
1757275236.363161802,354.190000
1757275236.415685654,354.310000
1757275236.465212822,354.370000
1757275236.512125969,354.500000
1757275236.562818766,354.690000
1757275236.616159916,354.940000
1757275236.663090706,355.190000
1757275236.716378689,355.370000
1757275236.764072180,355.810000
1757275236.815855026,355.940000
1757275236.863013744,355.870000
1757275236.915427685,355.870000
1757275236.962331533,355.810000
1757275237.011038780,355.810000
1757275237.061713696,355.690000
1757275237.116813421,355.500000
1757275237.163100004,355.500000
1757275237.216953278,355.370000
1757275237.263787270,355.310000
1757275237.320837259,355.190000
1757275237.362636805,355.120000
1757275237.418165445,355.060000
1757275237.462998867,355.000000
1757275237.516913652,354.870000
1757275237.562932968,354.870000
1757275237.617054939,354.870000
1757275237.662580729,354.940000
1757275237.716938496,354.940000
1757275237.763348341,354.940000
1757275237.817935705,354.940000
1757275237.862990618,355.120000
1757275237.917762041,355.120000
1757275237.965991259,355.060000
1757275238.018270969,355.120000
1757275238.064551830,355.120000
1757275238.117749929,355.190000
1757275238.163201571,355.310000
1757275238.218163967,355.190000
1757275238.263474226,355.250000
1757275238.318437338,355.250000
1757275238.364139318,355.190000
1757275238.417367220,355.120000
1757275238.463390350,355.190000
1757275238.518093348,355.250000
1757275238.563943386,355.060000
1757275238.618269205,355.060000
1757275238.663741589,355.000000
1757275238.717018604,354.940000
1757275238.764093399,354.940000
1757275238.819075108,354.940000
1757275238.864157915,355.060000
1757275238.919205427,355.190000
1757275238.969118118,355.120000
1757275239.019451380,355.250000
1757275239.064404488,355.190000
1757275239.119641304,355.250000
1757275239.164910793,355.250000
1757275239.220278025,355.250000
1757275239.263904333,355.250000
1757275239.320162058,355.370000
1757275239.364663363,355.310000
1757275239.419137955,355.370000
1757275239.464834452,355.250000
1757275239.519796371,355.190000
1757275239.564623833,355.120000
1757275239.621042252,355.120000
1757275239.664902210,355.190000
1757275239.717468500,355.190000
1757275239.765269995,355.190000
1757275239.821004391,355.250000
1757275239.865034580,355.310000
1757275239.918898582,355.310000
1757275239.965054750,355.370000
1757275240.019934893,355.440000
1757275240.065369368,355.500000
1757275240.121009350,355.560000
1757275240.165091991,355.560000
1757275240.221009493,355.620000
1757275240.266688824,355.560000
1757275240.321753025,355.620000
1757275240.365418911,355.690000
1757275240.420355320,355.690000
1757275240.466359138,355.620000
1757275240.518128395,355.620000
1757275240.568451166,355.620000
1757275240.622007132,355.620000
1757275240.666364908,355.620000
1757275240.722326517,355.560000
1757275240.765734434,355.620000
1757275240.822401047,355.620000
1757275240.867671013,355.620000
1757275240.920007229,355.690000
1757275240.967891455,355.560000
1757275241.020938635,355.440000
1757275241.066867352,355.250000
1757275241.122661352,354.810000
1757275241.166287184,354.560000
1757275241.219291449,354.440000
1757275241.266768694,354.750000
1757275241.323585033,354.940000
1757275241.367041349,355.120000
1757275241.420962811,355.190000
1757275241.467415333,355.810000
1757275241.522102356,356.310000
1757275241.568035603,356.060000
1757275241.623942137,356.250000
1757275241.671914101,356.310000
1757275241.719185591,356.310000
1757275241.769676447,356.560000
1757275241.824262857,356.690000
1757275241.869467497,356.310000
1757275241.920936108,356.120000
1757275241.968618870,355.750000
1757275242.022659302,355.620000
1757275242.067531347,355.620000
1757275242.121906281,355.690000
1757275242.168092251,355.560000
1757275242.223239899,355.560000
1757275242.268169403,355.620000
1757275242.326879025,355.690000
1757275242.368343830,355.750000
1757275242.421504021,355.940000
1757275242.468857050,356.060000
1757275242.522857904,356.190000
1757275242.567673683,356.440000
1757275242.623161793,356.370000
1757275242.667974234,356.620000
1757275242.723952055,356.750000
1757275242.768530607,356.810000
1757275242.823388815,356.870000
1757275242.869258642,357.120000
1757275242.924156189,357.000000
1757275242.969097614,357.120000
1757275243.023421764,357.120000
1757275243.071524858,357.440000
1757275243.123732805,357.310000
1757275243.169395447,357.060000
1757275243.224858522,356.870000
1757275243.268630981,356.810000
1757275243.322999477,356.940000
1757275243.370105505,356.940000
1757275243.423992157,356.940000
1757275243.470435381,356.870000
1757275243.524035215,356.690000
1757275243.570896149,356.500000
1757275243.625108719,356.370000
1757275243.670925379,356.370000
1757275243.724463701,356.440000
1757275243.771737099,356.500000
1757275243.825028896,356.440000
1757275243.875211239,356.500000
1757275243.924934149,356.560000
1757275243.971798420,356.370000
1757275244.025456429,356.250000
1757275244.071892023,356.500000
1757275244.124948740,356.620000
1757275244.170246601,356.750000
1757275244.225995779,356.870000
1757275244.273757696,357.000000
1757275244.326742887,357.190000
1757275244.372193098,357.500000
1757275244.425930023,357.940000
1757275244.472198725,357.810000
1757275244.526352644,357.940000
1757275244.572985649,357.940000
1757275244.626188517,358.060000
1757275244.673241138,358.060000
1757275244.725375175,358.190000
1757275244.774181128,358.190000
1757275244.824863911,358.190000
1757275244.876013756,358.440000
1757275244.925676584,358.690000
1757275244.974295139,359.000000
1757275245.024581194,359.120000
1757275245.073757410,359.120000
1757275245.126125097,359.370000
1757275245.173124552,359.940000
1757275245.227726221,0.250000
1757275245.274799347,0.880000
1757275245.327194691,1.250000
1757275245.375795126,1.250000
1757275245.425821543,1.620000
1757275245.474319220,1.940000
1757275245.527484417,1.810000
1757275245.573070526,2.060000
1757275245.626774788,2.440000
1757275245.675881386,2.810000
1757275245.727308273,3.060000
1757275245.774322033,3.120000
1757275245.826156139,3.060000
1757275245.875637054,3.060000
1757275245.926828146,3.120000
1757275245.972834349,3.120000
1757275246.027514696,3.120000
1757275246.076044083,3.370000
1757275246.123619080,3.690000
1757275246.175925493,3.750000
1757275246.226021051,4.000000
1757275246.274852276,4.190000
1757275246.326376200,4.560000
1757275246.374767303,4.810000
1757275246.426826954,5.060000
1757275246.474730253,5.370000
1757275246.523816109,5.690000
1757275246.576131582,5.560000
1757275246.627709150,5.620000
1757275246.673623800,5.440000
1757275246.726629734,5.250000
1757275246.774824381,5.250000
1757275246.826549053,5.190000
1757275246.875032902,5.120000
1757275246.927162647,5.120000
1757275246.973746061,5.120000
1757275247.028554916,4.810000
1757275247.076397657,4.620000
1757275247.126753569,4.500000
1757275247.176535368,4.500000
1757275247.227928400,4.560000
1757275247.277835846,4.440000
1757275247.328645945,4.500000
1757275247.378287077,4.440000
1757275247.430502892,4.370000
1757275247.478139639,4.190000
1757275247.529644728,4.060000
1757275247.577869415,3.940000
1757275247.627480745,3.940000
1757275247.677395821,3.620000
1757275247.728492975,3.120000
1757275247.777367830,2.750000
1757275247.829493523,2.620000
1757275247.875383615,2.620000
1757275247.927557945,2.690000
1757275247.976510525,2.690000
1757275248.027591467,2.620000
1757275248.076334476,2.500000
1757275248.128441811,2.310000
1757275248.177222252,2.120000
1757275248.230260372,2.060000
1757275248.276949167,2.060000
1757275248.329031467,1.810000
1757275248.378463507,1.870000
1757275248.430199385,1.810000
1757275248.478142738,1.810000
1757275248.527993917,1.620000
1757275248.577406168,1.500000
1757275248.631253719,1.440000
1757275248.681100130,1.810000
1757275248.729420662,1.940000
1757275248.780048370,1.810000
1757275248.828551531,1.560000
1757275248.877544880,1.560000
1757275248.927938223,1.500000
1757275248.976878643,1.440000
1757275249.029148817,1.190000
1757275249.080218554,0.940000
1757275249.129827261,0.620000
1757275249.180370569,0.190000
1757275249.229796648,359.940000
1757275249.281020641,359.560000
1757275249.330209494,359.120000
1757275249.381916523,358.620000
1757275249.429024935,358.250000
1757275249.479500055,357.940000
1757275249.528467655,357.620000
1757275249.579798222,357.000000
1757275249.630471945,356.620000
1757275249.681870937,356.370000
1757275249.730732441,356.250000
1757275249.781678915,355.940000
1757275249.832527876,355.500000
1757275249.881347179,355.060000
1757275249.930287361,354.750000
1757275249.982153893,354.370000
1757275250.030097723,354.250000
1757275250.081061363,354.370000
1757275250.129859209,354.690000
1757275250.180399895,354.810000
1757275250.230143547,354.870000
1757275250.280300379,355.250000
1757275250.329754114,355.690000
1757275250.379126072,356.120000
1757275250.429788589,356.370000
1757275250.480636120,356.250000
1757275250.531829596,356.190000
1757275250.581374168,356.120000
1757275250.630051851,356.060000
1757275250.682207346,355.870000
1757275250.730989933,355.690000
1757275250.783050537,355.560000
1757275250.830204964,355.560000
1757275250.881106377,355.500000
1757275250.931509256,355.370000
1757275250.981909752,355.310000
1757275251.029887676,355.310000
1757275251.080236912,355.370000
1757275251.130892515,355.190000
1757275251.180346966,354.940000
1757275251.231158257,354.810000
1757275251.280260801,354.810000
1757275251.331201792,354.690000
1757275251.383870602,354.750000
1757275251.430963039,354.750000
1757275251.483135939,354.750000
1757275251.530316353,355.000000
1757275251.581862450,355.440000
1757275251.630366564,355.500000
1757275251.682189465,355.310000
