ros_time_s,Vel_Des
1758473348.373528242,"2.83,0.67"
1758473348.475469351,"2.83,0.67"
1758473348.572047472,"2.83,0.67"
1758473348.673942327,"2.83,0.67"
1758473348.873737812,"2.83,0.67"
1758473348.976310968,"2.83,0.67"
1758473349.260702610,"2.83,0.67"
1758473349.373691320,"2.83,0.67"
1758473349.473061085,"2.83,0.67"
1758473349.574520588,"0.67,2.83"
1758473349.673756838,"0.67,2.83"
1758473349.775000334,"0.67,2.83"
1758473349.872952938,"0.67,2.83"
1758473349.973694801,"0.67,2.83"
1758473350.055334806,"0.67,2.83"
1758473350.175966263,"0.67,2.83"
1758473350.270641565,"2.83,0.67"
1758473350.373950958,"0.67,2.83"
1758473350.472758293,"2.83,0.67"
1758473350.573157549,"2.83,0.67"
1758473350.673634529,"2.83,0.67"
1758473350.772740126,"2.83,0.67"
1758473350.873839378,"2.83,0.67"
1758473350.974944353,"2.83,0.67"
1758473351.073826313,"2.83,0.67"
1758473351.271689892,"2.83,0.67"
1758473351.376937866,"2.83,0.67"
1758473351.473358870,"2.83,0.67"
1758473351.574531794,"2.83,0.67"
1758473351.673989058,"2.83,0.67"
1758473351.774895668,"2.83,0.67"
1758473351.875268459,"2.83,0.67"
1758473351.973890305,"2.83,0.67"
1758473352.075399637,"2.83,0.67"
1758473352.173033476,"2.83,0.67"
1758473352.273352146,"2.83,0.67"
1758473352.372752905,"2.83,0.67"
1758473352.471845150,"2.83,0.67"
1758473352.573014021,"2.83,0.67"
1758473352.674056292,"2.83,0.67"
1758473352.779821396,"2.83,0.67"
1758473352.872104645,"2.83,0.67"
1758473352.972761393,"2.83,0.67"
1758473353.073384762,"2.83,0.67"
1758473353.173478365,"2.83,0.67"
1758473353.273786783,"2.83,0.67"
1758473353.374842882,"2.83,0.67"
1758473353.472815990,"2.83,0.67"
1758473353.573967934,"2.83,0.67"
1758473353.674859047,"2.83,0.67"
1758473353.776016712,"2.83,0.67"
1758473353.874392509,"2.83,0.67"
1758473353.973158836,"2.83,0.67"
1758473354.074990749,"2.83,0.67"
1758473354.275145769,"2.83,0.67"
1758473354.374917746,"2.83,0.67"
1758473354.475249767,"2.83,0.67"
1758473354.573155642,"2.83,0.67"
1758473354.674167395,"2.83,0.67"
1758473354.874493599,"2.83,0.67"
1758473355.073959112,"2.83,0.67"
1758473355.173194647,"2.83,0.67"
1758473355.274456501,"2.83,0.67"
1758473355.373411417,"2.83,0.67"
1758473355.574009418,"2.83,0.67"
1758473355.672686338,"2.83,0.67"
1758473355.773607254,"2.83,0.67"
1758473355.874028444,"2.83,0.67"
1758473355.972513676,"2.83,0.67"
1758473356.075487375,"2.83,0.67"
1758473356.174223661,"2.83,0.67"
1758473356.270985842,"2.83,0.67"
1758473356.374268532,"2.83,0.67"
1758473356.573812723,"2.83,0.67"
1758473356.673142672,"2.83,0.67"
1758473356.770378351,"2.83,0.67"
1758473356.873728037,"2.83,0.67"
1758473356.974245787,"2.83,0.67"
1758473357.073267460,"2.83,0.67"
1758473357.277567625,"2.83,0.67"
1758473357.973005533,"2.83,0.67"
1758473359.572792053,"0.67,2.83"
1758473359.673822165,"0.67,2.83"
1758473359.772046804,"0.67,2.83"
1758473359.873341322,"0.67,2.83"
1758473361.273011446,"2.83,0.67"
1758473361.473318100,"2.83,0.67"
1758473361.573727846,"2.83,0.67"
1758473361.774405479,"2.83,0.67"
1758473363.072471142,"2.83,0.67"
1758473363.671912670,"2.83,0.67"
1758473363.772637606,"2.83,0.67"
1758473363.869881153,"2.83,0.67"
1758473364.072647572,"2.83,0.67"
1758473364.169935703,"2.83,0.67"
1758473364.368881702,"2.83,0.67"
1758473364.472283840,"2.83,0.67"
1758473364.569765806,"2.83,0.67"
1758473364.675307751,"2.83,0.67"
1758473364.869489908,"2.83,0.67"
1758473365.569668055,"2.83,0.67"
1758473365.670260429,"2.83,0.67"
1758473365.968305826,"2.83,0.67"
1758473366.070198059,"2.83,0.67"
1758473366.167651415,"2.83,0.67"
1758473366.767601967,"2.83,0.67"
1758473366.870815516,"2.83,0.67"
1758473366.967613220,"2.83,0.67"
1758473367.369994402,"2.83,0.67"
1758473367.467300177,"2.83,0.67"
1758473369.371369362,"2.83,0.67"
1758473369.566670418,"2.83,0.67"
1758473369.668988228,"2.83,0.67"
1758473371.149991274,"0.67,2.83"
1758473371.750845671,"0.67,2.83"
1758473371.851037979,"0.67,2.83"
1758473371.950996399,"0.67,2.83"
1758473372.150378942,"0.67,2.83"
1758473372.251319408,"0.67,2.83"
1758473373.168124914,"2.00,0.00"
1758473373.269839764,"2.00,0.00"
1758473373.368978739,"2.00,0.00"
1758473373.569636583,"2.00,0.00"
1758473373.669458866,"2.00,0.00"
1758473373.767796040,"2.00,0.00"
1758473373.970111370,"2.83,0.67"
1758473374.068775415,"2.83,0.67"
1758473374.168421268,"2.83,0.67"
1758473374.270059586,"2.83,0.67"
1758473374.371474504,"2.83,0.67"
1758473374.469354153,"2.83,0.67"
1758473374.570210218,"2.83,0.67"
1758473374.671861410,"2.83,0.67"
1758473374.772456169,"2.83,0.67"
1758473374.870566845,"2.83,0.67"
1758473374.968046427,"2.83,0.67"
1758473375.072162390,"2.83,0.67"
1758473375.173311234,"2.83,0.67"
1758473375.272306442,"2.83,0.67"
1758473375.370233536,"2.83,0.67"
1758473375.471334696,"2.83,0.67"
1758473375.571371794,"2.83,0.67"
1758473375.671647310,"2.83,0.67"
1758473375.770761251,"2.83,0.67"
1758473375.870002270,"2.83,0.67"
1758473375.969879866,"2.83,0.67"
1758473376.071516752,"2.83,0.67"
1758473376.171614885,"2.83,0.67"
1758473376.271097422,"2.83,0.67"
1758473376.372611523,"2.83,0.67"
1758473376.469815969,"2.83,0.67"
1758473376.571188927,"2.83,0.67"
1758473376.672614574,"2.83,0.67"
1758473376.771773338,"2.83,0.67"
1758473376.871705532,"2.83,0.67"
1758473376.969369888,"2.83,0.67"
1758473377.071367025,"2.83,0.67"
1758473377.174244881,"2.83,0.67"
1758473377.272229910,"2.83,0.67"
1758473377.371500731,"2.83,0.67"
1758473377.469022512,"2.83,0.67"
1758473377.671660662,"2.83,0.67"
1758473377.873983383,"2.83,0.67"
1758473377.973106384,"2.83,0.67"
1758473378.171605825,"2.83,0.67"
1758473378.372432709,"2.83,0.67"
1758473378.473584175,"2.83,0.67"
1758473378.771328926,"2.83,0.67"
1758473379.072828770,"2.83,0.67"
1758473379.173427105,"2.83,0.67"
1758473379.474512339,"2.83,0.67"
1758473379.573786259,"2.83,0.67"
1758473379.675032854,"2.83,0.67"
1758473379.771924496,"0.67,2.83"
1758473379.872537374,"0.67,2.83"
1758473379.973205566,"2.83,0.67"
1758473380.074481487,"2.83,0.67"
1758473380.173878670,"0.67,2.83"
1758473380.274171114,"0.67,2.83"
1758473380.374942780,"2.83,0.67"
1758473380.475515604,"2.83,0.67"
1758473380.573896885,"2.83,0.67"
1758473380.673670292,"2.83,0.67"
1758473380.772334814,"2.83,0.67"
1758473380.873627186,"2.83,0.67"
1758473381.074787855,"2.83,0.67"
1758473381.175925493,"2.83,0.67"
1758473381.273876667,"2.83,0.67"
1758473381.473792315,"2.83,0.67"
1758473381.576113224,"0.67,2.25"
1758473381.676641464,"2.83,0.67"
1758473381.772275925,"0.67,2.83"
1758473381.868991137,"2.83,0.67"
1758473381.975892067,"0.67,2.83"
1758473382.075395584,"2.83,0.67"
1758473382.179779530,"0.67,1.93"
1758473382.274224997,"2.83,0.67"
1758473382.373299360,"2.00,0.00"
1758473382.473315239,"2.00,0.00"
1758473382.574231625,"2.00,0.00"
1758473382.676545143,"2.83,0.67"
1758473382.872905731,"2.83,0.67"
1758473382.975392103,"2.83,0.67"
1758473383.074117422,"2.83,0.67"
1758473383.175565720,"2.83,0.67"
1758473383.274135351,"2.83,0.67"
1758473383.374688625,"2.83,0.67"
1758473383.476199865,"2.83,0.67"
1758473383.574212551,"2.83,0.67"
1758473383.673879623,"2.83,0.67"
1758473383.774129868,"2.83,0.67"
1758473383.873382568,"0.67,2.83"
1758473383.975388765,"2.83,0.67"
1758473384.074485064,"2.83,0.67"
1758473384.177348852,"2.83,0.67"
1758473384.275584459,"0.67,2.83"
1758473384.374974251,"2.83,0.67"
1758473384.476624489,"2.83,0.67"
1758473384.570647717,"2.83,0.67"
1758473384.674903154,"2.83,0.67"
1758473384.771362782,"2.83,0.67"
1758473384.875364542,"2.83,0.67"
1758473384.975058794,"2.83,0.67"
1758473385.074785471,"2.83,0.67"
1758473385.175213099,"2.83,0.67"
1758473385.274360657,"2.83,0.67"
1758473385.374141932,"2.83,0.67"
1758473385.474605560,"2.83,0.67"
1758473385.571299791,"2.83,0.67"
1758473385.676337242,"2.83,0.67"
1758473385.773173809,"2.83,0.67"
1758473385.874472141,"2.00,0.00"
1758473385.974205017,"2.00,0.00"
1758473386.070159674,"2.00,0.00"
1758473386.175028801,"2.83,0.67"
1758473386.274629593,"2.83,0.67"
1758473386.374590874,"2.83,0.67"
1758473386.473246098,"0.67,2.83"
1758473386.574743271,"2.83,0.67"
1758473386.674115419,"2.83,0.67"
1758473386.773536205,"2.83,0.67"
1758473386.874383688,"2.83,0.67"
1758473386.974158287,"2.83,0.67"
1758473387.071185350,"2.83,0.67"
1758473387.175376415,"2.83,0.67"
1758473387.274331093,"0.67,2.83"
1758473387.375228167,"2.83,0.67"
1758473387.474250555,"2.83,0.67"
1758473387.577023506,"2.83,0.67"
1758473387.674480677,"2.83,0.67"
1758473387.775840044,"2.83,0.67"
1758473387.868315697,"2.83,0.67"
1758473387.974255800,"2.83,0.67"
1758473388.080255985,"2.83,0.67"
1758473388.175259590,"2.83,0.67"
1758473388.273946762,"2.83,0.67"
1758473388.374084234,"2.83,0.67"
1758473388.474817276,"2.83,0.67"
1758473388.575418949,"2.83,0.67"
1758473388.670754671,"2.83,0.67"
1758473388.774971485,"2.83,0.67"
1758473388.872557640,"2.83,0.67"
1758473388.974409819,"2.83,0.67"
1758473389.073532343,"2.83,0.67"
1758473389.173851728,"2.83,0.67"
1758473389.274656057,"2.83,0.67"
1758473389.375241041,"2.83,0.67"
1758473389.468988657,"2.83,0.67"
1758473389.575009108,"2.83,0.67"
1758473389.673626900,"2.83,0.67"
1758473389.775552988,"2.83,0.67"
1758473389.876266241,"2.83,0.67"
1758473389.975862503,"2.83,0.67"
1758473390.073919296,"2.83,0.67"
1758473390.175585270,"2.83,0.67"
1758473390.275038004,"2.83,0.67"
1758473390.374486923,"2.83,0.67"
1758473390.478188515,"2.83,0.67"
1758473390.574921846,"2.83,0.67"
1758473390.673883438,"2.83,0.67"
1758473390.775437355,"2.83,0.67"
1758473390.874751568,"2.83,0.67"
1758473390.976529121,"2.83,0.67"
1758473391.074210405,"2.83,0.67"
1758473391.175568104,"2.83,0.67"
1758473391.275202513,"2.83,0.67"
1758473391.375849247,"2.83,0.67"
1758473391.474582434,"2.83,0.67"
1758473391.575141907,"2.83,0.67"
1758473391.673975706,"2.83,0.67"
1758473391.774831533,"2.83,0.67"
1758473391.876927376,"2.83,0.67"
1758473391.975823879,"2.83,0.67"
1758473392.076236248,"2.83,0.67"
1758473392.170899153,"2.83,0.67"
1758473392.273350000,"2.83,0.67"
1758473392.374471426,"2.83,0.67"
1758473392.473728657,"2.83,0.67"
1758473392.576455593,"2.83,0.67"
1758473392.675964594,"2.83,0.67"
1758473392.776220560,"2.83,0.67"
1758473392.874474049,"2.83,0.67"
1758473392.975946665,"2.83,0.67"
1758473393.074361324,"2.83,0.67"
1758473393.172217131,"2.83,0.67"
1758473393.274408102,"2.83,0.67"
1758473393.375352383,"2.83,0.67"
1758473393.473862648,"2.83,0.67"
1758473393.571084261,"2.83,0.67"
1758473393.674510479,"2.83,0.67"
1758473393.778893232,"2.83,0.67"
1758473393.873596907,"2.83,0.67"
1758473393.974835873,"2.83,0.67"
1758473394.074346542,"2.83,0.67"
1758473394.175116301,"2.83,0.67"
1758473394.275946856,"2.83,0.67"
1758473394.375682831,"2.83,0.67"
1758473394.473568439,"2.83,0.67"
1758473394.574105740,"2.83,0.67"
1758473394.673593283,"2.83,0.67"
1758473394.775980473,"2.83,0.67"
1758473394.872611761,"2.83,0.67"
1758473394.973533392,"2.83,0.67"
1758473395.074813843,"2.83,0.67"
1758473395.475037336,"0.67,2.83"
1758473395.575823069,"0.67,2.83"
1758473395.676809072,"2.83,0.67"
1758473395.773736238,"2.83,0.67"
1758473395.873029470,"2.83,0.67"
1758473395.972898006,"2.83,0.67"
1758473396.075113297,"2.83,0.67"
1758473396.173876286,"2.83,0.67"
1758473396.372477770,"0.67,2.83"
1758473396.473453522,"2.83,0.67"
1758473396.676474333,"2.83,0.67"
1758473396.773980141,"2.83,0.67"
1758473396.874200821,"2.83,0.67"
1758473396.974154234,"2.83,0.67"
1758473397.072562218,"2.83,0.67"
1758473397.174625397,"2.83,0.67"
1758473397.274663210,"2.83,0.67"
1758473397.375830412,"2.83,0.67"
1758473397.473492622,"2.83,0.67"
1758473397.575361490,"2.83,0.67"
1758473397.675772190,"2.83,0.67"
1758473397.773811817,"2.83,0.67"
1758473397.873394012,"2.83,0.67"
1758473397.974968672,"2.83,0.67"
1758473398.074645996,"2.83,0.67"
1758473398.174043179,"2.83,0.67"
1758473398.272741079,"2.83,0.67"
1758473398.372878551,"2.83,0.67"
1758473398.473399401,"2.83,0.67"
1758473398.573143482,"2.83,0.67"
1758473398.672017813,"2.83,0.67"
1758473398.773449421,"2.83,0.67"
1758473398.874133348,"2.83,0.67"
1758473398.972026110,"2.83,0.67"
1758473399.073532581,"2.83,0.67"
1758473399.171808720,"2.83,0.67"
1758473399.275003195,"2.83,0.67"
1758473399.371957779,"2.83,0.67"
1758473399.473402739,"2.83,0.67"
1758473399.573104858,"2.83,0.67"
1758473399.672968388,"2.83,0.67"
1758473399.773160219,"2.83,0.67"
1758473399.868292809,"2.83,0.67"
1758473399.972880840,"2.83,0.67"
1758473400.074544191,"2.83,0.67"
1758473400.168965340,"2.83,0.67"
1758473400.271979332,"2.83,0.67"
1758473400.373770714,"2.83,0.67"
1758473400.475019217,"2.83,0.67"
1758473400.575686932,"2.83,0.67"
1758473400.673745394,"2.83,0.67"
1758473400.772687197,"2.83,0.67"
1758473400.873128414,"2.83,0.67"
1758473400.973005295,"2.83,0.67"
1758473401.073748827,"2.83,0.67"
1758473401.173413515,"2.83,0.67"
1758473401.272947788,"2.83,0.67"
1758473401.371790171,"2.83,0.67"
1758473401.470865965,"2.83,0.67"
1758473401.573046446,"2.83,0.67"
1758473401.673664093,"2.83,0.67"
1758473401.772154808,"2.83,0.67"
1758473401.872638226,"2.83,0.67"
1758473401.974827528,"2.83,0.67"
1758473402.071935415,"2.83,0.67"
1758473402.172745705,"2.83,0.67"
1758473402.273018360,"2.83,0.67"
1758473402.372189760,"2.83,0.67"
1758473402.472779036,"2.83,0.67"
1758473402.571781397,"2.83,0.67"
1758473402.670808315,"2.83,0.67"
1758473402.772845030,"2.83,0.67"
1758473402.872703075,"2.83,0.67"
1758473402.973733187,"2.83,0.67"
1758473403.073842525,"2.83,0.67"
1758473403.172989130,"2.83,0.67"
1758473403.272983313,"2.83,0.67"
1758473403.373773336,"2.83,0.67"
1758473403.473705530,"2.83,0.67"
1758473403.572690010,"2.83,0.67"
1758473403.673976898,"2.83,0.67"
1758473403.771087170,"2.83,0.67"
1758473403.873363018,"2.83,0.67"
1758473403.972187996,"2.83,0.67"
1758473404.071961880,"2.83,0.67"
1758473404.171530724,"2.83,0.67"
1758473404.273566961,"2.83,0.67"
1758473404.373021841,"2.83,0.67"
1758473404.472309589,"2.83,0.67"
1758473404.571999311,"2.83,0.67"
1758473404.673049450,"2.83,0.67"
1758473404.774903059,"2.83,0.67"
1758473404.873496056,"2.83,0.67"
1758473404.970102310,"2.83,0.67"
1758473405.068754196,"2.83,0.67"
1758473405.172169447,"2.83,0.67"
1758473405.269896746,"2.83,0.67"
1758473405.373781919,"2.83,0.67"
1758473405.471842527,"2.83,0.67"
1758473405.569518089,"2.83,0.67"
1758473405.671428680,"2.83,0.67"
1758473405.768000364,"2.83,0.67"
1758473405.878843307,"1.75,1.93"
1758473405.969706059,"2.83,0.67"
1758473406.071041822,"2.83,0.67"
1758473406.168860674,"2.83,0.67"
1758473406.269609451,"2.83,0.67"
1758473406.370361567,"2.83,0.67"
1758473406.468433857,"2.83,0.67"
1758473406.567820787,"2.83,0.67"
1758473406.669091225,"2.83,0.67"
1758473406.775395393,"2.83,0.67"
1758473406.867613792,"2.83,0.67"
1758473406.970710039,"2.83,0.67"
1758473407.079484940,"2.83,0.67"
1758473407.167572737,"2.83,0.67"
1758473407.276536465,"2.83,0.67"
1758473407.368575811,"2.83,0.67"
1758473407.470307827,"2.83,0.67"
1758473407.568948030,"2.83,0.67"
1758473407.667822599,"2.83,0.67"
1758473407.770311594,"2.83,0.67"
1758473407.869315386,"2.83,0.67"
1758473407.968641043,"2.83,0.67"
1758473408.070909977,"2.83,0.67"
1758473408.171104670,"2.83,0.67"
1758473408.273603439,"2.83,0.67"
1758473408.369529486,"2.83,0.67"
1758473408.470345259,"2.83,0.67"
1758473408.568158865,"2.83,0.67"
1758473408.670283556,"2.83,0.67"
1758473408.769637108,"2.83,0.67"
1758473408.870465755,"2.83,0.67"
1758473408.970042229,"2.83,0.67"
1758473409.069008827,"2.83,0.67"
1758473409.173063517,"2.83,0.67"
1758473409.267605305,"2.83,0.67"
1758473409.367230892,"2.83,0.67"
1758473409.468219280,"2.83,0.67"
1758473409.567747355,"2.83,0.67"
1758473409.670350790,"2.83,0.67"
1758473409.767904997,"2.83,0.67"
1758473409.867529869,"2.83,0.67"
1758473409.967717886,"2.83,0.67"
1758473410.068945885,"2.83,0.67"
1758473410.168140173,"2.83,0.67"
1758473410.269203424,"2.83,0.67"
1758473410.367585897,"2.83,0.67"
1758473410.468831778,"2.83,0.67"
1758473410.567335606,"2.83,0.67"
1758473410.669966698,"2.83,0.67"
1758473410.766320705,"2.83,0.67"
1758473410.868662119,"2.83,0.67"
1758473410.969346285,"2.83,0.67"
1758473411.068545580,"2.83,0.67"
1758473411.266897917,"2.83,0.67"
1758473411.371158361,"2.83,0.67"
1758473411.467652559,"2.83,0.67"
1758473411.569431305,"2.83,0.67"
1758473411.669934750,"2.83,0.67"
1758473411.768415928,"2.83,0.67"
1758473411.867832661,"2.83,0.67"
1758473411.969236135,"2.83,0.67"
1758473412.067540169,"2.83,0.67"
1758473412.367783308,"2.83,0.67"
1758473412.470143795,"2.83,0.67"
1758473412.569488049,"2.83,0.67"
1758473412.669098854,"2.83,0.67"
1758473412.769014359,"2.83,0.67"
1758473412.866993904,"2.83,0.67"
1758473412.968207836,"2.83,0.67"
1758473413.069782019,"2.83,0.67"
1758473413.167965651,"2.83,0.67"
1758473413.267548561,"2.83,0.67"
1758473413.369391441,"2.83,0.67"
1758473413.466693878,"2.83,0.67"
1758473413.569775581,"2.83,0.67"
1758473413.669095278,"2.83,0.67"
1758473413.773847103,"2.83,0.67"
1758473413.870396376,"2.83,0.67"
1758473413.968967915,"2.83,0.67"
1758473414.067850351,"2.83,0.67"
1758473414.171232224,"2.83,0.67"
1758473414.270597219,"2.83,0.67"
1758473414.369290352,"2.83,0.67"
1758473414.470265627,"2.83,0.67"
1758473414.569571018,"2.83,0.67"
1758473414.671904325,"0.67,2.83"
1758473414.769721031,"2.83,0.67"
1758473414.870297909,"0.67,2.83"
1758473414.969697952,"2.83,0.67"
1758473415.068797588,"0.67,2.83"
1758473415.168267250,"2.83,0.67"
1758473415.268958092,"0.67,2.83"
1758473415.371011734,"0.67,2.83"
1758473415.470513344,"2.83,0.67"
1758473415.569715261,"2.83,0.67"
1758473415.670601130,"2.83,0.67"
1758473415.772991896,"2.83,0.67"
1758473415.870650291,"2.83,0.67"
1758473415.972091913,"2.83,0.67"
1758473416.071354389,"2.83,0.67"
1758473416.175515890,"2.48,0.67"
1758473416.271170139,"0.67,2.83"
1758473416.373915911,"0.68,2.02"
1758473416.472210646,"0.67,2.83"
1758473416.570893764,"2.83,0.67"
1758473416.672829628,"2.83,0.67"
1758473416.770493507,"2.83,0.67"
1758473416.870562553,"2.83,0.67"
1758473416.970610857,"2.83,0.67"
1758473417.068166733,"2.83,0.67"
1758473417.171989441,"2.83,0.67"
1758473417.273210764,"2.83,0.67"
1758473417.370213747,"2.83,0.67"
1758473417.471775293,"2.83,0.67"
1758473417.569888592,"2.83,0.67"
1758473417.671632528,"2.83,0.67"
1758473417.770787954,"2.83,0.67"
1758473417.871774912,"2.83,0.67"
1758473417.971464872,"2.83,0.67"
1758473418.069566965,"2.83,0.67"
1758473418.173999071,"2.83,0.67"
1758473418.272591114,"2.83,0.67"
1758473418.370906115,"2.83,0.67"
1758473418.472130299,"2.83,0.67"
1758473418.572313070,"2.83,0.67"
1758473418.671658754,"2.83,0.67"
1758473418.770037651,"2.83,0.67"
1758473418.870218277,"2.83,0.67"
1758473418.971492052,"2.83,0.67"
1758473419.070867777,"2.83,0.67"
1758473419.170947790,"2.83,0.67"
1758473419.270652771,"2.83,0.67"
1758473419.370297670,"2.83,0.67"
1758473419.470904827,"2.83,0.67"
1758473419.572929859,"2.83,0.67"
1758473419.670093060,"2.83,0.67"
1758473419.774190187,"2.83,0.67"
1758473419.870056629,"2.83,0.67"
1758473419.971506119,"2.83,0.67"
1758473420.070857525,"2.83,0.67"
1758473420.173006058,"2.83,0.67"
1758473420.272183180,"2.83,0.67"
1758473420.371597052,"2.83,0.67"
1758473420.473548174,"2.83,0.67"
1758473420.572982788,"2.83,0.67"
1758473420.672821760,"2.83,0.67"
1758473420.774198771,"2.83,0.67"
1758473420.872323036,"2.83,0.67"
1758473420.973095894,"2.83,0.67"
1758473421.072145462,"2.83,0.67"
1758473421.171685934,"2.83,0.67"
1758473421.272096157,"2.83,0.67"
1758473421.371542931,"2.83,0.67"
1758473421.474436283,"2.83,0.67"
1758473421.574037552,"2.83,0.67"
1758473421.672158003,"2.83,0.67"
1758473421.772789955,"2.83,0.67"
1758473421.870640993,"2.83,0.67"
1758473421.974232435,"2.83,0.67"
1758473422.073501587,"2.83,0.67"
1758473422.172777891,"2.83,0.67"
1758473422.274827957,"2.83,0.67"
1758473422.369583130,"2.83,0.67"
1758473422.473485231,"2.83,0.67"
1758473422.573043823,"2.83,0.67"
1758473422.673224688,"2.83,0.67"
1758473422.772996902,"2.83,0.67"
1758473422.872086525,"2.83,0.67"
1758473422.975995064,"2.83,0.67"
1758473423.073692322,"2.83,0.67"
1758473423.173759222,"2.83,0.67"
1758473423.274097681,"2.83,0.67"
1758473423.371155024,"2.83,0.67"
1758473423.472759485,"2.83,0.67"
1758473423.573718309,"2.83,0.67"
1758473423.673291445,"2.83,0.67"
1758473423.774158239,"2.83,0.67"
1758473423.869926691,"2.83,0.67"
1758473423.974106550,"2.83,0.67"
1758473424.073196173,"2.83,0.67"
1758473424.172531605,"2.83,0.67"
1758473424.273375273,"2.83,0.67"
1758473424.375876188,"2.83,0.67"
1758473424.474908590,"2.83,0.67"
1758473424.573910236,"2.83,0.67"
1758473424.673396826,"2.83,0.67"
1758473424.774766684,"2.83,0.67"
1758473424.876969814,"2.83,0.67"
1758473424.973566055,"2.83,0.67"
1758473425.073850870,"2.83,0.67"
1758473425.174586296,"2.83,0.67"
1758473425.275058031,"2.83,0.67"
1758473425.376169443,"2.83,0.67"
1758473425.467444897,"2.83,0.67"
1758473425.574499369,"2.83,0.67"
1758473425.672017574,"2.83,0.67"
1758473425.775140047,"2.83,0.67"
1758473425.874827147,"2.83,0.67"
1758473425.975128174,"2.83,0.67"
1758473426.074581861,"2.83,0.67"
1758473426.174283266,"2.83,0.67"
1758473426.276731968,"2.83,0.67"
1758473426.377451181,"2.83,0.67"
1758473426.473221540,"2.83,0.67"
1758473426.574879885,"2.83,0.67"
1758473426.674162626,"2.83,0.67"
1758473426.775386810,"0.67,2.83"
1758473426.875437975,"2.83,0.67"
1758473426.974464655,"2.83,0.67"
1758473427.075474262,"2.83,0.67"
1758473427.177196264,"0.67,2.83"
1758473427.275581121,"2.83,0.67"
1758473427.371676922,"0.67,2.83"
1758473427.475499630,"2.83,0.67"
1758473427.574805021,"2.83,0.67"
1758473427.674515486,"2.83,0.67"
1758473427.774703503,"0.67,2.83"
1758473427.875790358,"0.67,2.83"
1758473427.974763155,"2.83,0.67"
1758473428.082254648,"1.75,1.93"
1758473428.175293684,"2.83,0.67"
1758473428.274519444,"2.83,0.67"
1758473428.376173258,"2.83,0.67"
1758473428.475137711,"0.67,2.83"
1758473428.574974298,"2.83,0.67"
1758473428.675868988,"2.83,0.67"
1758473428.775366068,"2.83,0.67"
1758473428.874128580,"2.83,0.67"
1758473428.974685669,"2.83,0.67"
1758473429.072583199,"2.83,0.67"
1758473429.174868584,"2.83,0.67"
1758473429.274960041,"2.83,0.67"
1758473429.376045465,"2.83,0.67"
1758473429.475550890,"2.83,0.67"
1758473429.576355696,"2.83,0.67"
1758473429.676683426,"2.83,0.67"
1758473429.774150848,"2.83,0.67"
1758473429.874763250,"2.83,0.67"
1758473429.975697041,"2.83,0.67"
1758473430.074383259,"2.83,0.67"
1758473430.177363396,"2.83,0.67"
1758473430.275157690,"2.83,0.67"
1758473430.375186205,"2.83,0.67"
1758473430.475549459,"2.83,0.67"
1758473430.575815201,"2.83,0.67"
1758473430.673388243,"2.83,0.67"
1758473430.774362564,"2.83,0.67"
1758473430.873709679,"2.83,0.67"
1758473430.974761009,"2.83,0.67"
1758473431.074682474,"2.83,0.67"
1758473431.174480438,"2.83,0.67"
1758473431.276096582,"2.83,0.67"
1758473431.374396086,"2.83,0.67"
1758473431.475461960,"2.83,0.67"
1758473431.575652838,"2.83,0.67"
1758473431.672647953,"2.83,0.67"
1758473431.774195671,"2.83,0.67"
1758473431.875683069,"2.83,0.67"
1758473431.974052429,"2.83,0.67"
1758473432.076242447,"2.83,0.67"
1758473432.174785376,"2.83,0.67"
1758473432.274363756,"2.83,0.67"
1758473432.376883268,"2.83,0.67"
1758473432.473775864,"2.83,0.67"
1758473432.576187134,"2.83,0.67"
1758473432.673420429,"2.83,0.67"
1758473432.775167227,"2.83,0.67"
1758473432.875944138,"2.83,0.67"
1758473432.976664543,"2.83,0.67"
1758473433.073203802,"2.83,0.67"
1758473433.174513817,"2.83,0.67"
1758473433.274350405,"2.83,0.67"
1758473433.376834393,"2.83,0.67"
1758473433.477579832,"2.83,0.67"
1758473433.576227427,"2.83,0.67"
1758473433.673393011,"2.83,0.67"
1758473433.775171995,"2.83,0.67"
1758473433.874804974,"2.83,0.67"
1758473433.976692200,"2.83,0.67"
1758473434.075224638,"2.83,0.67"
1758473434.174689054,"2.83,0.67"
1758473434.373990774,"2.83,0.67"
1758473434.472520113,"2.83,0.67"
1758473434.574865818,"2.83,0.67"
1758473434.674137115,"2.83,0.67"
1758473434.774765253,"2.83,0.67"
1758473434.874150991,"2.83,0.67"
1758473434.974540949,"2.83,0.67"
1758473435.074548960,"2.83,0.67"
1758473435.173869610,"2.83,0.67"
1758473435.274582386,"2.83,0.67"
1758473435.374083042,"2.83,0.67"
1758473435.474207163,"2.83,0.67"
1758473435.575182915,"2.83,0.67"
1758473435.673249960,"2.83,0.67"
1758473435.773896456,"2.83,0.67"
1758473435.870816946,"2.83,0.67"
1758473435.979477644,"2.83,0.67"
1758473436.074458361,"2.83,0.67"
1758473436.173872709,"2.83,0.67"
1758473436.273262262,"2.83,0.67"
1758473436.375353336,"2.83,0.67"
1758473436.477250338,"2.83,0.67"
1758473436.576269865,"2.83,0.67"
1758473436.675467730,"2.83,0.67"
1758473436.774027109,"2.83,0.67"
1758473436.876005650,"2.83,0.67"
1758473436.976227522,"2.83,0.67"
1758473437.075715542,"2.83,0.67"
1758473437.173013926,"2.83,0.67"
1758473437.273948193,"2.83,0.67"
1758473437.374057293,"2.83,0.67"
1758473437.468843699,"2.83,0.67"
1758473437.574734926,"2.83,0.67"
1758473437.675359726,"2.83,0.67"
1758473437.773469687,"2.83,0.67"
1758473437.876511812,"2.83,0.67"
1758473437.975486517,"2.83,0.67"
1758473438.075328350,"2.83,0.67"
1758473438.172811747,"2.83,0.67"
1758473438.274059772,"2.83,0.67"
1758473438.376480579,"2.83,0.67"
1758473438.474708080,"2.83,0.67"
1758473438.573892593,"2.83,0.67"
1758473438.673663378,"2.83,0.67"
1758473438.773412704,"2.83,0.67"
1758473438.875899792,"2.83,0.67"
1758473438.974008799,"2.83,0.67"
1758473439.075119257,"2.83,0.67"
1758473439.174785137,"2.83,0.67"
1758473439.274384499,"2.83,0.67"
1758473439.374794722,"2.83,0.67"
1758473439.473736286,"2.83,0.67"
1758473439.571105719,"2.83,0.67"
1758473439.673960686,"2.83,0.67"
1758473439.774693966,"2.83,0.67"
1758473439.875964403,"2.83,0.67"
1758473439.975116014,"2.83,0.67"
1758473440.074925900,"2.83,0.67"
1758473440.172783613,"2.83,0.67"
1758473440.276313543,"2.83,0.67"
1758473440.373796940,"2.83,0.67"
1758473440.474651814,"2.83,0.67"
1758473440.571103573,"2.83,0.67"
1758473440.674365520,"2.83,0.67"
1758473440.773785830,"2.83,0.67"
1758473440.876102924,"2.83,0.67"
1758473440.974868059,"2.83,0.67"
1758473441.072208166,"2.83,0.67"
1758473441.175094128,"2.83,0.67"
1758473441.275568724,"2.83,0.67"
1758473441.373829603,"2.83,0.67"
1758473441.474744797,"2.83,0.67"
1758473441.575016260,"2.83,0.67"
1758473441.674874783,"2.83,0.67"
1758473441.774875641,"2.83,0.67"
1758473441.873545170,"2.83,0.67"
1758473441.974588871,"2.83,0.67"
1758473442.074360371,"2.83,0.67"
1758473442.170189857,"2.83,0.67"
1758473442.275557041,"2.83,0.67"
1758473442.374133825,"2.83,0.67"
1758473442.474477053,"2.83,0.67"
1758473442.570054770,"2.83,0.67"
1758473442.674664021,"2.83,0.67"
1758473442.772842646,"2.83,0.67"
1758473442.874794245,"2.83,0.67"
1758473442.973510742,"2.83,0.67"
1758473443.071980476,"2.83,0.67"
1758473443.174555302,"2.83,0.67"
1758473443.273341656,"2.83,0.67"
1758473443.375974894,"2.83,0.67"
1758473443.474134922,"2.83,0.67"
1758473443.576280594,"2.83,0.67"
1758473443.674438477,"2.83,0.67"
1758473443.773187637,"2.83,0.67"
1758473443.877105951,"2.83,0.67"
1758473443.973584890,"2.83,0.67"
1758473444.074326992,"2.83,0.67"
1758473444.174636602,"2.83,0.67"
1758473444.273144245,"2.83,0.67"
1758473444.374477625,"2.83,0.67"
1758473444.473875761,"2.83,0.67"
1758473444.573356628,"2.83,0.67"
1758473444.674389362,"2.83,0.67"
1758473444.773222685,"2.83,0.67"
1758473444.873998165,"2.83,0.67"
1758473444.974781275,"2.83,0.67"
1758473445.071885347,"2.83,0.67"
1758473445.174796343,"2.83,0.67"
1758473445.274425745,"2.83,0.67"
1758473445.373535633,"2.83,0.67"
1758473445.474339485,"2.83,0.67"
1758473445.577732563,"2.83,0.67"
1758473445.786947250,"2.83,0.67"
1758473445.810541153,"2.83,0.67"
1758473445.873854160,"2.83,0.67"
1758473445.972023964,"2.83,0.67"
1758473446.073521614,"2.83,0.67"
1758473446.175503016,"2.83,0.67"
1758473446.273849249,"2.83,0.67"
1758473446.373411417,"2.83,0.67"
1758473446.472953081,"2.83,0.67"
1758473446.573021650,"2.83,0.67"
1758473446.674023628,"2.83,0.67"
1758473446.771943092,"2.83,0.67"
1758473446.874484777,"2.83,0.67"
1758473446.974010468,"2.83,0.67"
1758473447.073907852,"2.83,0.67"
1758473447.172332764,"2.83,0.67"
1758473447.275254965,"2.83,0.67"
1758473447.372950315,"2.83,0.67"
1758473447.473488569,"2.83,0.67"
1758473447.573933601,"2.83,0.67"
1758473447.672641754,"2.83,0.67"
1758473447.773652792,"2.83,0.67"
1758473447.868481636,"2.83,0.67"
1758473447.974030733,"2.83,0.67"
1758473448.075037718,"2.83,0.67"
1758473448.173722267,"2.83,0.67"
1758473448.274806499,"2.83,0.67"
1758473448.373902082,"2.83,0.67"
1758473448.475516558,"2.83,0.67"
1758473448.573453426,"2.83,0.67"
1758473448.675131559,"2.83,0.67"
1758473448.772969246,"2.83,0.67"
1758473448.873976469,"2.83,0.67"
1758473448.973262310,"2.83,0.67"
1758473449.072280407,"2.83,0.67"
1758473449.172785521,"2.83,0.67"
1758473449.274786711,"2.83,0.67"
1758473449.372034073,"2.83,0.67"
1758473449.470040321,"2.83,0.67"
1758473449.572519779,"2.83,0.67"
1758473449.673888206,"2.83,0.67"
1758473449.773834467,"2.83,0.67"
1758473449.873672247,"2.83,0.67"
1758473449.974859476,"2.83,0.67"
1758473450.072790384,"2.83,0.67"
1758473450.170060873,"2.83,0.67"
1758473450.272915602,"2.83,0.67"
1758473450.372906208,"2.83,0.67"
1758473450.473787069,"2.83,0.67"
1758473450.571651697,"2.83,0.67"
1758473450.674552917,"2.83,0.67"
1758473450.772442341,"2.83,0.67"
1758473450.872869968,"2.83,0.67"
1758473450.973902941,"2.83,0.67"
1758473451.073019743,"2.83,0.67"
1758473451.169798613,"2.83,0.67"
1758473451.274173975,"2.83,0.67"
1758473451.373934031,"2.83,0.67"
1758473451.471223831,"2.83,0.67"
1758473451.572640419,"2.83,0.67"
1758473451.671199322,"2.83,0.67"
1758473451.772782087,"2.83,0.67"
1758473451.872785330,"2.83,0.67"
1758473451.973084211,"2.83,0.67"
1758473452.072217226,"2.83,0.67"
1758473452.172541380,"2.83,0.67"
1758473452.275303841,"2.83,0.67"
1758473452.373989582,"2.83,0.67"
1758473452.472809792,"2.83,0.67"
1758473452.572271109,"2.83,0.67"
1758473452.672339201,"2.83,0.67"
1758473452.771558046,"2.83,0.67"
1758473452.873187304,"2.83,0.67"
1758473452.972886324,"2.83,0.67"
1758473453.073571682,"2.83,0.67"
1758473453.172228336,"2.83,0.67"
1758473453.274332047,"2.83,0.67"
1758473453.373945713,"2.83,0.67"
1758473453.472976923,"2.83,0.67"
1758473453.573179722,"2.83,0.67"
1758473453.673451424,"2.83,0.67"
1758473453.774014235,"2.83,0.67"
1758473454.372298717,"2.83,0.67"
1758473454.972097397,"2.83,0.67"
1758473455.071781158,"2.83,0.67"
1758473455.170118093,"2.83,0.67"
1758473455.273236990,"2.83,0.67"
1758473455.370945930,"2.83,0.67"
1758473455.476227760,"2.83,0.67"
1758473455.571372747,"2.83,0.67"
1758473455.671177387,"2.83,0.67"
1758473455.775198698,"2.83,0.67"
1758473455.872253180,"2.83,0.67"
1758473455.972918034,"2.83,0.67"
1758473456.072529316,"2.83,0.67"
1758473456.172415257,"2.83,0.67"
1758473456.275243282,"2.83,0.67"
1758473456.372982979,"2.83,0.67"
1758473456.473255873,"2.83,0.67"
1758473456.573172808,"2.83,0.67"
1758473456.672781229,"2.83,0.67"
1758473456.773344755,"2.83,0.67"
1758473456.874280214,"2.83,0.67"
1758473456.972640276,"2.83,0.67"
1758473457.072906017,"2.83,0.67"
1758473457.176399469,"2.83,0.67"
1758473457.273184776,"2.83,0.67"
1758473457.370303154,"2.83,0.67"
1758473457.473261595,"2.83,0.67"
1758473457.571332693,"2.83,0.67"
1758473457.673842192,"2.83,0.67"
1758473457.774671555,"2.83,0.67"
1758473457.874564886,"2.83,0.67"
1758473457.970539570,"2.83,0.67"
1758473458.069770813,"2.83,0.67"
1758473458.170030594,"2.83,0.67"
1758473458.269651413,"2.83,0.67"
1758473458.368260145,"2.83,0.67"
1758473458.471063614,"2.83,0.67"
1758473458.568822384,"2.83,0.67"
1758473458.673291445,"2.83,0.67"
1758473458.770507574,"0.67,2.83"
1758473458.867788076,"2.83,0.67"
1758473458.969117880,"2.83,0.67"
1758473459.074706316,"0.67,2.83"
1758473459.170301199,"2.83,0.67"
1758473459.271406412,"2.83,0.67"
1758473459.378420115,"1.93,1.78"
1758473459.470215082,"2.83,0.67"
1758473459.573854208,"0.67,2.83"
1758473459.672208786,"2.83,0.67"
1758473459.768348455,"2.83,0.67"
1758473459.867639303,"0.67,2.83"
1758473459.968732119,"2.83,0.67"
1758473460.072121620,"2.83,0.67"
1758473460.168870926,"2.83,0.67"
1758473460.269658327,"0.67,2.83"
1758473460.371952057,"2.83,0.67"
1758473460.468598127,"2.83,0.67"
1758473460.571813822,"2.83,0.67"
1758473460.668715954,"0.67,2.83"
1758473460.770313978,"2.83,0.67"
1758473460.867130041,"0.67,2.83"
1758473460.966034651,"0.67,2.83"
1758473461.070380688,"2.83,0.67"
1758473461.166851759,"2.83,0.67"
1758473461.267918587,"2.83,0.67"
1758473461.367756367,"0.67,2.83"
1758473461.470253468,"2.09,0.69"
1758473461.569235802,"2.83,0.67"
1758473461.669035435,"0.67,2.83"
1758473461.766417265,"0.67,2.83"
1758473461.869844437,"0.67,2.83"
1758473461.967425585,"0.67,2.83"
1758473462.066197872,"0.67,2.83"
1758473462.167528391,"0.67,2.83"
1758473462.266781807,"0.67,2.83"
1758473462.368024826,"0.67,2.83"
1758473462.468446016,"0.67,2.83"
1758473462.569226742,"2.83,0.67"
1758473462.668354034,"0.67,2.83"
1758473462.766682625,"0.67,2.83"
1758473462.869000912,"0.67,2.83"
1758473462.971615553,"0.67,2.83"
1758473463.065900803,"2.83,0.67"
1758473463.170298815,"0.67,2.83"
1758473463.268959999,"2.09,0.69"
1758473463.369362593,"0.67,2.83"
1758473463.471988440,"0.67,2.83"
1758473463.566995382,"2.83,0.67"
1758473463.666615725,"0.67,2.83"
1758473463.770539522,"2.83,0.67"
1758473463.870697260,"2.83,0.67"
1758473463.967996836,"2.83,0.67"
1758473464.070024014,"2.83,0.67"
1758473464.171384335,"2.83,0.67"
1758473464.268795967,"2.16,0.68"
1758473464.369054794,"2.83,0.67"
1758473464.466798067,"2.83,0.67"
1758473464.568436384,"0.67,2.83"
1758473464.671794653,"0.67,1.94"
1758473464.767221212,"2.83,0.67"
1758473464.870455503,"0.67,2.83"
1758473464.968879461,"2.83,0.67"
1758473465.068437815,"0.67,2.83"
1758473465.168120146,"0.67,2.83"
1758473465.283779621,"0.67,2.83"
1758473465.370799065,"0.67,2.83"
1758473465.467138767,"0.67,2.83"
1758473465.577824354,"1.80,1.93"
1758473465.669977188,"0.67,2.83"
1758473465.775633097,"1.75,1.93"
1758473465.873059273,"0.67,1.95"
1758473465.968750954,"0.67,2.83"
1758473466.067958355,"2.83,0.67"
1758473466.173146963,"1.92,1.69"
1758473466.279560566,"1.93,1.78"
1758473466.368134737,"0.67,2.83"
1758473466.470369816,"0.67,2.83"
1758473466.574589014,"1.62,1.93"
1758473466.669852495,"0.67,2.83"
1758473466.774647474,"1.93,1.39"
1758473466.868770838,"2.83,0.67"
1758473466.975612640,"1.63,1.93"
1758473467.070511341,"2.00,0.68"
1758473467.177281618,"2.00,0.00"
1758473467.276892185,"2.00,0.00"
1758473467.373607874,"1.93,1.46"
1758473467.477384806,"1.73,1.93"
1758473467.568666220,"2.83,0.67"
1758473467.672543049,"2.83,0.67"
1758473467.776863337,"1.92,1.71"
1758473467.868063927,"2.83,0.67"
1758473467.970166922,"0.69,2.09"
1758473468.080253839,"1.93,1.87"
1758473468.169420719,"2.83,0.67"
1758473468.270441771,"2.83,0.67"
1758473468.370117188,"0.69,2.06"
1758473468.475597143,"1.93,1.53"
1758473468.569386482,"2.00,0.00"
1758473468.681710958,"2.00,0.00"
1758473468.769598722,"2.00,0.00"
1758473468.870518684,"2.83,0.67"
1758473468.972084761,"2.08,0.69"
1758473469.070411921,"2.83,0.67"
1758473469.167857647,"2.83,0.67"
1758473469.269207239,"2.83,0.67"
1758473469.368968248,"2.83,0.67"
1758473469.470864296,"2.83,0.67"
1758473469.571337223,"2.83,0.67"
1758473469.670276642,"2.83,0.67"
1758473469.777829647,"1.79,1.93"
1758473469.868396282,"2.83,0.67"
1758473469.971393585,"2.83,0.67"
1758473470.071459293,"2.83,0.67"
1758473470.171265125,"2.83,0.67"
1758473470.277859211,"1.72,1.93"
1758473470.375256300,"1.92,1.69"
1758473470.470237970,"2.83,0.67"
1758473470.571702719,"2.83,0.67"
1758473470.671808481,"2.83,0.67"
1758473470.770537376,"2.83,0.67"
1758473470.870240450,"2.83,0.67"
1758473470.969199657,"2.83,0.67"
1758473471.081001759,"1.93,1.84"
1758473471.170167446,"2.83,0.67"
1758473471.271164656,"0.67,2.83"
1758473471.369915962,"0.67,2.83"
1758473471.473304033,"2.83,0.67"
1758473471.573402166,"2.00,0.00"
1758473471.671866894,"2.00,0.00"
1758473471.773113489,"2.00,0.00"
1758473471.871631384,"2.83,0.67"
1758473471.972258329,"2.83,0.67"
1758473472.068890095,"2.83,0.67"
1758473472.170214653,"2.83,0.67"
1758473472.269492626,"2.83,0.67"
1758473472.370703459,"2.83,0.67"
1758473472.472482920,"2.83,0.67"
1758473472.571987867,"2.83,0.67"
1758473472.670139790,"2.83,0.67"
1758473472.771391392,"2.83,0.67"
1758473472.871959448,"2.83,0.67"
1758473472.972291470,"2.83,0.67"
1758473473.070812464,"2.83,0.67"
1758473473.170186996,"2.82,0.68"
1758473473.272536993,"2.83,0.67"
1758473473.370985508,"2.83,0.67"
1758473473.468989134,"2.83,0.67"
1758473473.570353270,"2.83,0.67"
1758473473.670243025,"2.83,0.67"
1758473473.771198034,"2.83,0.67"
1758473473.872378349,"2.83,0.67"
1758473473.972372055,"2.83,0.67"
1758473474.070048094,"2.83,0.67"
1758473474.169730186,"2.83,0.67"
1758473474.271672487,"2.83,0.67"
1758473474.373772621,"2.83,0.67"
1758473474.472323179,"2.83,0.67"
1758473474.572125673,"2.83,0.67"
1758473474.669731379,"2.83,0.67"
1758473474.772488117,"2.83,0.67"
1758473474.874048233,"2.83,0.67"
1758473474.971586227,"2.83,0.67"
1758473475.071387053,"2.83,0.67"
1758473475.170675039,"2.83,0.67"
1758473475.273178101,"2.83,0.67"
1758473475.373530865,"2.83,0.67"
1758473475.473844767,"2.83,0.67"
1758473475.570449114,"2.83,0.67"
1758473475.671624899,"2.83,0.67"
1758473475.772028208,"2.83,0.67"
1758473475.873978615,"2.83,0.67"
1758473475.971343756,"2.83,0.67"
1758473476.072578192,"2.83,0.67"
1758473476.172303438,"2.83,0.67"
1758473476.274164438,"2.83,0.67"
1758473476.373573065,"2.83,0.67"
1758473476.472178936,"2.83,0.67"
1758473476.572928190,"2.83,0.67"
1758473476.672828436,"2.83,0.67"
1758473476.773711205,"2.83,0.67"
1758473476.874451160,"2.83,0.67"
1758473476.973611116,"2.83,0.67"
1758473477.072642565,"2.83,0.67"
1758473477.171526670,"2.83,0.67"
1758473477.276002407,"2.83,0.67"
1758473477.372868776,"0.67,2.83"
1758473477.474378824,"0.67,2.83"
1758473477.573294401,"0.67,2.83"
1758473477.673461914,"0.67,2.83"
1758473477.773611784,"2.83,0.67"
1758473477.874674797,"0.67,2.83"
1758473477.973304272,"2.83,0.67"
1758473478.075514317,"0.67,2.83"
1758473478.172710896,"0.67,2.83"
1758473478.276569128,"0.67,2.83"
1758473478.374990940,"0.67,2.83"
1758473478.473961115,"0.67,2.83"
1758473478.573259354,"2.83,0.67"
1758473478.674951077,"0.67,2.83"
1758473478.773857355,"2.83,0.67"
1758473478.873677969,"0.67,2.83"
1758473478.975472212,"2.00,0.00"
1758473479.081805229,"2.00,0.00"
1758473479.175460339,"2.00,0.00"
1758473479.274789333,"2.83,0.67"
1758473479.374787331,"0.67,2.83"
1758473479.473807812,"2.83,0.67"
1758473479.574125767,"2.83,0.67"
1758473479.675224781,"2.83,0.67"
1758473479.774032116,"2.83,0.67"
1758473479.875776291,"2.83,0.67"
1758473479.974059343,"2.83,0.67"
1758473480.074235678,"2.83,0.67"
1758473480.174154043,"2.83,0.67"
1758473480.275838375,"2.83,0.67"
1758473480.374163628,"2.83,0.67"
1758473480.473960876,"2.83,0.67"
1758473480.574336767,"2.83,0.67"
1758473480.676164150,"2.83,0.67"
1758473480.774015188,"2.83,0.67"
1758473480.874625206,"2.83,0.67"
1758473480.974813223,"2.83,0.67"
1758473481.075788021,"2.83,0.67"
1758473481.173486233,"2.83,0.67"
1758473481.274897337,"2.83,0.67"
1758473481.374570131,"2.83,0.67"
1758473481.476382017,"2.83,0.67"
1758473481.574634075,"2.83,0.67"
1758473481.674917221,"2.83,0.67"
1758473481.774852753,"2.83,0.67"
1758473481.875867605,"2.83,0.67"
1758473481.974982262,"2.83,0.67"
1758473482.077972651,"2.83,0.67"
1758473482.175119877,"2.83,0.67"
1758473482.274001598,"2.83,0.67"
1758473482.374597073,"2.83,0.67"
1758473482.474984646,"2.83,0.67"
1758473482.575001717,"2.83,0.67"
1758473482.674727440,"2.83,0.67"
1758473482.774394035,"2.83,0.67"
1758473482.875692606,"2.83,0.67"
1758473482.973058224,"2.83,0.67"
1758473483.075992584,"2.83,0.67"
1758473483.174374819,"2.83,0.67"
1758473483.274007320,"2.83,0.67"
1758473483.374659777,"2.83,0.67"
1758473483.473750114,"2.83,0.67"
1758473483.574615002,"2.83,0.67"
1758473483.673265457,"2.83,0.67"
1758473483.774300814,"2.83,0.67"
1758473483.869317532,"2.83,0.67"
1758473483.975752592,"2.83,0.67"
1758473484.074113846,"2.83,0.67"
1758473484.175397873,"2.83,0.67"
1758473484.274519920,"2.83,0.67"
1758473484.373696804,"2.83,0.67"
1758473484.477929354,"2.83,0.67"
1758473484.574379921,"2.83,0.67"
1758473484.674181223,"2.83,0.67"
1758473484.775572777,"2.83,0.67"
1758473484.874180317,"2.83,0.67"
1758473484.975986958,"2.83,0.67"
1758473485.074352980,"2.83,0.67"
1758473485.174657345,"2.83,0.67"
1758473485.274695873,"2.83,0.67"
1758473485.374822140,"2.83,0.67"
1758473485.469953537,"2.83,0.67"
1758473485.574490070,"2.83,0.67"
1758473485.674827576,"2.83,0.67"
1758473485.775058746,"2.83,0.67"
1758473485.876019955,"2.83,0.67"
1758473485.975354671,"2.83,0.67"
1758473486.073979855,"2.83,0.67"
1758473486.173010111,"2.83,0.67"
1758473486.273768663,"2.83,0.67"
1758473486.375180960,"2.83,0.67"
1758473486.474896193,"2.83,0.67"
1758473486.573450804,"2.83,0.67"
1758473486.674299479,"2.83,0.67"
1758473486.775831223,"2.83,0.67"
1758473486.875759363,"2.83,0.67"
1758473486.974781036,"2.83,0.67"
1758473487.075090170,"2.83,0.67"
1758473487.173524141,"2.83,0.67"
1758473487.275044203,"2.83,0.67"
1758473487.375657558,"2.83,0.67"
1758473487.476483345,"2.83,0.67"
1758473487.574156761,"2.83,0.67"
1758473487.675359488,"2.83,0.67"
1758473487.773886919,"2.83,0.67"
1758473487.876318932,"2.83,0.67"
1758473487.974603415,"2.83,0.67"
1758473488.074973345,"2.83,0.67"
1758473488.176092386,"2.83,0.67"
1758473488.274931669,"2.83,0.67"
1758473488.374673367,"2.83,0.67"
1758473488.475970745,"2.83,0.67"
1758473488.574854136,"2.83,0.67"
1758473488.674857616,"2.83,0.67"
1758473488.775483847,"0.67,2.83"
1758473488.876521587,"2.83,0.67"
1758473488.975423813,"2.83,0.67"
1758473489.073886871,"2.83,0.67"
1758473489.175700665,"2.83,0.67"
1758473489.277377129,"2.83,0.67"
1758473489.375614643,"2.83,0.67"
1758473489.475646973,"2.83,0.67"
1758473489.574530602,"2.83,0.67"
1758473490.175562143,"2.83,0.67"
1758473490.274587393,"2.83,0.67"
1758473490.474880695,"2.83,0.67"
1758473490.574855328,"2.83,0.67"
1758473490.675666571,"2.83,0.67"
1758473490.774791002,"2.83,0.67"
1758473490.875045061,"2.83,0.67"
1758473490.976202250,"2.83,0.67"
1758473491.075009346,"2.83,0.67"
1758473491.174704552,"2.83,0.67"
1758473491.274950743,"2.83,0.67"
1758473491.374948025,"2.83,0.67"
1758473491.473665237,"2.83,0.67"
1758473491.573640347,"2.83,0.67"
1758473491.673931837,"2.83,0.67"
1758473491.774695635,"2.83,0.67"
1758473491.874048948,"2.83,0.67"
1758473491.976091146,"2.83,0.67"
1758473492.075523615,"2.83,0.67"
1758473492.175012350,"2.83,0.67"
1758473492.274585247,"2.83,0.67"
1758473492.375482798,"2.83,0.67"
1758473492.474826813,"2.83,0.67"
1758473492.573576689,"2.83,0.67"
1758473492.674549580,"2.83,0.67"
1758473492.774187565,"2.83,0.67"
1758473492.874375820,"2.83,0.67"
1758473492.974150896,"2.83,0.67"
1758473493.075845957,"2.83,0.67"
1758473493.175551653,"2.83,0.67"
1758473493.276111364,"2.83,0.67"
1758473493.375305176,"2.83,0.67"
1758473493.476717710,"2.83,0.67"
1758473493.574136496,"2.83,0.67"
1758473493.676929235,"2.83,0.67"
1758473493.775968552,"2.83,0.67"
1758473493.874228001,"2.83,0.67"
1758473493.975466490,"0.67,2.83"
1758473494.076156616,"0.67,2.83"
1758473494.175199032,"2.83,0.67"
1758473494.274852514,"2.83,0.67"
1758473494.375010014,"2.83,0.67"
1758473494.475541592,"2.83,0.67"
1758473494.574711561,"0.67,2.83"
1758473494.676293612,"0.67,2.83"
1758473494.772747755,"0.67,2.83"
1758473494.875831127,"0.67,2.83"
1758473494.975002527,"2.83,0.67"
1758473495.071227551,"0.67,2.83"
1758473495.175913572,"2.83,0.67"
1758473495.274043083,"2.83,0.67"
1758473495.375309229,"0.67,2.83"
1758473495.473467350,"2.83,0.67"
1758473495.575276613,"2.83,0.67"
1758473495.676031590,"0.67,2.83"
1758473495.868278027,"2.83,0.67"
1758473496.074717522,"2.83,0.67"
1758473496.272894144,"2.83,0.67"
1758473496.476837397,"2.83,0.67"
1758473496.575265169,"2.83,0.67"
1758473496.674749136,"0.67,2.83"
1758473496.772946119,"2.83,0.67"
1758473496.875573874,"2.83,0.67"
1758473496.975150347,"2.83,0.67"
1758473497.074984550,"2.83,0.67"
1758473497.175738573,"2.83,0.67"
1758473497.273526669,"2.83,0.67"
1758473497.375032902,"2.83,0.67"
1758473497.470921755,"2.83,0.67"
1758473497.573549032,"2.83,0.67"
1758473497.675271273,"2.83,0.67"
1758473497.775978088,"2.83,0.67"
1758473497.890319586,"2.83,0.67"
1758473497.974589348,"2.83,0.67"
1758473498.075449944,"2.83,0.67"
1758473498.172746181,"2.83,0.67"
1758473498.274742365,"2.83,0.67"
1758473498.373196125,"2.83,0.67"
1758473498.475939035,"2.83,0.67"
1758473498.571281195,"2.83,0.67"
1758473498.673748255,"2.83,0.67"
1758473498.772262096,"2.83,0.67"
1758473498.875644684,"2.83,0.67"
1758473498.972223997,"2.83,0.67"
1758473499.072123289,"2.83,0.67"
1758473499.172961473,"2.83,0.67"
1758473499.274042368,"2.83,0.67"
1758473499.474540234,"2.83,0.67"
1758473499.569839001,"2.83,0.67"
1758473499.673761606,"2.83,0.67"
1758473499.774830580,"2.83,0.67"
1758473499.873757362,"2.83,0.67"
1758473499.973960161,"2.83,0.67"
1758473500.074347019,"2.83,0.67"
1758473500.174483776,"2.83,0.67"
1758473500.273598671,"2.83,0.67"
1758473500.374370337,"2.83,0.67"
1758473500.475655079,"2.83,0.67"
1758473500.576521635,"2.83,0.67"
1758473500.674500942,"2.83,0.67"
1758473501.173723221,"2.83,0.67"
1758473501.273304462,"2.83,0.67"
1758473501.774316549,"2.83,0.67"
1758473501.873284578,"2.83,0.67"
1758473502.373530149,"0.67,2.83"
1758473502.873936653,"2.83,0.67"
1758473503.076219797,"2.83,0.67"
1758473503.171266556,"2.83,0.67"
1758473503.272773981,"2.83,0.67"
1758473506.672056437,"2.83,0.67"
1758473506.791565657,"2.83,0.67"
1758473506.873718262,"2.83,0.67"
1758473507.072378397,"2.83,0.67"
1758473507.175685644,"2.83,0.67"
1758473507.273041487,"2.83,0.67"
1758473507.372486591,"2.83,0.67"
1758473507.473953724,"2.83,0.67"
1758473507.573116064,"2.83,0.67"
1758473507.674863815,"2.83,0.67"
1758473507.773126841,"2.83,0.67"
1758473508.073703766,"2.83,0.67"
1758473508.175189495,"2.83,0.67"
1758473508.273761988,"2.83,0.67"
1758473508.474857569,"2.83,0.67"
1758473508.574835539,"2.83,0.67"
1758473508.671139479,"2.83,0.67"
1758473508.774025917,"2.83,0.67"
1758473508.874003172,"2.83,0.67"
1758473508.972808599,"2.83,0.67"
1758473509.072844744,"2.83,0.67"
1758473509.174323559,"2.83,0.67"
1758473509.271944523,"2.83,0.67"
1758473509.372823954,"2.83,0.67"
1758473509.468134642,"2.83,0.67"
1758473509.573296070,"2.83,0.67"
1758473509.672619104,"2.83,0.67"
1758473509.772821665,"2.83,0.67"
1758473509.875001907,"2.83,0.67"
1758473509.970692635,"2.83,0.67"
1758473510.072718620,"2.83,0.67"
1758473510.175404310,"2.83,0.67"
1758473510.274617195,"2.83,0.67"
1758473510.374836445,"2.83,0.67"
1758473510.472638369,"2.83,0.67"
1758473510.573144436,"2.83,0.67"
1758473510.676873684,"2.83,0.67"
1758473510.773620844,"2.83,0.67"
1758473510.873734474,"2.83,0.67"
1758473510.972854614,"2.83,0.67"
1758473511.072117567,"2.83,0.67"
1758473511.172338486,"2.83,0.67"
1758473511.273038149,"2.83,0.67"
1758473511.373723507,"2.83,0.67"
1758473511.469769239,"2.83,0.67"
1758473511.573505163,"2.83,0.67"
1758473511.670867920,"2.83,0.67"
1758473511.770603895,"2.83,0.67"
1758473511.870410919,"2.83,0.67"
1758473511.970532656,"2.83,0.67"
1758473512.075894356,"2.83,0.67"
1758473512.170852423,"2.83,0.67"
1758473512.271212101,"2.83,0.67"
1758473512.368453026,"2.83,0.67"
1758473512.471206665,"2.83,0.67"
1758473512.571108341,"2.83,0.67"
1758473512.670381069,"2.83,0.67"
1758473512.770198345,"2.83,0.67"
1758473512.871251106,"2.83,0.67"
1758473512.969663382,"2.83,0.67"
1758473513.071205854,"2.83,0.67"
1758473513.170830488,"2.83,0.67"
1758473513.269561529,"2.83,0.67"
1758473513.370216846,"2.83,0.67"
1758473513.468224764,"2.83,0.67"
1758473513.571282387,"2.83,0.67"
1758473513.667967081,"2.83,0.67"
1758473513.768512249,"2.83,0.67"
1758473513.871243000,"2.83,0.67"
1758473513.970566511,"2.83,0.67"
1758473514.069810390,"2.83,0.67"
1758473514.170466423,"2.83,0.67"
1758473514.270528078,"2.83,0.67"
1758473514.368005991,"2.83,0.67"
1758473514.471439123,"2.83,0.67"
1758473514.569476604,"2.83,0.67"
1758473514.668022871,"2.83,0.67"
1758473514.772030115,"2.83,0.67"
1758473514.867904425,"2.83,0.67"
1758473514.969602346,"2.83,0.67"
1758473515.070952415,"2.83,0.67"
1758473515.167696476,"2.83,0.67"
1758473515.270720959,"2.83,0.67"
1758473515.369980812,"2.83,0.67"
1758473515.471179247,"2.83,0.67"
1758473515.570901394,"2.83,0.67"
1758473515.670433998,"2.83,0.67"
1758473515.767593384,"2.83,0.67"
1758473515.868581295,"2.83,0.67"
1758473515.970965147,"2.83,0.67"
1758473516.070643187,"2.83,0.67"
1758473516.173350573,"2.83,0.67"
1758473516.268043518,"2.83,0.67"
1758473516.372167110,"2.83,0.67"
1758473516.468124866,"2.83,0.67"
1758473516.569203854,"2.83,0.67"
1758473516.668716192,"2.83,0.67"
1758473516.767733812,"2.83,0.67"
1758473516.870223761,"2.83,0.67"
1758473516.967635632,"2.83,0.67"
1758473517.067220688,"2.83,0.67"
1758473517.168789387,"2.83,0.67"
1758473517.269792557,"2.83,0.67"
1758473517.371490002,"2.83,0.67"
1758473517.466001749,"2.83,0.67"
1758473517.567976952,"2.83,0.67"
1758473517.669667006,"2.83,0.67"
1758473517.767254114,"2.83,0.67"
1758473517.868654966,"2.83,0.67"
1758473517.968059301,"2.83,0.67"
1758473518.067716122,"2.83,0.67"
1758473518.168702602,"2.83,0.67"
1758473518.268059731,"2.83,0.67"
1758473518.368839025,"2.83,0.67"
1758473518.466974974,"2.83,0.67"
1758473518.568722725,"2.83,0.67"
1758473518.668880463,"2.83,0.67"
1758473518.768604279,"2.83,0.67"
1758473518.868583441,"2.83,0.67"
1758473518.969172716,"2.83,0.67"
1758473519.066987038,"2.83,0.67"
1758473519.169911146,"2.83,0.67"
1758473519.269183159,"2.83,0.67"
1758473519.367476225,"2.83,0.67"
1758473519.468878269,"2.83,0.67"
1758473519.567604303,"2.83,0.67"
1758473519.667483091,"2.83,0.67"
1758473519.769638300,"2.83,0.67"
1758473519.869273901,"2.83,0.67"
1758473519.967102051,"2.83,0.67"
1758473520.066750526,"2.83,0.67"
1758473520.179326534,"1.62,1.93"
1758473520.269524336,"2.83,0.67"
1758473520.370867968,"2.83,0.67"
1758473520.470363617,"2.83,0.67"
1758473520.568043947,"2.83,0.67"
1758473520.672139406,"2.83,0.67"
1758473520.771698952,"2.83,0.67"
1758473520.870372295,"2.83,0.67"
1758473520.968559027,"2.83,0.67"
1758473521.069040298,"2.83,0.67"
1758473521.170099974,"2.83,0.67"
1758473521.268540621,"0.67,2.83"
1758473521.370146036,"2.83,0.67"
1758473521.473760605,"1.93,1.45"
1758473521.569240332,"2.83,0.67"
1758473521.671891212,"2.83,0.67"
1758473521.768980980,"0.67,2.83"
1758473521.869295835,"2.83,0.67"
1758473521.970229864,"2.83,0.67"
1758473522.069739103,"2.83,0.67"
1758473522.171543837,"2.83,0.67"
1758473522.270646095,"2.83,0.67"
1758473522.369374990,"0.67,2.83"
1758473522.470176697,"2.83,0.67"
1758473522.569244146,"2.83,0.67"
1758473522.669387341,"2.83,0.67"
1758473522.771550417,"2.83,0.67"
1758473522.869787931,"2.83,0.67"
1758473522.970685720,"2.83,0.67"
1758473523.071305037,"0.67,2.83"
1758473523.173949718,"2.83,0.67"
1758473523.271701813,"2.62,0.67"
1758473523.371385574,"0.67,2.83"
1758473523.470037699,"2.83,0.67"
1758473523.570913553,"2.83,0.67"
1758473523.672193289,"0.67,2.83"
1758473523.771625042,"2.83,0.67"
1758473523.969983578,"0.67,2.83"
1758473524.071228743,"2.83,0.67"
1758473524.173674822,"0.67,2.83"
1758473524.377650738,"1.11,1.93"
1758473524.472165823,"0.67,2.83"
1758473524.571112394,"0.67,2.83"
1758473524.671671629,"0.67,2.83"
1758473524.872096062,"0.67,2.83"
1758473524.970159292,"0.67,2.83"
1758473525.071728230,"0.67,2.83"
1758473525.171700716,"0.67,2.83"
1758473525.270803213,"2.83,0.67"
1758473525.371933222,"2.83,0.67"
1758473525.470630169,"2.83,0.67"
1758473525.571264982,"0.67,2.83"
1758473525.671040297,"0.67,2.83"
1758473525.772164345,"0.67,2.83"
1758473525.873206854,"2.00,0.00"
1758473525.972264290,"2.00,0.00"
1758473526.071979761,"0.67,2.83"
1758473526.170654297,"0.67,2.83"
1758473526.275029898,"0.67,2.83"
1758473526.371587753,"2.00,0.00"
1758473526.472752333,"2.00,0.00"
1758473526.570895433,"2.00,0.00"
1758473526.673126698,"0.67,2.83"
1758473526.776866198,"0.68,2.02"
1758473526.871654510,"0.67,2.83"
1758473526.973448992,"0.67,2.83"
1758473527.071521997,"2.00,0.00"
1758473527.172647476,"2.00,0.00"
1758473527.273900747,"2.00,0.00"
1758473527.372873545,"2.83,0.67"
1758473527.474045753,"2.83,0.67"
1758473527.575872660,"0.68,2.00"
1758473527.672374964,"0.67,2.83"
1758473527.773931026,"2.83,0.67"
1758473527.873415947,"0.67,2.83"
1758473527.972532511,"2.83,0.67"
1758473528.075151205,"2.00,0.00"
1758473528.177231073,"2.00,0.00"
1758473528.274153233,"2.00,0.00"
1758473528.374570847,"0.69,2.05"
1758473528.472352505,"0.67,2.83"
1758473528.572045803,"0.67,2.83"
1758473528.774034262,"2.00,0.00"
1758473528.869215965,"2.00,0.00"
1758473528.973803759,"2.00,0.00"
1758473529.074294329,"2.00,0.00"
1758473529.173953772,"0.67,2.83"
1758473529.273008823,"0.67,2.83"
1758473529.373247147,"0.67,2.83"
1758473529.474269152,"0.67,2.83"
1758473529.573841572,"2.00,0.00"
1758473529.674973965,"2.00,0.00"
1758473529.774306536,"2.00,0.00"
1758473529.868346453,"0.67,2.83"
1758473529.973178864,"0.67,2.83"
1758473530.073298931,"0.67,2.83"
1758473530.172621489,"2.00,0.00"
1758473530.274572134,"2.00,0.00"
1758473530.372951269,"2.00,0.00"
1758473530.473048210,"2.83,0.67"
1758473530.572914124,"2.83,0.67"
1758473530.672696114,"0.67,2.83"
1758473530.772825003,"0.68,2.00"
1758473530.874357224,"0.67,2.75"
1758473530.973962545,"2.00,0.00"
1758473531.071534157,"2.00,0.00"
1758473531.174987793,"2.00,0.00"
1758473531.273226976,"2.83,0.67"
1758473531.374641895,"2.83,0.67"
1758473531.473153114,"2.83,0.67"
1758473531.573850870,"2.83,0.67"
1758473531.674445629,"2.83,0.67"
1758473531.774726391,"2.83,0.67"
1758473531.875504971,"0.67,2.83"
1758473531.975257158,"2.83,0.67"
1758473532.073714495,"2.83,0.67"
1758473532.175413132,"0.67,2.83"
1758473532.270934343,"2.83,0.67"
1758473532.375031233,"0.67,2.83"
1758473532.473565578,"0.67,2.83"
1758473532.574543953,"2.00,0.00"
1758473532.673232079,"2.00,0.00"
1758473532.876248121,"2.00,0.00"
1758473532.973687887,"2.83,0.67"
1758473533.074677706,"2.83,0.67"
1758473533.174588919,"2.83,0.67"
1758473533.273914576,"2.83,0.67"
1758473533.374451160,"0.67,2.83"
1758473533.468527555,"0.67,2.83"
1758473533.574485302,"2.83,0.67"
1758473533.675975323,"2.83,0.67"
1758473533.768879890,"2.83,0.67"
1758473533.873653412,"2.83,0.67"
1758473533.974445343,"2.83,0.67"
1758473534.073890209,"2.83,0.67"
1758473534.175649166,"2.83,0.67"
1758473534.390728951,"2.83,0.67"
1758473534.412343740,"2.83,0.67"
1758473534.473468304,"2.83,0.67"
1758473534.574151516,"2.83,0.67"
1758473534.674797773,"2.83,0.67"
1758473534.773754597,"0.67,2.83"
1758473534.880250692,"1.63,1.93"
1758473534.975901127,"2.19,0.68"
1758473535.075044394,"2.83,0.67"
1758473535.177438974,"2.00,0.00"
1758473535.280720949,"2.00,0.00"
1758473535.373798132,"2.83,0.67"
1758473535.474761486,"2.83,0.67"
1758473535.573969364,"2.83,0.67"
1758473535.676025629,"2.83,0.67"
1758473535.775041103,"2.83,0.67"
1758473535.874064207,"2.83,0.67"
1758473535.973530531,"2.83,0.67"
1758473536.073843956,"2.83,0.67"
1758473536.175034285,"2.83,0.67"
1758473536.273818254,"2.83,0.67"
1758473536.374189615,"2.83,0.67"
1758473536.473204851,"2.83,0.67"
1758473536.574526548,"2.83,0.67"
1758473536.674395800,"2.83,0.67"
1758473536.770008564,"2.83,0.67"
1758473536.874707222,"2.83,0.67"
1758473536.974817514,"2.83,0.67"
1758473537.075082541,"2.83,0.67"
1758473537.176004410,"2.83,0.67"
1758473537.275743008,"2.83,0.67"
1758473537.375283718,"2.83,0.67"
1758473537.477413416,"2.83,0.67"
1758473537.576018572,"2.83,0.67"
1758473537.675384045,"2.83,0.67"
1758473537.775004387,"2.83,0.67"
1758473537.874063015,"2.83,0.67"
1758473537.974908113,"2.83,0.67"
1758473538.077008724,"2.83,0.67"
1758473538.174922228,"2.83,0.67"
1758473538.269849062,"2.83,0.67"
1758473538.375463486,"2.83,0.67"
1758473538.475989103,"2.83,0.67"
1758473538.576271772,"2.83,0.67"
1758473538.674579382,"2.83,0.67"
1758473538.776088476,"2.83,0.67"
1758473538.875187159,"2.83,0.67"
1758473538.974597454,"2.83,0.67"
1758473539.075000286,"2.83,0.67"
1758473539.175368309,"2.83,0.67"
1758473539.276319504,"2.83,0.67"
1758473539.375579357,"2.83,0.67"
1758473539.475480795,"2.83,0.67"
1758473539.574303627,"2.83,0.67"
1758473539.675090313,"2.83,0.67"
1758473539.777611732,"2.83,0.67"
1758473539.875018597,"2.83,0.67"
1758473539.976329803,"2.83,0.67"
1758473540.074412107,"2.83,0.67"
1758473540.176292658,"2.83,0.67"
1758473540.275443554,"2.83,0.67"
1758473540.375317097,"2.83,0.67"
1758473540.478650093,"2.83,0.67"
1758473540.576340675,"2.83,0.67"
1758473540.674781799,"2.83,0.67"
1758473540.774532795,"2.83,0.67"
1758473540.874666214,"2.83,0.67"
1758473540.975929499,"2.83,0.67"
1758473541.074306488,"2.83,0.67"
1758473541.173986912,"2.83,0.67"
1758473541.274581909,"2.83,0.67"
1758473541.375570059,"2.83,0.67"
1758473541.476901531,"2.83,0.67"
1758473541.577673435,"2.83,0.67"
1758473541.675957203,"2.83,0.67"
1758473541.778006554,"2.83,0.67"
1758473541.875519753,"2.83,0.67"
1758473541.973548889,"2.83,0.67"
1758473542.074350595,"2.83,0.67"
1758473542.175456762,"2.83,0.67"
1758473542.273885727,"2.83,0.67"
1758473542.370886087,"2.83,0.67"
1758473542.473929644,"2.83,0.67"
1758473542.573807955,"2.83,0.67"
1758473542.673917532,"2.83,0.67"
1758473542.776375294,"2.83,0.67"
1758473542.877574921,"2.83,0.67"
1758473542.974637747,"2.83,0.67"
1758473543.075487137,"2.83,0.67"
1758473543.174412012,"2.83,0.67"
1758473543.275027275,"2.83,0.67"
1758473543.374935389,"2.83,0.67"
1758473543.474317789,"2.83,0.67"
1758473543.573979855,"2.83,0.67"
1758473543.675169945,"2.83,0.67"
1758473543.775099754,"2.83,0.67"
1758473543.870647192,"2.83,0.67"
1758473543.976314068,"2.83,0.67"
1758473544.075001717,"2.83,0.67"
1758473544.176644325,"2.83,0.67"
1758473544.276675701,"2.83,0.67"
1758473544.374667406,"2.83,0.67"
1758473544.474321604,"2.83,0.67"
1758473544.574821949,"2.83,0.67"
1758473544.674795866,"2.83,0.67"
1758473544.773868561,"2.83,0.67"
1758473544.873798132,"2.83,0.67"
1758473544.975708961,"2.83,0.67"
1758473545.074666023,"2.83,0.67"
1758473545.174328327,"2.83,0.67"
1758473545.275113106,"2.83,0.67"
1758473545.372516394,"2.83,0.67"
1758473545.467814207,"2.83,0.67"
1758473545.573208094,"2.83,0.67"
1758473545.674293041,"2.83,0.67"
1758473545.774964809,"2.83,0.67"
1758473545.974855661,"2.83,0.67"
1758473546.074333906,"2.83,0.67"
1758473546.173701048,"2.83,0.67"
1758473546.274851322,"2.83,0.67"
1758473546.375339270,"2.83,0.67"
1758473546.473956347,"2.83,0.67"
1758473546.573751211,"2.83,0.67"
1758473546.674230576,"2.83,0.67"
1758473546.776593685,"2.83,0.67"
1758473546.871283531,"2.83,0.67"
1758473546.973226786,"2.83,0.67"
1758473547.073856354,"2.83,0.67"
1758473547.173512459,"2.83,0.67"
1758473547.273957014,"2.83,0.67"
1758473547.369982958,"2.83,0.67"
1758473547.474458933,"2.83,0.67"
1758473547.575370550,"2.83,0.67"
1758473547.674328089,"2.83,0.67"
1758473547.774652481,"2.83,0.67"
1758473547.874439240,"2.83,0.67"
1758473547.974470615,"2.83,0.67"
1758473548.073385715,"2.83,0.67"
1758473548.173497915,"2.83,0.67"
1758473548.274413109,"2.83,0.67"
1758473548.374911070,"2.83,0.67"
1758473548.472958326,"2.83,0.67"
1758473548.573141098,"2.83,0.67"
1758473548.672729492,"2.83,0.67"
1758473548.774965763,"2.83,0.67"
1758473548.869039536,"2.83,0.67"
1758473548.973692656,"2.83,0.67"
1758473549.072798491,"2.83,0.67"
1758473549.175557852,"2.83,0.67"
1758473549.273170233,"2.83,0.67"
1758473549.375203848,"2.83,0.67"
1758473549.473578930,"2.83,0.67"
1758473549.573902607,"2.83,0.67"
1758473549.675348997,"2.83,0.67"
1758473549.775150061,"2.83,0.67"
1758473549.874410152,"2.83,0.67"
1758473549.973595619,"2.83,0.67"
1758473550.073082447,"2.83,0.67"
1758473550.174875498,"2.83,0.67"
1758473550.774020910,"2.83,0.67"
1758473550.873433113,"2.83,0.67"
1758473550.971431017,"2.83,0.67"
1758473551.075309038,"2.83,0.67"
1758473551.273874521,"2.83,0.67"
1758473551.472462893,"2.83,0.67"
1758473551.573016644,"2.83,0.67"
1758473551.871125221,"2.83,0.67"
1758473551.972374678,"2.83,0.67"
1758473552.075887918,"2.83,0.67"
1758473552.175085783,"2.83,0.67"
1758473552.274279118,"2.83,0.67"
1758473552.375800848,"2.83,0.67"
1758473552.474819422,"2.83,0.67"
1758473552.573010206,"2.83,0.67"
1758473552.675300837,"2.83,0.67"
1758473552.772960186,"2.83,0.67"
1758473552.874673843,"2.83,0.67"
1758473552.973842144,"2.83,0.67"
1758473553.072791338,"2.83,0.67"
1758473553.172707796,"2.83,0.67"
1758473553.272906542,"2.83,0.67"
1758473553.374098539,"2.83,0.67"
1758473553.475803614,"2.83,0.67"
1758473553.573133469,"2.83,0.67"
1758473553.672679424,"2.83,0.67"
1758473553.773631811,"2.83,0.67"
1758473553.876032114,"2.83,0.67"
1758473553.973721027,"2.83,0.67"
1758473554.073760509,"2.83,0.67"
1758473554.172629595,"2.83,0.67"
1758473554.271901846,"2.83,0.67"
1758473554.373957634,"2.83,0.67"
1758473554.473685980,"2.83,0.67"
1758473554.573956966,"2.83,0.67"
1758473554.675406218,"2.83,0.67"
1758473554.772927999,"2.83,0.67"
1758473554.873023033,"2.83,0.67"
1758473554.974677086,"2.83,0.67"
1758473555.073044538,"2.83,0.67"
1758473555.172968388,"2.83,0.67"
1758473555.272680759,"2.83,0.67"
1758473555.372458458,"2.83,0.67"
1758473555.473419189,"2.83,0.67"
1758473555.573316336,"2.83,0.67"
1758473555.673126698,"2.83,0.67"
1758473555.772692680,"2.83,0.67"
1758473555.870152473,"2.83,0.67"
1758473555.972254992,"2.83,0.67"
1758473556.073559523,"2.83,0.67"
1758473556.173497200,"2.83,0.67"
1758473556.273092031,"2.83,0.67"
1758473556.374169827,"2.83,0.67"
1758473556.473541975,"2.83,0.67"
1758473556.572003126,"2.83,0.67"
1758473556.672553062,"2.83,0.67"
1758473556.771716118,"2.83,0.67"
1758473556.872864485,"2.83,0.67"
1758473556.974945307,"2.83,0.67"
1758473557.072237730,"2.83,0.67"
1758473557.172704220,"2.83,0.67"
1758473557.275694370,"2.83,0.67"
1758473557.373453856,"2.83,0.67"
1758473557.469211340,"2.83,0.67"
1758473557.572365999,"2.83,0.67"
1758473557.673661470,"2.83,0.67"
1758473557.774217129,"2.83,0.67"
1758473557.871186972,"2.83,0.67"
1758473557.973977566,"2.83,0.67"
1758473558.074027300,"2.83,0.67"
1758473558.171121597,"2.82,0.68"
1758473558.374564648,"2.83,0.67"
1758473558.471111059,"2.83,0.67"
1758473558.573191166,"2.83,0.67"
1758473558.673503637,"2.83,0.67"
1758473558.774861813,"2.83,0.67"
1758473558.874734402,"2.83,0.67"
1758473558.971654654,"2.83,0.67"
1758473559.072330475,"2.83,0.67"
1758473559.173532963,"2.83,0.67"
1758473559.273413181,"2.83,0.67"
1758473559.375017643,"2.83,0.67"
1758473559.472917318,"2.83,0.67"
1758473559.572626829,"2.83,0.67"
1758473559.673088551,"2.83,0.67"
1758473559.774280548,"2.83,0.67"
1758473559.873880863,"2.83,0.67"
1758473559.973135948,"2.83,0.67"
1758473560.073761225,"2.83,0.67"
1758473560.174013138,"2.83,0.67"
1758473560.273896694,"2.83,0.67"
1758473560.374053001,"2.83,0.67"
1758473560.472325325,"2.83,0.67"
1758473560.573241234,"2.83,0.67"
1758473560.673532724,"2.83,0.67"
1758473560.774062395,"2.83,0.67"
1758473560.873064756,"2.83,0.67"
1758473560.974238396,"2.83,0.67"
1758473561.073046446,"2.83,0.67"
1758473561.173543453,"2.83,0.67"
1758473561.274368763,"2.83,0.67"
1758473561.373815536,"2.83,0.67"
1758473561.472999096,"2.83,0.67"
1758473561.574340343,"2.83,0.67"
1758473561.673618078,"2.83,0.67"
1758473561.774508715,"2.83,0.67"
1758473561.872996092,"2.83,0.67"
1758473561.975312948,"2.83,0.67"
1758473562.073170900,"2.83,0.67"
1758473562.173466206,"2.83,0.67"
1758473562.272634983,"2.83,0.67"
1758473562.374618769,"2.81,0.69"
1758473562.474297523,"2.83,0.67"
1758473562.573771954,"2.81,0.69"
1758473562.673637390,"2.82,0.68"
1758473562.773724318,"2.82,0.68"
1758473562.871342421,"2.82,0.68"
1758473562.973713398,"2.82,0.68"
1758473563.072556734,"2.82,0.68"
1758473563.174172163,"2.83,0.67"
1758473563.272677183,"2.83,0.67"
1758473563.371749878,"2.83,0.67"
1758473563.468740940,"2.83,0.67"
1758473563.569167376,"2.83,0.67"
1758473563.671732664,"2.83,0.67"
1758473563.773286343,"2.83,0.67"
1758473563.870499134,"2.83,0.67"
1758473563.975759983,"2.83,0.67"
1758473564.075552940,"2.83,0.67"
1758473564.172939539,"2.83,0.67"
1758473564.269139767,"2.83,0.67"
1758473564.370854855,"2.83,0.67"
1758473564.470246077,"2.83,0.67"
1758473564.576995134,"2.83,0.67"
1758473564.671189070,"2.83,0.67"
1758473564.771427155,"2.83,0.67"
1758473564.870017767,"2.83,0.67"
1758473564.967895985,"2.83,0.67"
1758473565.073712111,"2.83,0.67"
1758473565.170924425,"2.83,0.67"
1758473565.272632122,"2.83,0.67"
1758473565.369834900,"2.83,0.67"
1758473565.467037678,"2.83,0.67"
1758473565.570952654,"2.83,0.67"
1758473565.669041157,"2.83,0.67"
1758473565.771977186,"2.83,0.67"
1758473565.867197037,"2.83,0.67"
1758473565.968908548,"2.83,0.67"
1758473566.073053360,"2.83,0.67"
1758473566.168562889,"2.83,0.67"
1758473566.269877195,"2.83,0.67"
1758473566.368861675,"2.83,0.67"
1758473566.468208551,"2.83,0.67"
1758473566.573197842,"2.83,0.67"
1758473566.668262959,"2.83,0.67"
1758473566.770503759,"2.83,0.67"
1758473566.868421078,"2.83,0.67"
1758473566.969138622,"2.83,0.67"
1758473567.071059227,"2.83,0.67"
1758473567.170849323,"2.83,0.67"
1758473567.270757198,"2.83,0.67"
1758473567.371691942,"2.83,0.67"
1758473567.470863819,"2.83,0.67"
1758473567.571862698,"2.83,0.67"
1758473567.667063236,"2.83,0.67"
1758473567.770389795,"2.83,0.67"
1758473567.867216825,"2.83,0.67"
1758473567.969182968,"2.83,0.67"
1758473568.067151070,"2.83,0.67"
1758473568.167337894,"2.83,0.67"
1758473568.370646954,"2.83,0.67"
1758473568.570001841,"2.83,0.67"
1758473568.670245409,"2.83,0.67"
1758473568.966014385,"2.81,0.69"
1758473569.266790628,"2.83,0.67"
1758473569.467847824,"2.83,0.67"
1758473569.569357872,"2.83,0.67"
1758473569.669946671,"2.83,0.67"
1758473569.767812967,"2.83,0.67"
1758473569.866527796,"2.83,0.67"
1758473569.967905760,"2.83,0.67"
1758473570.070974112,"2.83,0.67"
1758473570.165647268,"0.00,2.00"
1758473570.168465376,"2.83,0.67"
1758473570.267172575,"0.00,2.00"
1758473570.269756079,"2.83,0.67"
1758473570.369233608,"2.83,0.67"
1758473570.468374491,"2.83,0.67"
1758473570.569484949,"2.83,0.67"
1758473570.668841362,"2.83,0.67"
1758473570.769379854,"2.83,0.67"
1758473570.869097233,"2.83,0.67"
1758473570.968231201,"2.82,0.68"
1758473571.069894075,"2.82,0.68"
1758473571.169454575,"2.82,0.68"
1758473571.268655777,"2.81,0.69"
1758473571.366203785,"2.82,0.68"
1758473571.467476845,"2.82,0.68"
1758473571.570119619,"2.82,0.68"
1758473571.666732073,"2.82,0.68"
1758473571.767691612,"2.82,0.68"
1758473571.866666794,"2.82,0.68"
1758473571.968837023,"2.82,0.68"
1758473572.070838451,"2.82,0.68"
1758473572.167193651,"2.82,0.68"
1758473572.267287254,"2.82,0.68"
1758473572.368357182,"2.82,0.68"
1758473572.469444275,"2.83,0.67"
1758473572.568783283,"2.83,0.67"
1758473572.666866541,"0.00,2.00"
1758473572.669751644,"2.82,0.68"
1758473572.768946171,"0.00,2.00"
1758473572.771531343,"2.82,0.68"
1758473572.868860722,"2.82,0.68"
1758473572.971483707,"2.82,0.68"
1758473573.066943169,"2.83,0.67"
1758473573.167524576,"2.83,0.67"
1758473573.268150091,"2.82,0.68"
1758473573.368647337,"2.82,0.68"
1758473573.468829870,"2.82,0.68"
1758473573.567867994,"0.00,2.00"
1758473573.570504904,"2.83,0.67"
1758473573.669417143,"0.00,2.00"
1758473573.672112942,"2.82,0.68"
1758473573.768084049,"2.82,0.68"
1758473573.868963003,"2.82,0.68"
1758473573.970486879,"2.82,0.68"
1758473574.082858801,"2.82,0.68"
1758473574.169739246,"2.82,0.68"
1758473574.268216133,"2.82,0.68"
1758473574.371468782,"2.82,0.68"
1758473574.469897747,"2.82,0.67"
1758473574.571382046,"2.82,0.68"
1758473574.667889833,"2.82,0.68"
1758473574.768094540,"2.82,0.68"
1758473574.871030092,"2.82,0.68"
1758473574.968102217,"2.82,0.68"
1758473575.068829298,"2.82,0.68"
1758473575.166384935,"0.00,2.00"
1758473575.168946028,"2.82,0.68"
1758473575.270872355,"0.00,2.00"
1758473575.273470163,"2.82,0.68"
1758473575.368988514,"2.82,0.68"
1758473575.469413280,"2.82,0.68"
1758473575.569693089,"2.82,0.68"
1758473575.670265436,"2.82,0.68"
1758473575.771524668,"2.82,0.68"
1758473575.869915485,"2.82,0.68"
1758473575.970574617,"2.82,0.68"
1758473576.072426558,"2.82,0.68"
1758473576.171089888,"2.82,0.68"
1758473576.270971298,"0.00,2.00"
1758473576.274188995,"2.82,0.68"
1758473576.369381666,"0.00,2.00"
1758473576.372053862,"2.82,0.68"
1758473576.469059944,"2.82,0.68"
1758473576.571162701,"2.82,0.68"
1758473576.668887377,"2.82,0.68"
1758473576.770868540,"2.82,0.68"
1758473576.871223450,"2.82,0.68"
1758473576.968950748,"2.82,0.68"
1758473577.070132732,"2.82,0.68"
1758473577.168410301,"2.82,0.68"
1758473577.271277428,"2.82,0.68"
1758473577.369122982,"2.82,0.68"
1758473577.469624043,"2.82,0.68"
1758473577.569131374,"2.82,0.68"
1758473577.671351910,"0.00,2.00"
1758473577.674009800,"2.82,0.68"
1758473577.768864870,"0.00,2.00"
1758473577.771726847,"2.82,0.68"
1758473577.870668888,"2.82,0.68"
1758473577.971773624,"2.82,0.68"
1758473578.070388556,"2.82,0.68"
1758473578.170795202,"2.81,0.69"
1758473578.271849394,"2.81,0.69"
1758473578.370945454,"2.81,0.69"
1758473578.470917940,"2.81,0.69"
1758473578.570312500,"2.81,0.69"
1758473578.671929121,"2.81,0.69"
1758473578.770434380,"2.81,0.69"
1758473578.871449947,"0.00,2.00"
1758473578.874011993,"2.81,0.69"
1758473578.969586849,"0.00,2.00"
1758473578.972201586,"2.81,0.69"
1758473579.070959806,"2.81,0.69"
1758473579.173050404,"2.81,0.69"
1758473579.270920038,"2.81,0.69"
1758473579.370683670,"2.81,0.69"
1758473579.471139908,"2.81,0.69"
1758473579.572110653,"2.81,0.69"
1758473579.670961380,"2.81,0.69"
1758473579.769241333,"0.00,2.00"
1758473579.771833181,"2.81,0.69"
1758473579.867379665,"0.00,2.00"
1758473579.869970322,"2.81,0.69"
1758473579.970556736,"2.81,0.69"
1758473580.073026657,"2.81,0.69"
1758473580.172484398,"2.81,0.69"
1758473580.271836042,"2.81,0.69"
1758473580.371202469,"2.81,0.69"
1758473580.472262383,"2.82,0.68"
1758473580.571980238,"2.82,0.68"
1758473580.671703577,"2.81,0.69"
1758473580.771181107,"2.81,0.69"
1758473580.872481108,"2.81,0.69"
1758473580.971866608,"2.81,0.69"
1758473581.072734356,"2.81,0.69"
1758473581.172203779,"2.81,0.69"
1758473581.272030115,"2.82,0.68"
1758473581.372326374,"2.82,0.68"
1758473581.467162371,"2.83,0.67"
1758473581.572661400,"2.83,0.67"
1758473581.671203852,"2.81,0.69"
1758473581.772132397,"2.82,0.68"
1758473581.871319056,"0.00,2.00"
1758473581.874008894,"2.82,0.68"
1758473581.971061230,"0.00,2.00"
1758473581.974027872,"0.67,2.83"
1758473582.073192596,"2.82,0.68"
1758473582.171634197,"2.81,0.69"
1758473582.272999525,"2.81,0.69"
1758473582.373325109,"2.83,0.67"
1758473582.475275040,"2.83,0.67"
1758473582.572161198,"2.83,0.67"
1758473582.675228119,"2.83,0.67"
1758473582.773459673,"0.67,2.83"
1758473582.872738838,"2.83,0.67"
1758473582.975856304,"2.83,0.67"
1758473583.071448088,"2.81,0.69"
1758473583.174979210,"2.83,0.67"
1758473583.273114681,"2.81,0.69"
1758473583.374884367,"2.81,0.69"
1758473583.474723577,"2.82,0.68"
1758473583.572754622,"2.83,0.67"
1758473583.677096844,"2.83,0.67"
1758473583.772142887,"2.81,0.69"
1758473583.873311043,"2.81,0.69"
1758473583.974977493,"2.81,0.69"
1758473584.072028160,"2.81,0.69"
1758473584.174002409,"2.81,0.69"
1758473584.272003651,"2.81,0.69"
1758473584.373458624,"2.82,0.68"
1758473584.474510193,"0.00,2.00"
1758473584.477347851,"2.82,0.68"
1758473584.572880983,"2.82,0.68"
1758473584.674264431,"2.82,0.68"
1758473584.772875786,"2.82,0.68"
1758473584.875898838,"2.82,0.68"
1758473584.971700191,"2.83,0.67"
1758473585.072926044,"2.82,0.68"
1758473585.174218178,"0.00,2.00"
1758473585.177584171,"2.82,0.68"
1758473585.272481680,"0.00,2.00"
1758473585.275055170,"2.82,0.68"
1758473585.376627922,"2.82,0.68"
1758473585.473664999,"2.82,0.68"
1758473585.572507381,"2.82,0.68"
1758473585.674200773,"2.82,0.68"
1758473585.775472403,"2.82,0.68"
1758473585.876575232,"2.82,0.68"
1758473585.973374605,"2.82,0.68"
1758473586.073172808,"2.82,0.68"
1758473586.174299717,"2.83,0.67"
1758473586.270876169,"2.83,0.67"
1758473586.376419544,"2.82,0.68"
1758473586.474029541,"2.82,0.68"
1758473586.574636221,"2.83,0.67"
1758473586.674801111,"2.82,0.68"
1758473586.773787498,"0.00,2.00"
1758473586.776364565,"2.82,0.68"
1758473586.875638008,"0.00,2.00"
1758473586.878250599,"2.82,0.68"
1758473586.972001076,"2.82,0.68"
1758473587.074233770,"2.82,0.68"
1758473587.174276829,"2.82,0.68"
1758473587.279161930,"2.82,0.68"
1758473587.374588966,"2.82,0.68"
1758473587.474733114,"2.82,0.68"
1758473587.574750423,"2.82,0.68"
1758473587.675608635,"2.82,0.68"
1758473587.770462990,"2.82,0.68"
1758473587.875527620,"2.82,0.68"
1758473587.972795725,"2.82,0.68"
1758473588.074577093,"2.81,0.69"
1758473588.173981905,"0.00,2.00"
1758473588.176667213,"2.82,0.68"
1758473588.269761086,"0.00,2.00"
1758473588.272336483,"2.82,0.68"
1758473588.373617172,"2.82,0.68"
1758473588.472716808,"2.82,0.68"
1758473588.575430870,"2.82,0.68"
1758473588.674037218,"2.82,0.68"
1758473588.773115396,"2.82,0.68"
1758473588.875730515,"2.82,0.68"
1758473588.974946260,"2.81,0.69"
1758473589.073251247,"2.82,0.68"
1758473589.174145937,"2.82,0.68"
1758473589.272830725,"2.82,0.68"
1758473589.371458292,"2.82,0.68"
1758473589.475735664,"2.82,0.68"
1758473589.574060440,"2.82,0.68"
1758473589.676000595,"2.82,0.68"
1758473589.777856588,"2.82,0.68"
1758473589.869056940,"2.82,0.68"
1758473589.975571632,"2.81,0.69"
1758473590.074545383,"2.81,0.69"
1758473590.175221682,"0.00,2.00"
1758473590.177783012,"2.81,0.69"
1758473590.279666185,"2.81,0.69"
1758473590.373540878,"2.81,0.69"
1758473590.474179745,"2.81,0.69"
1758473590.574430466,"2.81,0.69"
1758473590.675146103,"2.81,0.69"
1758473590.774496317,"2.81,0.69"
1758473590.874276638,"2.81,0.69"
1758473590.974150896,"2.81,0.69"
1758473591.075597763,"2.81,0.69"
1758473591.173416615,"0.00,2.00"
1758473591.176057816,"2.81,0.69"
1758473591.272968292,"0.00,2.00"
1758473591.275810242,"2.81,0.69"
1758473591.373741150,"2.82,0.68"
1758473591.473507643,"2.81,0.69"
1758473591.573836565,"2.81,0.69"
1758473591.675664902,"2.81,0.69"
1758473591.774378300,"2.81,0.69"
1758473591.874644518,"2.81,0.69"
1758473591.974665165,"2.81,0.69"
1758473592.076783419,"2.82,0.68"
1758473592.174603701,"2.81,0.69"
1758473593.574824095,"0.00,2.00"
1758473593.577500343,"2.83,0.67"
1758473594.173983335,"2.83,0.67"
1758473594.374040604,"0.67,2.83"
1758473594.675953627,"0.67,2.83"
1758473594.774448156,"0.67,2.83"
1758473594.874450922,"0.67,2.83"
1758473594.975044489,"0.67,2.83"
1758473595.074614286,"0.67,2.83"
1758473595.176247835,"0.67,2.83"
1758473595.275137424,"0.67,2.83"
1758473595.872846603,"0.67,2.83"
1758473595.975342751,"0.67,2.83"
1758473596.375256300,"0.67,2.83"
1758473596.577022314,"2.14,0.68"
1758473596.674879074,"0.67,2.83"
1758473596.871620655,"0.67,2.83"
1758473597.073443413,"0.67,2.83"
1758473597.174042225,"0.67,2.83"
1758473597.276186705,"0.67,2.83"
1758473597.373485088,"0.67,2.83"
1758473597.474025011,"0.67,2.83"
1758473597.674786568,"0.67,2.83"
1758473597.770009279,"0.67,2.83"
1758473598.074396610,"0.67,2.83"
1758473598.176352739,"0.67,2.83"
1758473598.376888752,"0.67,2.83"
1758473598.674624443,"0.67,2.83"
1758473598.775845528,"2.00,0.00"
1758473598.877344847,"2.00,0.00"
1758473599.175474644,"0.67,2.83"
1758473600.775777340,"2.00,0.00"
1758473601.373599291,"2.00,0.00"
1758473601.476562262,"2.00,0.00"
1758473604.674715042,"2.81,0.69"
1758473604.774549961,"2.81,0.69"
1758473604.874089718,"2.81,0.69"
1758473604.975519419,"2.82,0.68"
1758473605.074198961,"2.82,0.68"
1758473605.173340082,"2.82,0.68"
1758473605.274815559,"2.83,0.67"
1758473605.373552322,"2.83,0.67"
1758473605.466154337,"2.83,0.67"
1758473605.575549126,"2.83,0.67"
1758473605.674164534,"2.83,0.67"
1758473605.774840355,"2.83,0.67"
1758473605.874362230,"2.83,0.67"
1758473605.976239920,"2.83,0.67"
1758473606.073879242,"2.82,0.68"
1758473606.173603058,"2.83,0.67"
1758473606.276404619,"2.83,0.67"
1758473606.374261618,"2.83,0.67"
1758473606.475537062,"2.83,0.67"
1758473606.573886633,"2.83,0.67"
1758473606.672508955,"2.83,0.67"
1758473606.774567127,"2.82,0.68"
1758473606.873670816,"2.82,0.68"
1758473606.974601030,"2.83,0.67"
1758473607.072328806,"2.82,0.68"
1758473607.174504757,"2.83,0.67"
1758473607.273644209,"2.82,0.68"
1758473607.371645689,"2.83,0.67"
1758473607.474004030,"2.83,0.67"
1758473607.574644804,"2.82,0.68"
1758473607.672567368,"2.82,0.68"
1758473607.774412870,"2.82,0.68"
1758473607.871219635,"2.82,0.68"
1758473607.974174261,"2.82,0.68"
1758473608.071739435,"2.82,0.68"
1758473608.172484159,"2.82,0.68"
1758473608.272222281,"2.82,0.68"
1758473608.374137402,"2.82,0.68"
1758473608.474827528,"2.83,0.67"
1758473608.571928263,"2.83,0.67"
1758473608.673501968,"2.83,0.67"
1758473608.774324656,"2.83,0.67"
1758473608.874090672,"2.81,0.69"
1758473608.970612526,"2.82,0.68"
1758473609.074416161,"2.82,0.68"
1758473609.174588680,"2.82,0.68"
1758473609.275772333,"2.82,0.68"
1758473609.374744892,"2.82,0.68"
1758473609.470045090,"2.82,0.68"
1758473609.573563099,"2.83,0.67"
1758473609.673310995,"2.83,0.67"
1758473609.773643494,"2.83,0.67"
1758473609.873277187,"2.83,0.67"
1758473609.973801374,"2.83,0.67"
1758473610.073474646,"2.83,0.67"
1758473610.175385237,"2.83,0.67"
1758473610.272920132,"2.83,0.67"
1758473610.373996496,"2.82,0.68"
1758473610.471344709,"2.82,0.68"
1758473610.573362589,"2.82,0.68"
1758473610.672409296,"2.82,0.68"
1758473610.772380829,"2.82,0.68"
1758473610.870336533,"2.82,0.68"
1758473610.970238209,"2.82,0.68"
1758473611.073757887,"2.82,0.68"
1758473611.172948837,"2.82,0.68"
1758473611.273593426,"2.82,0.68"
1758473611.372672081,"2.82,0.68"
1758473611.473323345,"2.82,0.68"
1758473611.573312521,"2.82,0.68"
1758473611.670908928,"2.82,0.68"
1758473611.773024082,"2.82,0.68"
1758473611.871646166,"2.82,0.68"
1758473611.974287271,"2.82,0.68"
1758473612.070444822,"2.82,0.68"
1758473612.172942638,"2.82,0.68"
1758473612.273694515,"0.00,2.00"
1758473612.276322126,"2.82,0.68"
1758473612.372238874,"2.82,0.68"
1758473612.471251726,"2.82,0.68"
1758473612.573971272,"2.82,0.68"
1758473612.672120571,"2.82,0.68"
1758473612.773867607,"2.82,0.68"
1758473612.873963833,"2.82,0.68"
1758473612.972378254,"2.82,0.68"
1758473613.072413445,"2.82,0.68"
1758473613.172419071,"0.00,2.00"
1758473613.174994469,"2.82,0.68"
1758473613.273450851,"2.82,0.68"
1758473613.372647762,"2.83,0.67"
1758473613.472765446,"2.82,0.68"
1758473613.572827339,"2.82,0.68"
1758473613.672898054,"2.82,0.68"
1758473613.772037029,"2.82,0.68"
1758473613.872760057,"2.82,0.68"
1758473613.970422029,"2.82,0.68"
1758473614.071731806,"0.00,2.00"
1758473614.075873375,"2.82,0.68"
1758473614.173957586,"2.82,0.68"
1758473614.273754597,"2.82,0.68"
1758473614.373235941,"2.82,0.68"
1758473614.473145247,"2.83,0.67"
1758473614.573797226,"2.82,0.68"
1758473614.674002647,"2.82,0.68"
1758473614.774031401,"2.82,0.68"
1758473614.873197317,"0.00,2.00"
1758473614.876814842,"2.82,0.68"
1758473614.970570326,"0.00,2.00"
1758473614.975752115,"2.82,0.68"
1758473615.072791100,"2.82,0.68"
1758473615.173671246,"2.82,0.68"
1758473615.274101734,"2.82,0.68"
1758473615.373273134,"2.82,0.68"
1758473615.468719244,"2.82,0.68"
1758473615.574660301,"2.82,0.68"
1758473615.671348572,"0.00,2.00"
1758473615.676470995,"2.82,0.68"
1758473615.772063255,"0.00,2.00"
1758473615.776447058,"2.82,0.68"
1758473615.866710901,"2.82,0.68"
1758473615.971916914,"2.82,0.68"
1758473616.074683189,"2.83,0.67"
1758473616.173188448,"2.82,0.68"
1758473616.274835825,"2.82,0.68"
1758473616.373551607,"2.82,0.68"
1758473616.472394466,"2.82,0.68"
1758473616.574177980,"2.82,0.68"
1758473616.672480583,"2.82,0.68"
1758473616.773735285,"2.82,0.68"
1758473616.874228239,"2.82,0.68"
1758473616.970730782,"2.82,0.68"
1758473617.070768356,"0.00,2.00"
1758473617.075130939,"2.82,0.68"
1758473617.173155785,"0.00,2.00"
1758473617.177579880,"2.82,0.68"
1758473617.274679661,"2.82,0.68"
1758473617.373146057,"2.82,0.68"
1758473617.466727972,"2.82,0.68"
1758473617.573490381,"2.82,0.68"
1758473617.669963598,"2.82,0.68"
1758473617.771460772,"2.82,0.68"
1758473617.869562387,"2.82,0.68"
1758473617.971514940,"2.82,0.68"
1758473618.069978714,"2.82,0.68"
1758473618.168696404,"0.00,2.00"
1758473618.171832323,"2.82,0.68"
1758473618.269819498,"0.00,2.00"
1758473618.274214745,"2.82,0.68"
1758473618.370146990,"2.82,0.67"
1758473618.469961405,"2.82,0.68"
1758473618.573950291,"2.82,0.68"
1758473618.669089556,"2.82,0.68"
1758473618.770266771,"2.82,0.68"
1758473618.870910406,"2.82,0.68"
1758473618.969321728,"2.82,0.68"
1758473619.068822384,"2.83,0.67"
1758473619.170872927,"2.82,0.68"
1758473619.270387173,"2.82,0.68"
1758473619.369683027,"2.83,0.67"
1758473619.470610857,"2.82,0.68"
1758473619.568861961,"2.83,0.67"
1758473619.670850754,"2.83,0.67"
1758473619.769927740,"2.82,0.68"
1758473619.867959261,"2.83,0.67"
1758473619.969410658,"2.82,0.68"
1758473620.070086241,"2.83,0.67"
1758473620.168923616,"2.82,0.67"
1758473620.268233538,"2.82,0.68"
1758473620.371116877,"2.83,0.67"
1758473620.467018604,"0.00,2.00"
1758473620.469799757,"2.83,0.67"
1758473620.570779085,"0.00,2.00"
1758473620.574060202,"2.83,0.67"
1758473620.669468403,"2.83,0.67"
1758473620.771538973,"2.83,0.67"
1758473620.870593548,"2.83,0.67"
1758473620.969404936,"2.83,0.67"
1758473621.071398973,"2.83,0.67"
1758473621.170360088,"2.83,0.67"
1758473621.270034790,"2.83,0.67"
1758473621.371628523,"2.83,0.67"
1758473621.469855070,"2.83,0.67"
1758473621.570174932,"2.83,0.67"
1758473621.668588638,"2.83,0.67"
1758473621.768929720,"2.83,0.67"
1758473621.869314194,"2.83,0.67"
1758473621.967781544,"2.83,0.67"
1758473622.070972443,"2.83,0.67"
1758473622.171444893,"2.83,0.67"
1758473622.267301321,"2.83,0.67"
1758473622.369017601,"2.83,0.67"
1758473622.469763994,"2.83,0.67"
1758473622.571085930,"2.83,0.67"
1758473622.667855978,"2.83,0.67"
1758473622.767532110,"0.00,2.00"
1758473622.770932913,"2.83,0.67"
1758473622.867409945,"0.00,2.00"
1758473622.869983673,"2.83,0.67"
1758473622.969511747,"2.83,0.67"
1758473623.067495346,"2.83,0.67"
1758473623.168916225,"2.83,0.67"
1758473623.269387960,"2.83,0.67"
1758473623.368360519,"2.83,0.67"
1758473623.467710972,"2.83,0.67"
1758473623.568499088,"2.83,0.67"
1758473623.668696404,"2.83,0.67"
1758473623.771303177,"2.83,0.67"
1758473623.868456602,"2.83,0.67"
1758473623.968640566,"2.83,0.67"
1758473624.068891764,"2.83,0.67"
1758473624.170441151,"2.83,0.67"
1758473624.271645784,"2.83,0.67"
1758473624.369912624,"0.00,2.00"
1758473624.372774124,"2.83,0.67"
1758473624.467863321,"2.83,0.67"
1758473624.566370487,"2.83,0.67"
1758473624.670170069,"2.83,0.67"
1758473624.770478487,"2.83,0.67"
1758473624.870298147,"2.83,0.67"
1758473624.968040943,"2.83,0.67"
1758473625.068873644,"2.83,0.67"
1758473625.170733929,"2.83,0.67"
1758473625.268183708,"2.83,0.67"
1758473625.370144844,"2.83,0.67"
1758473625.468013763,"2.83,0.67"
1758473625.568361521,"2.83,0.67"
1758473625.669400930,"2.83,0.67"
1758473625.887446642,"2.83,0.67"
1758473625.908575058,"2.83,0.67"
1758473625.968499184,"2.83,0.67"
1758473626.068847656,"2.83,0.67"
1758473626.168956041,"0.00,2.00"
1758473626.171547413,"2.83,0.67"
1758473626.267761707,"0.00,2.00"
1758473626.270408869,"2.83,0.67"
1758473626.370826960,"2.83,0.67"
1758473626.468297005,"2.83,0.67"
1758473626.570523977,"2.83,0.67"
1758473626.669992208,"2.83,0.67"
1758473626.771498680,"2.83,0.67"
1758473626.870615244,"2.83,0.67"
1758473626.971286297,"2.83,0.67"
1758473627.070226192,"2.83,0.67"
1758473627.171926260,"2.83,0.67"
1758473627.269183397,"2.83,0.67"
1758473627.368889093,"2.83,0.67"
1758473627.470644236,"2.83,0.67"
1758473627.571902990,"2.83,0.67"
1758473627.672713757,"2.83,0.67"
1758473627.770629406,"2.83,0.67"
1758473627.868316174,"2.83,0.67"
1758473627.968958139,"2.83,0.67"
1758473628.069097281,"2.83,0.67"
1758473628.170571804,"2.83,0.67"
1758473628.269651413,"2.83,0.67"
1758473628.368649006,"2.83,0.67"
1758473628.469146967,"2.83,0.67"
1758473628.571816444,"2.83,0.67"
1758473628.671440125,"0.00,2.00"
1758473628.674164295,"2.83,0.67"
1758473628.770672798,"2.83,0.67"
1758473628.869571209,"2.83,0.67"
1758473628.970254898,"2.83,0.67"
1758473629.070847034,"2.83,0.67"
1758473629.169408321,"2.83,0.67"
1758473629.271817923,"2.83,0.67"
1758473629.370085716,"2.83,0.67"
1758473629.469600677,"2.83,0.67"
1758473629.572448254,"2.83,0.67"
1758473629.669641733,"2.83,0.67"
1758473629.770792246,"2.83,0.67"
1758473629.870978832,"2.83,0.67"
1758473629.971510887,"2.83,0.67"
1758473630.072059155,"2.83,0.67"
1758473630.170572042,"2.83,0.67"
1758473630.271630764,"2.83,0.67"
1758473630.369276047,"2.83,0.67"
1758473630.469304562,"2.83,0.67"
1758473630.571739674,"2.83,0.67"
1758473630.670575619,"2.83,0.67"
1758473630.772742033,"2.83,0.67"
1758473630.873195887,"2.83,0.67"
1758473630.972371340,"2.83,0.67"
1758473631.070376396,"2.83,0.67"
1758473631.171490192,"2.83,0.67"
1758473631.279167175,"1.69,1.92"
1758473631.376974106,"1.93,1.61"
1758473631.471674204,"0.67,2.83"
1758473631.577662230,"1.70,1.92"
1758473631.670885086,"0.67,2.83"
1758473631.772505045,"0.67,2.83"
1758473631.871118069,"2.83,0.67"
1758473631.972357750,"2.83,0.67"
1758473632.072185278,"2.83,0.67"
1758473632.172790766,"0.67,2.83"
1758473632.277584314,"1.93,1.34"
1758473632.370584726,"0.67,2.83"
1758473632.470877409,"2.83,0.67"
1758473632.571867943,"2.83,0.67"
1758473632.668677330,"0.67,2.83"
1758473632.771760702,"0.67,2.83"
1758473632.871210575,"0.67,2.83"
1758473632.973899364,"2.83,0.67"
1758473633.072680712,"0.67,2.83"
1758473633.170433044,"2.83,0.67"
1758473633.273374796,"0.67,2.83"
1758473633.373724937,"0.67,2.83"
1758473633.471909285,"2.83,0.67"
1758473633.572551966,"2.83,0.67"
1758473633.673116684,"2.10,0.68"
1758473633.778969526,"1.96,0.67"
1758473633.872179508,"2.83,0.67"
1758473633.973442316,"0.67,2.83"
1758473634.073910952,"0.67,2.83"
1758473634.174870968,"0.67,2.83"
1758473634.272149086,"0.67,2.83"
1758473634.373760223,"0.67,2.83"
1758473634.471530676,"0.67,2.83"
1758473634.572876692,"0.67,2.83"
1758473634.668802738,"0.67,2.83"
1758473634.773373604,"0.67,2.83"
1758473634.874639511,"2.83,0.67"
1758473634.980824947,"1.93,1.82"
1758473635.072420120,"0.67,2.83"
1758473635.173926115,"2.83,0.67"
1758473635.272659302,"0.67,2.83"
1758473635.375642538,"2.34,0.67"
1758473635.468119860,"2.83,0.67"
1758473635.574147940,"2.83,0.67"
1758473635.673740864,"2.83,0.67"
1758473635.775331259,"2.83,0.67"
1758473635.871852398,"2.83,0.67"
1758473635.973268986,"2.83,0.67"
1758473636.072388887,"2.83,0.67"
1758473636.174031019,"2.83,0.67"
1758473636.273404837,"2.83,0.67"
1758473636.372390509,"2.83,0.67"
1758473636.472221136,"2.83,0.67"
1758473636.572858334,"2.83,0.67"
1758473636.671351194,"2.83,0.67"
1758473636.773118019,"2.83,0.67"
1758473636.873113394,"2.83,0.67"
1758473636.973617315,"2.83,0.67"
1758473637.072700262,"2.83,0.67"
1758473637.174926281,"2.83,0.67"
1758473637.273402214,"2.83,0.67"
1758473637.372881889,"2.83,0.67"
1758473637.474465609,"2.83,0.67"
1758473637.573926687,"2.83,0.67"
1758473637.675251007,"2.83,0.67"
1758473637.775772333,"2.83,0.67"
1758473637.873650074,"2.83,0.67"
1758473637.974064350,"2.83,0.67"
1758473638.073499918,"2.83,0.67"
1758473638.176184177,"2.83,0.67"
1758473638.273847818,"2.83,0.67"
1758473638.373045444,"2.83,0.67"
1758473638.475170374,"2.83,0.67"
1758473638.574353933,"2.83,0.67"
1758473638.675807953,"2.83,0.67"
1758473638.774677992,"2.83,0.67"
1758473638.873947620,"2.83,0.67"
1758473638.974413157,"2.83,0.67"
1758473639.073670626,"2.83,0.67"
1758473639.176931858,"2.83,0.67"
1758473639.272144794,"2.83,0.67"
1758473639.373448849,"2.83,0.67"
1758473639.474135399,"2.83,0.67"
1758473639.574463844,"2.83,0.67"
1758473639.675457716,"2.83,0.67"
1758473639.777894735,"2.83,0.67"
1758473639.873731613,"2.83,0.67"
1758473639.974063158,"2.83,0.67"
1758473640.074729204,"2.83,0.67"
1758473640.175996065,"2.83,0.67"
1758473640.274444818,"2.83,0.67"
1758473640.372987032,"2.83,0.67"
1758473640.475059748,"2.83,0.67"
1758473640.574664354,"2.83,0.67"
1758473640.675268888,"2.83,0.67"
1758473640.769432068,"2.83,0.67"
1758473640.873533964,"2.83,0.67"
1758473640.974469900,"2.83,0.67"
1758473641.074947119,"2.83,0.67"
1758473641.174574852,"2.83,0.67"
1758473641.274471998,"2.83,0.67"
1758473641.373787165,"2.83,0.67"
1758473641.473737001,"2.83,0.67"
1758473641.575645447,"2.83,0.67"
1758473641.674508095,"2.83,0.67"
1758473641.775257826,"2.83,0.67"
1758473641.873700619,"2.83,0.67"
1758473641.974225044,"0.67,2.83"
1758473642.075168848,"0.67,2.83"
1758473642.174478769,"0.67,2.83"
1758473642.282549858,"2.10,0.69"
1758473642.383419991,"0.67,2.83"
